WeekEndingFriday,Ticker,ClosePrice,ClosePrice_t-1,ClosePrice_t-2,ClosePrice_t+1,AdjClosePrice,AdjClosePrice_t-1,AdjClosePrice_t-2,AdjClosePrice_t+1,AdjClosePrice_t+1_Up,WeeklyReturn_1W,WeeklyReturn_4W,Momentum_12W,Volatility_4W,Volatility_12W,Drawdown_12W
2020-11-27,DIS,147.1300048828125,141.07000732421875,138.36000061035156,154.13999938964844,143.7449188232422,137.82431030273438,135.17665100097656,150.59361267089844,1,0.04295765026868659,0.21344354083305594,0.11470582632111226,0.027309124576856744,0.03911346110536602,0.0
2020-12-04,DIS,154.13999938964844,147.1300048828125,141.07000732421875,175.72000122070312,150.59361267089844,143.7449188232422,137.82431030273438,171.67710876464844,1,0.04764477175069981,0.2093206115746895,0.16994323300075131,0.027306609984994037,0.040366048623235264,0.0
2020-12-11,DIS,175.72000122070312,154.13999938964844,147.1300048828125,172.88999938964844,171.67710876464844,150.59361267089844,143.7449188232422,168.91221618652344,0,0.14000259187502917,0.270020432474009,0.36608881750531563,0.05307472224975466,0.05237889936390518,0.0
2020-12-18,DIS,172.88999938964844,175.72000122070312,154.13999938964844,173.72999572753906,168.91221618652344,171.67710876464844,150.59361267089844,169.73287963867188,1,-0.016105190715410833,0.22556184620480768,0.39427420653471157,0.06447982463668445,0.05046523149779178,-0.016105190715410833
2020-12-25,DIS,173.72999572753906,172.88999938964844,175.72000122070312,181.17999267578125,169.73287963867188,168.91221618652344,171.67710876464844,177.011474609375,1,0.004858520423663304,0.18079220488750725,0.4176253238164094,0.06922049610583036,0.049462076852259465,-0.011324917689765512
2021-01-01,DIS,181.17999267578125,173.72999572753906,172.88999938964844,178.69000244140625,177.011474609375,169.73287963867188,168.91221618652344,174.5787811279297,0,0.042882645873904,0.17542485016419085,0.4496718200769123,0.06918015124265733,0.04945418351126965,0.0
2021-01-08,DIS,178.69000244140625,181.17999267578125,173.72999572753906,171.44000244140625,174.5787811279297,177.011474609375,169.73287963867188,167.49557495117188,0,-0.013743140024191747,0.016901917699809088,0.4091160284616635,0.027268658520250014,0.05103956402262408,-0.013743140024191747
2021-01-15,DIS,171.44000244140625,178.69000244140625,181.17999267578125,172.77999877929688,167.49557495117188,174.5787811279297,177.011474609375,168.80474853515625,1,-0.04057312195098506,-0.00838684890492003,0.3357225554365826,0.035056006093276054,0.054855180595973496,-0.05375865987898587
2021-01-22,DIS,172.77999877929688,171.44000244140625,178.69000244140625,168.1699981689453,168.80474853515625,167.49557495117188,174.5787811279297,164.30079650878906,0,0.007816168184538785,-0.005468186868044844,0.424989721019716,0.03526941282212358,0.04909942122539883,-0.0463626784214366
2021-01-29,DIS,168.1699981689453,172.77999877929688,171.44000244140625,181.16000366210938,164.30079650878906,168.80474853515625,167.49557495117188,176.991943359375,1,-0.026681429672158585,-0.0718070855498808,0.31939420399211804,0.020568255905070658,0.05128515874519597,-0.0718070855498808
2021-02-05,DIS,181.16000366210938,168.1699981689453,172.77999877929688,187.6699981689453,176.991943359375,164.30079650878906,168.80474853515625,183.35218811035156,1,0.07724336777580398,0.013822769387288547,0.30933812939407956,0.05261955561013725,0.050439130679673226,-0.00011033889211475856
2021-02-12,DIS,187.6699981689453,181.16000366210938,168.1699981689453,183.64999389648438,183.35218811035156,176.991943359375,164.30079650878906,179.42465209960938,0,0.0359352218539255,0.0946688481997342,0.330332709139731,0.043996659885223034,0.05053496950489239,0.0
2021-02-19,DIS,183.64999389648438,187.6699981689453,181.16000366210938,189.0399932861328,179.42465209960938,183.35218811035156,176.991943359375,184.6906280517578,1,-0.02142072069725387,0.06291235084682079,0.24821561393930902,0.04956439670730939,0.05187629795709715,-0.02142072069725387
2021-02-26,DIS,189.0399932861328,183.64999389648438,187.6699981689453,189.99000549316406,184.6906280517578,179.42465209960938,183.35218811035156,185.61878967285156,1,0.029349233176860112,0.12410062505009223,0.22641740759200513,0.04046138180606356,0.05124930835750584,0.0
2021-03-05,DIS,189.99000549316406,189.0399932861328,183.64999389648438,197.16000366210938,185.61878967285156,184.6906280517578,179.42465209960938,192.62384033203125,1,0.00502549388068374,0.048741463310338906,0.08120873544833351,0.026072216136784943,0.03402814075754553,0.0
2021-03-12,DIS,197.16000366210938,189.99000549316406,189.0399932861328,191.13999938964844,192.62384033203125,185.61878967285156,184.6906280517578,186.74232482910156,0,0.03773890925334622,0.050567447911227026,0.14037838518040613,0.026628698179994605,0.03424672724512716,0.0
2021-03-19,DIS,191.13999938964844,197.16000366210938,189.99000549316406,185.9199981689453,186.74232482910156,192.62384033203125,185.61878967285156,181.64242553710938,0,-0.03053368416283031,0.040784098750430875,0.10021302429228496,0.030610135096312645,0.03633443414590588,-0.03053368416283031
2021-03-26,DIS,185.9199981689453,191.13999938964844,197.16000366210938,188.97000122070312,181.64242553710938,186.74232482910156,192.62384033203125,184.62225341796875,1,-0.027309820077796476,-0.01650437029102636,0.026161868533968624,0.031993583622701785,0.03595938555744756,-0.05700963481982757
2021-04-02,DIS,188.97000122070312,185.9199981689453,191.13999938964844,187.88999938964844,184.62225341796875,181.64242553710938,186.74232482910156,183.56710815429688,0,0.016404911308842918,-0.005368725098569893,0.05752974230401642,0.03350649993205431,0.03575588159957588,-0.04153996151395345
2021-04-09,DIS,187.88999938964844,188.97000122070312,185.9199981689453,187.25999450683594,183.56710815429688,184.62225341796875,181.64242553710938,182.9515838623047,0,-0.005715157539991189,-0.047017711629687264,0.09595198683792194,0.021787207531840037,0.033004910440379814,-0.047017711629687264
2021-04-16,DIS,187.25999450683594,187.88999938964844,188.97000122070312,183.02000427246094,182.9515838623047,183.56710815429688,184.62225341796875,178.8091583251953,0,-0.00335312953492084,-0.020299313346698433,0.08380590860097836,0.017880359364986113,0.033172383651382004,-0.05021318468707825
2021-04-23,DIS,183.02000427246094,187.25999450683594,187.88999938964844,186.02000427246094,178.8091583251953,182.9515838623047,183.56710815429688,181.74012756347656,1,-0.022642195545172772,-0.015598047667202186,0.08830366087501074,0.01599095066228439,0.03281564552026276,-0.07171844348562029
2021-04-30,DIS,186.02000427246094,183.02000427246094,187.25999450683594,184.83999633789062,181.74012756347656,178.8091583251953,182.9515838623047,180.58726501464844,0,0.01639160580886334,-0.01561093422452875,0.026827120568197582,0.015985339812825728,0.02478856881081477,-0.0565024181315984
2021-05-07,DIS,184.83999633789062,186.02000427246094,183.02000427246094,173.6999969482422,180.58726501464844,181.74012756347656,178.8091583251953,169.70358276367188,0,-0.006343467258905,-0.0162329905918861,-0.015079847828371906,0.01601310531080744,0.022501775291664833,-0.062487464151036676
2021-05-14,DIS,173.6999969482422,184.83999633789062,186.02000427246094,172.39999389648438,169.70358276367188,180.58726501464844,181.74012756347656,168.43348693847656,0,-0.0602682711324839,-0.07241260676159922,-0.054179117652911724,0.03228326773637441,0.027858323624437218,-0.1189897238516846
2021-05-21,DIS,172.39999389648438,173.6999969482422,184.83999633789062,178.64999389648438,168.43348693847656,169.70358276367188,180.58726501464844,174.5396728515625,1,-0.00748420159734664,-0.058026509849393726,-0.08802363869121366,0.032479504054714704,0.025767972214020576,-0.1255833823677125
2021-05-28,DIS,178.64999389648438,172.39999389648438,173.6999969482422,177.17999267578125,174.5396728515625,168.43348693847656,169.70358276367188,173.103515625,0,0.03625280236177941,-0.03961950950760251,-0.059687474747657454,0.039516904688298354,0.02855629862082793,-0.09388332954683365
2021-06-04,DIS,177.17999267578125,178.64999389648438,172.39999389648438,177.3800048828125,173.103515625,174.5396728515625,168.43348693847656,173.29891967773438,1,-0.008228256665657185,-0.04144118019086995,-0.10133909008035302,0.03947856219556623,0.025229587288842642,-0.07303544719486177
2021-06-11,DIS,177.3800048828125,177.17999267578125,178.64999389648438,172.4199981689453,173.29891967773438,173.103515625,174.5396728515625,168.45301818847656,0,0.001128827753895445,0.02118598120034587,-0.07198906388077797,0.020991023163015123,0.024364495417369562,-0.061332442490555694
2021-06-18,DIS,172.4199981689453,177.3800048828125,177.17999267578125,178.35000610351562,168.45301818847656,173.29891967773438,173.103515625,174.24659729003906,1,-0.027962675695089256,0.00011595823582943865,-0.07261193143414746,0.026862619198922577,0.02441724593314852,-0.08758009898669394
2021-06-25,DIS,178.35000610351562,172.4199981689453,177.3800048828125,177.11000061035156,174.24659729003906,168.45301818847656,173.29891967773438,173.03512573242188,0,0.03439284830788991,-0.001679134358024581,-0.05619937973804334,0.02603616542819962,0.026389249181150688,-0.05077440592692395
2021-07-02,DIS,177.11000061035156,178.35000610351562,172.4199981689453,177.0399932861328,173.03512573242188,174.24659729003906,168.45301818847656,172.96673583984375,0,-0.006952626774115123,-0.0003950808990285104,-0.05737401720695179,0.025912034499326896,0.0263969060768712,-0.05420263613211607
2021-07-09,DIS,177.0399932861328,177.11000061035156,178.35000610351562,179.30999755859375,172.96673583984375,173.03512573242188,174.24659729003906,175.1845245361328,1,-0.00039523704963739803,-0.0019168257858060977,-0.054576450291766054,0.02590407907939175,0.026423293266318332,-0.04827437859351413
2021-07-16,DIS,179.30999755859375,177.0399932861328,177.11000061035156,176.13999938964844,175.1845245361328,172.96673583984375,173.03512573242188,172.0874481201172,0,0.01282205324347796,0.03996073457184712,-0.020270962757234612,0.01824301803613171,0.026172562534448288,-0.03607130200265796
2021-07-23,DIS,176.13999938964844,179.30999755859375,177.0399932861328,176.02000427246094,172.0874481201172,175.1845245361328,172.96673583984375,171.97021484375,0,-0.017678938389200205,-0.012391341945851009,-0.05311253806613503,0.012756778184966266,0.02591530524048891,-0.04706764285865772
2021-07-30,DIS,176.02000427246094,176.13999938964844,179.30999755859375,177.1300048828125,171.97021484375,172.0874481201172,175.1845245361328,173.05467224121094,1,-0.0006812424592719246,-0.006154304706424973,-0.04771682084115658,0.012500253484499587,0.025924800800695248,-0.01834813720500661
2021-08-06,DIS,177.1300048828125,176.02000427246094,176.13999938964844,181.0800018310547,173.05467224121094,171.97021484375,172.0874481201172,176.91378784179688,1,0.006306076889223355,0.0005084006525313267,0.019746722037128572,0.013128000259534882,0.018904357388284134,-0.012157765079772065
2021-08-13,DIS,181.0800018310547,177.1300048828125,176.02000427246094,175.1199951171875,176.91378784179688,173.05467224121094,171.97021484375,171.09091186523438,0,0.022299979252839552,0.009871096264027601,0.05034806948108783,0.016571261711512977,0.01952073472793723,0.0
2021-08-20,DIS,175.1199951171875,181.0800018310547,177.1300048828125,180.13999938964844,171.09091186523438,176.91378784179688,173.05467224121094,175.9954071044922,1,-0.03291363577478501,-0.00579087124464317,-0.019759180992971914,0.023199174591257917,0.019431558191976343,-0.03291363577478501
2021-08-27,DIS,180.13999938964844,175.1199951171875,181.0800018310547,181.0,175.9954071044922,171.09091186523438,176.91378784179688,176.8356170654297,1,0.028666018468128884,0.023406333849146144,0.0167061394972301,0.02765122257402989,0.021114156061871062,-0.005191120197629462
2021-09-03,DIS,181.0,180.13999938964844,175.1199951171875,184.1199951171875,176.8356170654297,175.9954071044922,171.09091186523438,179.8838348388672,1,0.004774044816059586,0.021848267806076294,0.020408075216349575,0.02765783434456555,0.021133194712714576,-0.0004418580220388879
2021-09-10,DIS,184.1199951171875,181.0,180.13999938964844,183.47000122070312,179.8838348388672,176.8356170654297,175.9954071044922,179.24879455566406,0,0.01723757817583582,0.016788103591599324,0.06785759479596298,0.026746237526723927,0.019275200494987564,0.0
2021-09-17,DIS,183.47000122070312,184.1199951171875,181.0,176.0,179.24879455566406,179.8838348388672,176.8356170654297,171.95065307617188,0,-0.003530279881858056,0.047681566492880245,0.028707575031142074,0.01412339277213006,0.017124231371080614,-0.003530279881858056
2021-09-24,DIS,176.0,183.47000122070312,184.1199951171875,176.00999450683594,171.95065307617188,179.24879455566406,179.8838348388672,171.96043395996094,1,-0.04071514956395328,-0.022982156721390257,-0.006267355553733145,0.02494344501718226,0.021124257804944625,-0.044101693572418776
2021-10-01,DIS,176.00999450683594,176.0,183.47000122070312,176.74000549316406,171.96043395996094,171.95065307617188,179.24879455566406,172.67364501953125,1,5.688192288944016e-05,-0.02756901118887667,-0.005817892527119062,0.02439764284921561,0.021124509536766582,-0.044047320238662424
2021-10-08,DIS,176.74000549316406,176.00999450683594,176.0,176.4600067138672,172.67364501953125,171.96043395996094,171.95065307617188,172.4000701904297,0,0.0041475300052824515,-0.04008247781572227,-0.014332770107691073,0.020708860823290338,0.020781039087592892,-0.04008247781572227
2021-10-15,DIS,176.4600067138672,176.74000549316406,176.00999450683594,169.4199981689453,172.4000701904297,172.67364501953125,171.96043395996094,165.5220489501953,0,-0.0015843461755302712,-0.038207924255287296,0.0018166465580586877,0.020933465590366348,0.02011561833861931,-0.04160331947081941
2021-10-22,DIS,169.4199981689453,176.4600067138672,176.74000549316406,169.07000732421875,165.5220489501953,172.4000701904297,172.67364501953125,165.18011474609375,0,-0.03989569860752984,-0.03738633154902171,-0.03749582972501031,0.02052651910498172,0.023239135666595186,-0.07983922458366866
2021-10-29,DIS,169.07000732421875,169.4199981689453,176.4600067138672,175.6300048828125,165.18011474609375,165.5220489501953,172.4000701904297,171.58917236328125,1,-0.00206579248064076,-0.03942953072243294,-0.045503293225977126,0.020228608208816362,0.02306166694331605,-0.0817400857945042
2021-11-05,DIS,175.6300048828125,169.07000732421875,169.4199981689453,159.6300048828125,171.58917236328125,165.18011474609375,165.5220489501953,155.95730590820312,0,0.03880041872497286,-0.006280475842896149,-0.030097232914808814,0.03213662066198076,0.025145813123672988,-0.04611121662497342
2021-11-12,DIS,159.6300048828125,175.6300048828125,169.07000732421875,154.0,155.95730590820312,171.58917236328125,165.18011474609375,150.4568328857422,0,-0.09110054113427979,-0.0953756240589938,-0.08845359342611814,0.05531546621985813,0.035197146931327424,-0.13301100097235807
2021-11-19,DIS,154.0,159.6300048828125,175.6300048828125,148.11000061035156,150.4568328857422,155.95730590820312,171.58917236328125,144.70236206054688,0,-0.035269094900232,-0.09101637008484698,-0.1451093221062707,0.05490703930834694,0.03411315323943775,-0.16358891825652122
2021-11-26,DIS,148.11000061035156,154.0,159.6300048828125,146.22000122070312,144.70236206054688,150.4568328857422,155.95730590820312,142.8558349609375,0,-0.038246656631176656,-0.12397226335036882,-0.18171257316897538,0.05339815337902619,0.034400290481398685,-0.19557884570247508
2021-12-03,DIS,146.22000122070312,148.11000061035156,154.0,152.7100067138672,142.8558349609375,144.70236206054688,150.4568328857422,149.19651794433594,1,-0.012760863563766489,-0.16745425720400797,-0.20584395430027325,0.033182325337365225,0.0328178406585202,-0.20303042865610488
2021-12-10,DIS,152.7100067138672,146.22000122070312,148.11000061035156,148.75999450683594,149.19651794433594,142.8558349609375,144.70236206054688,145.33737182617188,0,0.04438518724231488,-0.04335024848304703,-0.1676567850055788,0.03830090230479897,0.03740145071984865,-0.13596242247935286
2021-12-17,DIS,148.75999450683594,152.7100067138672,146.22000122070312,153.6300048828125,145.33737182617188,149.19651794433594,142.8558349609375,150.0953369140625,1,-0.025866194274077325,-0.03402611208397599,-0.1547727837835583,0.03651883137403567,0.03669499564369173,-0.15831178631960507
2021-12-24,DIS,153.6300048828125,148.75999450683594,152.7100067138672,154.88999938964844,150.0953369140625,145.33737182617188,149.19651794433594,151.3263397216797,1,0.03273738218949829,0.03726943207229105,-0.12715190664725518,0.034172135730024485,0.03892030189164722,-0.1307571175839538
2021-12-31,DIS,154.88999938964844,153.6300048828125,148.75999450683594,157.8300018310547,151.3263397216797,150.0953369140625,145.33737182617188,154.19869995117188,1,0.008201472696796719,0.05929407617867599,-0.12362804581693376,0.031060673323373925,0.039076847219875026,-0.12223736594464474
2022-01-07,DIS,157.8300018310547,154.88999938964844,153.6300048828125,151.94000244140625,154.19869995117188,151.3263397216797,150.0953369140625,148.4442138671875,0,0.01898123112456851,0.03352747152384761,-0.10557635051512992,0.025022860232468705,0.03993173352305179,-0.10134947428553953
2022-01-14,DIS,151.94000244140625,157.8300018310547,154.88999938964844,137.3800048828125,148.4442138671875,154.19869995117188,151.3263397216797,134.21922302246094,0,-0.03731864202361357,0.021376759480221663,-0.10317559014839428,0.030354912874916345,0.039754119456510466,-0.13488589155900954
2022-01-21,DIS,137.3800048828125,151.94000244140625,157.8300018310547,138.6300048828125,134.21922302246094,148.4442138671875,154.19869995117188,135.44046020507812,1,-0.09582718298103288,-0.10577353179660387,-0.18743716076977113,0.052268650793255544,0.04697683195955561,-0.2177873395280575
2022-01-28,DIS,138.6300048828125,137.3800048828125,151.94000244140625,142.02000427246094,135.44046020507812,134.21922302246094,148.4442138671875,138.75247192382812,1,0.009098824707194364,-0.10497762349779272,-0.21067012364667526,0.052468726633589716,0.04454012112151727,-0.13155424546254513
2022-02-04,DIS,142.02000427246094,138.6300048828125,137.3800048828125,149.47000122070312,138.75247192382812,135.44046020507812,134.21922302246094,146.03103637695312,1,0.024453636038559656,-0.10017093550227663,-0.11031758906185396,0.054088166962298574,0.039660449205569964,-0.10017093550227663
2022-02-11,DIS,149.47000122070312,142.02000427246094,138.6300048828125,151.36000061035156,146.03103637695312,138.75247192382812,135.44046020507812,147.87757873535156,1,0.05245718762488605,-0.016256460439700526,-0.029415722927984556,0.06478497372512365,0.04236179477346957,-0.052968433435593765
2022-02-18,DIS,151.36000061035156,149.47000122070312,142.02000427246094,149.52999877929688,147.87757873535156,146.03103637695312,138.75247192382812,146.08966064453125,0,0.012644862381390842,0.10176154656032366,0.02194308807119616,0.019657397943986726,0.040885792285132,-0.04099334960555401
2022-02-25,DIS,149.52999877929688,151.36000061035156,149.47000122070312,140.72000122070312,146.08966064453125,147.87757873535156,146.03103637695312,137.4823760986328,0,-0.012090528571745529,0.07862643425257532,0.022636987032962352,0.026805457275367473,0.040863350590818796,-0.05258824691264197
2022-03-04,DIS,140.72000122070312,149.52999877929688,151.36000061035156,131.75,137.4823760986328,146.08966064453125,147.87757873535156,128.71873474121094,0,-0.05891782147979574,-0.009153680706262102,-0.07851484744485515,0.04662051963163114,0.042134429060127564,-0.10840768344890328
2022-03-11,DIS,131.75,140.72000122070312,149.52999877929688,140.3000030517578,128.71873474121094,137.4823760986328,146.08966064453125,137.07203674316406,1,-0.06374374378818304,-0.11855220688192314,-0.11434524290722248,0.03702748525191504,0.04507773612858618,-0.16524111563864907
2022-03-18,DIS,140.3000030517578,131.75,140.72000122070312,139.13999938964844,137.07203674316406,128.71873474121094,137.4823760986328,135.938720703125,0,0.06489577464187657,-0.07307086094184423,-0.08676685391202366,0.05964405719098407,0.048609309008572445,-0.1110687911988304
2022-03-25,DIS,139.13999938964844,140.3000030517578,131.75,137.0,135.938720703125,137.07203674316406,128.71873474121094,133.8479461669922,0,-0.008268032393525915,-0.06948431460940796,-0.10168500108345768,0.059789296813731185,0.048390640780934316,-0.11841850322881464
2022-04-01,DIS,137.0,139.13999938964844,140.3000030517578,131.8699951171875,133.8479461669922,135.938720703125,137.07203674316406,128.8359832763672,0,-0.015380272267670025,-0.02643560603748374,-0.13197746667529553,0.05308207164189331,0.04767296880971454,-0.09832830340732945
2022-04-08,DIS,131.8699951171875,137.0,139.13999938964844,130.47000122070312,128.8359832763672,133.8479461669922,135.938720703125,127.46820831298828,0,-0.03744519833253135,0.0009108894318452521,-0.13209157891707202,0.044403090214527166,0.047679414488065806,-0.1287659401907173
2022-04-15,DIS,130.47000122070312,131.8699951171875,137.0,118.2699966430664,127.46820831298828,128.8359832763672,133.8479461669922,115.54888916015625,0,-0.010616404894002951,-0.0700640966484708,-0.05029841894065279,0.013343991699230355,0.039486416300461985,-0.13801531372709863
2022-04-22,DIS,118.2699966430664,130.47000122070312,131.8699951171875,111.62999725341797,115.54888916015625,127.46820831298828,128.8359832763672,109.06165313720703,0,-0.09350817204212258,-0.1499928161564641,-0.14686579634182362,0.0380212773295386,0.04690488187828776,-0.21861792606878017
2022-04-29,DIS,111.62999725341797,118.2699966430664,130.47000122070312,110.29000091552734,109.06165313720703,115.54888916015625,127.46820831298828,107.75248718261719,0,-0.05614278138111395,-0.1851824681632479,-0.21398407087781945,0.03482373379682101,0.04696105666220397,-0.2624868890206221
2022-05-06,DIS,110.29000091552734,111.62999725341797,118.2699966430664,107.33000183105469,107.75248718261719,109.06165313720703,115.54888916015625,104.86060333251953,0,-0.012003907119790491,-0.16364602153517627,-0.2621261215699838,0.039720879291466726,0.04142413180528489,-0.2713399279044463
2022-05-13,DIS,107.33000183105469,110.29000091552734,111.62999725341797,102.41999816894531,104.86060333251953,107.75248718261719,109.06165313720703,100.06356811523438,0,-0.026838209731498197,-0.17735877266712285,-0.29089585974231535,0.035952580075334035,0.039765097593784084,-0.2822174897943751
2022-05-20,DIS,102.41999816894531,107.33000183105469,110.29000091552734,109.31999969482422,100.06356811523438,104.86060333251953,107.75248718261719,106.80480194091797,1,-0.045746782536368324,-0.13401531730398974,-0.31505373019716043,0.019645286189219013,0.03976597244473171,-0.27217167061873715
2022-05-27,DIS,109.31999969482422,102.41999816894531,107.33000183105469,108.66999816894531,106.80480194091797,100.06356811523438,104.86060333251953,106.16976928710938,0,0.06736951272735259,-0.020693352167051704,-0.2231382307191585,0.049738234206841564,0.04747095134003477,-0.22081261445730693
2022-06-03,DIS,108.66999816894531,109.31999969482422,102.41999816894531,99.4000015258789,106.16976928710938,106.80480194091797,100.06356811523438,97.11304473876953,0,-0.005945731299233925,-0.01468845812185704,-0.17518013597194115,0.049517395673887334,0.04549650596309467,-0.2254454532834963
2022-06-10,DIS,99.4000015258789,108.66999816894531,109.31999969482422,94.33999633789062,97.11304473876953,106.16976928710938,106.80480194091797,92.16946411132812,0,-0.08530417471143048,-0.07388436026046896,-0.29151818966013376,0.06514493430875364,0.042058238758109934,-0.28561160325428114
2022-06-17,DIS,94.33999633789062,99.4000015258789,108.66999816894531,97.77999877929688,92.16946411132812,97.11304473876953,106.16976928710938,95.53031921386719,1,-0.0509054230638063,-0.07889089058682486,-0.3219778468224962,0.06593920863095733,0.04208811811108829,-0.31138678813692744
2022-06-24,DIS,97.77999877929688,94.33999633789062,99.4000015258789,96.13999938964844,95.53031921386719,92.16946411132812,97.11304473876953,93.92804718017578,0,0.03646386723567807,-0.10556157141031519,-0.28627728740281844,0.053042305061029554,0.046292508108811886,-0.25851212693472236
2022-07-01,DIS,96.13999938964844,97.77999877929688,94.33999633789062,95.86000061035156,93.92804718017578,95.53031921386719,92.16946411132812,93.65448760986328,0,-0.016772392753177545,-0.11530327502011373,-0.27094865276349145,0.05191330217788127,0.04624167096482919,-0.2631256968047848
2022-07-08,DIS,95.86000061035156,96.13999938964844,97.77999877929688,95.19999694824219,93.65448760986328,93.92804718017578,95.53031921386719,93.00967407226562,0,-0.0029124375362318267,-0.03561372355495229,-0.26527179718489524,0.03614608602506749,0.04651214574638341,-0.18948171383929346
2022-07-15,DIS,95.19999694824219,95.86000061035156,96.13999938964844,102.72000122070312,93.00967407226562,93.65448760986328,93.92804718017578,100.3566665649414,1,-0.006885025523643451,0.009115925421055326,-0.19506215292688966,0.02339757662525412,0.04122524058396946,-0.14718261279926614
2022-07-22,DIS,102.72000122070312,95.19999694824219,95.86000061035156,106.0999984741211,100.3566665649414,93.00967407226562,93.65448760986328,103.65888214111328,1,0.07899170237890951,0.05052162905756963,-0.0798171155659465,0.044309049387625775,0.047569816719221655,-0.06863712208462958
2022-07-29,DIS,106.0999984741211,102.72000122070312,95.19999694824219,106.62999725341797,103.65888214111328,100.3566665649414,93.00967407226562,104.17669677734375,1,0.03290479535841295,0.10359882115159391,-0.037990817182401826,0.03988419591201627,0.04879448817039606,-0.02945485355185562
2022-08-05,DIS,106.62999725341797,106.0999984741211,102.72000122070312,121.56999969482422,104.17669677734375,103.65888214111328,100.3566665649414,118.77296447753906,1,0.0049953716028459105,0.11235136122160916,-0.0065220543601782754,0.03816366288583364,0.04819077406228202,-0.02460661988800872
2022-08-12,DIS,121.56999969482422,106.62999725341797,106.0999984741211,120.13999938964844,118.77296447753906,104.17669677734375,103.65888214111328,117.3758773803711,0,0.1401106787959674,0.27699581427686937,0.18697510707152398,0.05906435251852515,0.060311167196959545,0.0
2022-08-19,DIS,120.13999938964844,121.56999969482422,106.62999725341797,114.06999969482422,117.3758773803711,118.77296447753906,104.17669677734375,111.44552612304688,0,-0.0117626692514875,0.16958724714532503,0.09897565696812771,0.0682334911602442,0.05848339322533905,-0.0117626692514875
2022-08-26,DIS,114.06999969482422,120.13999938964844,121.56999969482422,111.19999694824219,111.44552612304688,117.3758773803711,118.77296447753906,108.64155578613281,0,-0.05052444667234457,0.07511796211860977,0.04969170481731533,0.08293027628212939,0.06091316432646602,-0.061692813568510974
2022-09-02,DIS,111.19999694824219,114.06999969482422,120.13999938964844,115.18000030517578,108.64155578613281,111.44552612304688,117.3758773803711,112.52999114990234,1,-0.025160008072627305,0.04285851967769516,0.11871228091318264,0.08614279988739182,0.05492448361237347,-0.08530062995373144
2022-09-09,DIS,115.18000030517578,111.19999694824219,114.06999969482422,108.25,112.52999114990234,108.64155578613281,111.44552612304688,105.75942993164062,0,0.03579141826194143,-0.05256224221647099,0.22090317259500925,0.03623098923642394,0.05168927817228711,-0.05256224221647099
2022-09-16,DIS,108.25,115.18000030517578,111.19999694824219,99.5,105.75942993164062,112.52999114990234,108.64155578613281,97.21075439453125,0,-0.06016672665727474,-0.09896792857263104,0.10707711229220496,0.043142466649038556,0.05589630842968508,-0.10956647081381388
2022-09-23,DIS,99.5,108.25,115.18000030517578,94.33000183105469,97.21075439453125,105.75942993164062,112.52999114990234,92.15969848632812,0,-0.0808313314721435,-0.1277285165561427,0.03494916920883573,0.05105201611376997,0.06145592668502771,-0.181541398565373
2022-09-30,DIS,94.33000183105469,99.5,108.25,97.16000366210938,92.15969848632812,97.21075439453125,105.75942993164062,94.9245834350586,1,-0.05195984682624044,-0.15170859051623098,-0.015960678037789333,0.051508136291614964,0.06359098446795304,-0.22406838212953528
2022-10-07,DIS,97.16000366210938,94.33000183105469,99.5,94.44999694824219,94.9245834350586,92.15969848632812,97.21075439453125,92.27692413330078,0,0.03000101990503623,-0.15645080511373544,0.020588281615793402,0.048699382013221514,0.06409324601162357,-0.20078964221685647
2022-10-14,DIS,94.44999694824219,97.16000366210938,94.33000183105469,102.04000091552734,92.27692413330078,94.9245834350586,92.15969848632812,99.69231414794922,1,-0.027892240407556557,-0.12748277677985298,-0.08051027109805575,0.04705350061710451,0.05994603147441361,-0.22308140965235312
2022-10-21,DIS,102.04000091552734,94.44999694824219,97.16000366210938,105.94999694824219,99.69231414794922,92.27692413330078,94.9245834350586,103.51233673095703,1,0.0803601776315861,0.025527625712547408,-0.03826558719555051,0.05945003686181715,0.06412080657176354,-0.16064809372673483
2022-10-28,DIS,105.94999694824219,102.04000091552734,94.44999694824219,99.58000183105469,103.51233673095703,99.69231414794922,92.27692413330078,97.28890991210938,0,0.038318125280336846,0.123184411744935,-0.00637724238662174,0.0445596802989392,0.06513739061241744,-0.12848570222786637
2022-11-04,DIS,99.58000183105469,105.94999694824219,102.04000091552734,95.01000213623047,97.28890991210938,103.51233673095703,99.69231414794922,92.82405853271484,0,-0.06012256138148253,0.02490742009595759,-0.18088337409051114,0.06346566988203003,0.05032415088538073,-0.17113369387789457
2022-11-11,DIS,95.01000213623047,99.58000183105469,105.94999694824219,91.80000305175781,92.82405853271484,97.28890991210938,103.51233673095703,89.68790435791016,0,-0.04589270640844956,0.005929265681024365,-0.2091726119166124,0.06734689215278544,0.05106329886614957,-0.17511716135245248
2022-11-18,DIS,91.80000305175781,95.01000213623047,99.58000183105469,98.87000274658203,89.68790435791016,92.82405853271484,97.28890991210938,96.5952377319336,1,-0.033786005744398495,-0.10035286948191346,-0.19523100228459733,0.043802315208357326,0.05032248369831005,-0.20298665767745427
2022-11-25,DIS,98.87000274658203,91.80000305175781,95.01000213623047,99.43000030517578,96.5952377319336,89.68790435791016,92.82405853271484,97.1423568725586,1,0.0770152165275142,-0.0668239092795474,-0.11088131025952075,0.06273802252458738,0.056979169916924394,-0.1416045025431656
2022-12-02,DIS,99.43000030517578,98.87000274658203,91.80000305175781,93.37999725341797,97.1423568725586,96.5952377319336,89.68790435791016,91.23155212402344,0,0.005664038450253095,-0.00150636942775062,-0.13674251744004606,0.055403997387936624,0.055506239388611406,-0.08147805887996773
2022-12-09,DIS,93.37999725341797,99.43000030517578,98.87000274658203,90.08000183105469,91.23155212402344,97.1423568725586,96.5952377319336,88.00747680664062,0,-0.060846832821747965,-0.017156181639376822,-0.13736720987440576,0.05992087593038288,0.05556157662512699,-0.1186407822948975
2022-12-16,DIS,90.08000183105469,93.37999725341797,99.43000030517578,88.01000213623047,88.00747680664062,91.23155212402344,97.1423568725586,85.985107421875,0,-0.035339476774437495,-0.018736389965848588,-0.09467345094904822,0.06019144584949579,0.05177411068302514,-0.14978755589892334
2022-12-23,DIS,88.01000213623047,90.08000183105469,93.37999725341797,86.87999725341797,85.985107421875,88.00747680664062,91.23155212402344,84.88109588623047,0,-0.022979517856294485,-0.10984113253598804,-0.06699882015531033,0.027632657182676327,0.05013838711373561,-0.16932502793978788
2022-12-30,DIS,86.87999725341797,88.01000213623047,90.08000183105469,93.91999816894531,84.88109588623047,85.985107421875,88.00747680664062,91.75912475585938,1,-0.012839566859268348,-0.12621951310501678,-0.10580491570657502,0.020718529302053,0.04896010054445483,-0.17999053478187577
2023-01-06,DIS,93.91999816894531,86.87999725341797,88.01000213623047,99.4000015258789,91.75912475585938,84.88109588623047,85.985107421875,97.11304473876953,1,0.08103133916706029,0.005782786980525589,-0.005611363645946943,0.05317738030771597,0.05473298259304538,-0.11354406968558628
2023-01-13,DIS,99.4000015258789,93.91999816894531,86.87999725341797,103.4800033569336,97.11304473876953,91.75912475585938,84.88109588623047,101.09917449951172,1,0.05834754850980928,0.10346357221596714,-0.025872299496949247,0.051582519212768546,0.052134280830376446,-0.061821539289757754
2023-01-20,DIS,103.4800033569336,99.4000015258789,93.91999816894531,109.54000091552734,101.09917449951172,97.11304473876953,91.75912475585938,107.01974487304688,1,0.041046285506388225,0.17577540496032018,-0.023312798335501372,0.039995551892564526,0.052326693633243965,0.0
2023-01-27,DIS,109.54000091552734,103.4800033569336,99.4000015258789,110.70999908447266,107.01974487304688,101.09917449951172,97.11304473876953,108.16282653808594,1,0.05856200510879295,0.2608195471049257,0.10001998141132762,0.016392096607276065,0.05128529736583535,0.0
2023-02-03,DIS,110.70999908447266,109.54000091552734,103.4800033569336,108.05999755859375,108.16282653808594,107.01974487304688,101.09917449951172,105.57379913330078,0,0.010681035227612101,0.17876916138717958,0.16524560817350076,0.022533146540288842,0.048275919732811874,0.0
2023-02-10,DIS,108.05999755859375,110.70999908447266,109.54000091552734,105.22000122070312,105.57379913330078,108.16282653808594,107.01974487304688,102.79914093017578,0,-0.02393638819963273,0.08712273842603091,0.17712416060025316,0.036226756823791326,0.0474688047544288,-0.02393638819963273
2023-02-17,DIS,105.22000122070312,108.05999755859375,110.70999908447266,100.30000305175781,102.79914093017578,105.57379913330078,108.16282653808594,97.99234008789062,0,-0.02628169324115759,0.016814839874605303,0.06422576665175739,0.0396517497315341,0.04440862416565239,-0.04958899262882621
2023-02-24,DIS,100.30000305175781,105.22000122070312,108.05999755859375,101.13999938964844,97.99234008789062,102.79914093017578,105.57379913330078,98.8130111694336,1,-0.046759153809953324,-0.0843527032872774,0.008749872277106885,0.023821716448191407,0.04695982036705569,-0.0940294071051676
2023-03-03,DIS,101.13999938964844,100.30000305175781,105.22000122070312,93.56999969482422,98.8130111694336,97.99234008789062,102.79914093017578,91.41717529296875,0,0.008374849307679622,-0.08644203991248434,0.08310128315150944,0.022786245463101307,0.04262662540595571,-0.08644203991248434
2023-03-10,DIS,93.56999969482422,101.13999938964844,100.30000305175781,93.19999694824219,91.41717529296875,98.8130111694336,97.99234008789062,91.05569458007812,0,-0.07484678170350745,-0.1340922080719804,0.03874328193523269,0.035039838230655256,0.047484364197247275,-0.15481891312465623
2023-03-17,DIS,93.19999694824219,93.56999969482422,101.13999938964844,94.08000183105469,91.05569458007812,91.41717529296875,98.8130111694336,91.91545104980469,1,-0.003954188167947348,-0.11423681408071451,0.05897052769062583,0.038475688293075544,0.04680716184016814,-0.1581609181781516
2023-03-24,DIS,94.08000183105469,93.19999694824219,93.56999969482422,100.12999725341797,91.91545104980469,91.05569458007812,91.41717529296875,97.82625579833984,1,0.009442094464179318,-0.062013918971987936,0.08287304835228149,0.04019620514595793,0.046441675928301146,-0.1502121940439517
2023-03-31,DIS,100.12999725341797,94.08000183105469,93.19999694824219,99.97000122070312,97.82625579833984,91.91545104980469,91.05569458007812,97.66992950439453,0,0.06430697647702743,-0.009986087453622616,0.06612019304481254,0.05725916603836487,0.044237731617892115,-0.09556490959587127
2023-04-07,DIS,99.97000122070312,100.12999725341797,94.08000183105469,99.9000015258789,97.66992950439453,97.82625579833984,91.91545104980469,97.6015396118164,0,-0.0015979993578366658,0.0683980246752025,0.005734397136069713,0.03204177403852887,0.04109252613519522,-0.0970101962895421
2023-04-14,DIS,99.9000015258789,99.97000122070312,100.12999725341797,99.56999969482422,97.6015396118164,97.66992950439453,97.82625579833984,97.27914428710938,0,-0.0007002144152775669,0.07188836526837528,-0.03459607761398886,0.03136493810052161,0.03913802918538762,-0.09764248276694887
2023-04-21,DIS,99.56999969482422,99.9000015258789,99.97000122070312,102.5,97.27914428710938,97.6015396118164,97.66992950439453,100.1417236328125,1,-0.003303178679242902,0.05835464196763129,-0.091016854856946,0.03310466088161181,0.0341609849528068,-0.1006231308789276
2023-04-28,DIS,102.5,99.56999969482422,99.9000015258789,100.5199966430664,100.1417236328125,97.27914428710938,97.6015396118164,98.207275390625,0,0.029426444554801146,0.023669185900826006,-0.0741576673058657,0.015683986034357333,0.03546570482250468,-0.051452875098579876
2023-05-05,DIS,100.5199966430664,102.5,99.56999969482422,91.98999786376953,98.207275390625,100.1417236328125,97.27914428710938,89.87352752685547,0,-0.019317105518180444,0.005501651214013581,-0.06977605999926717,0.02034000041289494,0.03527574534089146,-0.04466832599962789
2023-05-12,DIS,91.98999786376953,100.5199966430664,102.5,91.3499984741211,89.87352752685547,98.207275390625,100.1417236328125,89.24825286865234,0,-0.08485876255727065,-0.07917920266111589,-0.12573658968706525,0.048055296618693545,0.041861099796051945,-0.10253664240499005
2023-05-19,DIS,91.3499984741211,91.98999786376953,100.5199966430664,88.29000091552734,89.24825286865234,89.87352752685547,98.207275390625,86.25865936279297,0,-0.006957272907934797,-0.082555119880112,-0.08923235440030919,0.047677679520875,0.040257124920785946,-0.10878053990865
2023-05-26,DIS,88.29000091552734,91.3499984741211,91.98999786376953,90.7699966430664,86.25865936279297,89.24825286865234,89.87352752685547,88.68160247802734,1,-0.03349750174111743,-0.1386341653247778,-0.1270516064439512,0.03423030194548715,0.04061652673275165,-0.1386341653247778
2023-06-02,DIS,90.7699966430664,88.29000091552734,91.3499984741211,91.93000030517578,88.68160247802734,86.25865936279297,89.24825286865234,89.81491088867188,1,0.028089273971251716,-0.09699559299154525,-0.029924057554552408,0.04760029349977552,0.036444126049294714,-0.11443902440510945
2023-06-09,DIS,91.93000030517578,90.7699966430664,88.29000091552734,91.31999969482422,89.81491088867188,88.68160247802734,86.25865936279297,89.21894836425781,0,0.01277952110670677,-0.0006522125012404789,-0.013626645726314779,0.026600544405027716,0.03667819531892466,-0.10312197922621869
2023-06-16,DIS,91.31999969482422,91.93000030517578,90.7699966430664,88.0999984741211,89.21894836425781,89.81491088867188,88.68160247802734,86.07303619384766,0,-0.0066354519368478915,-0.0003283482135797433,-0.02933677259643508,0.02657254191585549,0.03657488583030014,-0.10907317022627838
2023-06-23,DIS,88.0999984741211,91.31999969482422,91.93000030517578,89.27999877929688,86.07303619384766,89.21894836425781,89.81491088867188,87.22587585449219,1,-0.03526058340842819,-0.0021519366324093125,-0.12014381526285145,0.027321527720926303,0.031082356626525077,-0.14048777001832125
2023-06-30,DIS,89.27999877929688,88.0999984741211,91.31999969482422,88.63999938964844,87.22587585449219,86.07303619384766,89.21894836425781,86.6006088256836,0,0.013393737593364152,-0.016415204313609988,-0.10693213052265416,0.02286368958841973,0.03175154309330597,-0.12897568875165932
2023-07-07,DIS,88.63999938964844,89.27999877929688,88.0999984741211,88.62000274658203,86.6006088256836,87.22587585449219,86.07303619384766,86.5810775756836,0,-0.0071683662982260365,-0.035788067161503956,-0.11271267676602259,0.020000138152605495,0.0316543788906356,-0.13521951006934751
2023-07-14,DIS,88.62000274658203,88.63999938964844,89.27999877929688,87.18000030517578,86.5810775756836,86.6006088256836,87.22587585449219,85.1741943359375,0,-0.00022553247909973262,-0.029566261841649122,-0.10997287023672353,0.020494629343497224,0.03172104011265094,-0.13541454615711868
2023-07-21,DIS,87.18000030517578,88.62000274658203,88.63999938964844,86.12999725341797,85.1741943359375,86.5810775756836,86.6006088256836,84.14835357666016,0,-0.016249315429416877,-0.010442780894656112,-0.14946346791229714,0.012498077935122602,0.029315811105068073,-0.1327099341962974
2023-07-28,DIS,86.12999725341797,87.18000030517578,88.62000274658203,86.30000305175781,84.14835357666016,85.1741943359375,86.5810775756836,84.31444549560547,1,-0.012044032435825636,-0.03528221697613987,-0.1431556038801065,0.006883323235489576,0.029248266787321314,-0.0637025618971565
2023-08-04,DIS,86.30000305175781,86.12999725341797,87.18000030517578,89.0199966430664,84.31444549560547,84.14835357666016,85.1741943359375,86.97186279296875,1,0.001973798795647186,-0.026398929073118804,-0.06185449914146157,0.00888604481228863,0.018428444748420213,-0.061242229587962216
2023-08-11,DIS,89.0199966430664,86.30000305175781,86.12999725341797,85.95999908447266,86.97186279296875,84.31444549560547,84.14835357666016,83.98226928710938,0,0.03151793600423769,0.004513517597924954,-0.025506270459252356,0.021599531894713607,0.021220924245268648,-0.031654522256634676
2023-08-18,DIS,85.95999908447266,89.0199966430664,86.30000305175781,83.36000061035156,83.98226928710938,86.97186279296875,84.31444549560547,81.44208526611328,0,-0.03437426093742435,-0.013993969160741693,-0.026390278871705974,0.027581096937483642,0.021340610867809348,-0.06494068238615991
2023-08-25,DIS,83.36000061035156,85.95999908447266,89.0199966430664,81.63999938964844,81.44208526611328,83.98226928710938,86.97186279296875,79.76165771484375,0,-0.030246670428873412,-0.03216068045920151,-0.08163493903606223,0.030830019672187157,0.020486318712235115,-0.09322311339747302
2023-09-01,DIS,81.63999938964844,83.36000061035156,85.95999908447266,81.58000183105469,79.76165771484375,81.44208526611328,83.98226928710938,79.70304107666016,0,-0.020633405269262273,-0.053997719536671984,-0.11193300838754283,0.030515943383731727,0.01983184216757899,-0.10600092046369347
2023-09-08,DIS,81.58000183105469,81.63999938964844,83.36000061035156,85.58000183105469,79.70304107666016,79.76165771484375,81.44208526611328,83.61101531982422,1,-0.0007348974414894682,-0.08357670495814928,-0.10665791809993852,0.014991011529054531,0.019986271199066014,-0.08624544843070903
2023-09-15,DIS,85.58000183105469,81.58000183105469,81.63999938964844,81.25,83.61101531982422,79.70304107666016,79.76165771484375,79.3806381225586,0,0.04903168298691751,-0.004420623191497164,-0.02860385764106943,0.03532504375469953,0.02432496428453049,-0.04144252493031064
2023-09-22,DIS,81.25,85.58000183105469,81.58000183105469,81.05000305175781,79.3806381225586,83.61101531982422,79.70304107666016,79.18523406982422,0,-0.05059593142223928,-0.025311816818281097,-0.08994163320321147,0.04186827050305842,0.027424862480516905,-0.08728368493705385
2023-09-29,DIS,81.05000305175781,81.25,85.58000183105469,82.94000244140625,79.18523406982422,79.3806381225586,83.61101531982422,81.03174591064453,1,-0.0024616084898774204,-0.007226826291403143,-0.08562728202968661,0.04068164044580579,0.02746334131226395,-0.08953043516706238
2023-10-06,DIS,82.94000244140625,81.05000305175781,81.25,84.3499984741211,81.03174591064453,79.18523406982422,79.3806381225586,82.40930938720703,1,0.023318890984044938,0.016670691808439164,-0.0640940471107927,0.04250815261138256,0.028806285357013652,-0.06829929464043227
2023-10-13,DIS,84.3499984741211,82.94000244140625,81.05000305175781,82.6500015258789,82.40930938720703,81.03174591064453,79.18523406982422,80.74842834472656,0,0.01700029366369038,-0.014372579115568551,-0.03246153333514867,0.03345754538968479,0.029234880943533326,-0.05246010904265208
2023-10-20,DIS,82.6500015258789,84.3499984741211,82.94000244140625,79.33000183105469,80.74842834472656,82.40930938720703,81.03174591064453,77.50480651855469,0,-0.0201540463672214,0.017230778871494934,-0.04040394241149614,0.01972031119552489,0.02957106159250444,-0.07155687193979843
2023-10-27,DIS,79.33000183105469,82.6500015258789,84.3499984741211,85.06999969482422,77.50480651855469,80.74842834472656,82.40930938720703,83.11273956298828,1,-0.04016947317320396,-0.0212214760871674,-0.08076479584279195,0.03029031455618343,0.031370563632354645,-0.10885194326525827
2023-11-03,DIS,85.06999969482422,79.33000183105469,82.6500015258789,88.2699966430664,83.11273956298828,77.50480651855469,80.74842834472656,86.2391128540039,1,0.0723559388938162,0.02568121455310246,-0.04437208892681621,0.04944168090305716,0.03749250264098974,-0.010353729799184697
2023-11-10,DIS,88.2699966430664,85.06999969482422,79.33000183105469,94.1500015258789,86.2391128540039,83.11273956298828,77.50480651855469,91.98383331298828,1,0.0376160538980459,0.04647294699197424,0.026872857640689363,0.05181337935321839,0.0377984610737603,0.0
2023-11-17,DIS,94.1500015258789,88.2699966430664,85.06999969482422,96.05999755859375,91.98383331298828,86.2391128540039,83.11273956298828,93.84988403320312,1,0.06661386311695638,0.13914085015123967,0.12943858218302817,0.05179763626774323,0.040342311669535856,0.0
2023-11-24,DIS,96.05999755859375,94.1500015258789,88.2699966430664,92.58000183105469,93.84988403320312,91.98383331298828,86.2391128540039,90.44995880126953,0,0.02028672488420158,0.21089114661211905,0.17662905614031055,0.024560158135567053,0.03914320825190754,0.0
2023-12-01,DIS,92.58000183105469,96.05999755859375,94.1500015258789,92.81999969482422,90.44995880126953,93.84988403320312,91.98383331298828,90.97998046875,1,-0.036227271530039795,0.0882803199228035,0.13483698462989313,0.043311228140894935,0.04164687219183288,-0.036227271530039795
2023-12-08,DIS,92.81999969482422,92.58000183105469,96.05999755859375,93.45999908447266,90.97998046875,90.44995880126953,93.84988403320312,91.60729217529297,1,0.005859833155314131,0.05497352022593294,0.08813390341856775,0.042413486696804684,0.03992832647885709,-0.03057972414156407
2023-12-15,DIS,93.45999908447266,92.81999969482422,92.58000183105469,91.0199966430664,91.60729217529297,90.97998046875,90.44995880126953,89.21566772460938,0,0.006895052112683597,-0.0040935577930751865,0.15402564582382428,0.024517399859961243,0.03548851963444691,-0.023895520820428007
2023-12-22,DIS,91.0199966430664,93.45999908447266,92.81999969482422,90.29000091552734,89.21566772460938,91.60729217529297,90.97998046875,88.50013732910156,0,-0.026107358856401475,-0.04937903073970995,0.1266705058412847,0.022070727187162287,0.03702278426156042,-0.04937903073970995
2023-12-29,DIS,90.29000091552734,91.0199966430664,93.45999908447266,90.9000015258789,88.50013732910156,89.21566772460938,91.60729217529297,89.0980453491211,1,-0.008020232474373334,-0.021556908350306547,0.09216624095317649,0.015422921929530558,0.037149712063022956,-0.057003231908191565
2024-01-05,DIS,90.9000015258789,90.29000091552734,91.0199966430664,90.3499984741211,89.0980453491211,88.50013732910156,89.21566772460938,88.55894470214844,0,0.006756012341496254,-0.020685156338050792,0.08116481028237321,0.015644825806668507,0.03704152769708761,-0.05063233410497214
2024-01-12,DIS,90.3499984741211,90.9000015258789,90.29000091552734,93.05999755859375,88.55894470214844,89.0980453491211,88.50013732910156,91.21522521972656,1,-0.006050645049060832,-0.03327625345929275,0.09672654338332953,0.013526653426363394,0.036313303574332774,-0.056376620872358285
2024-01-19,DIS,93.05999755859375,90.3499984741211,90.9000015258789,95.36000061035156,91.21522521972656,88.55894470214844,89.0980453491211,93.46963500976562,1,0.029994491539076407,0.02241262713281955,0.1768976572812886,0.01748958067892645,0.03332197016572006,-0.028073117411039572
2024-01-26,DIS,95.36000061035156,93.05999755859375,90.3499984741211,97.12999725341797,93.46963500976562,91.21522521972656,88.55894470214844,95.20454406738281,1,0.024715279544708313,0.05615242903165463,0.1246126105484493,0.01658371875882149,0.02820351008867105,-0.004051672810836626
2024-02-02,DIS,97.12999725341797,95.36000061035156,93.05999755859375,108.38999938964844,95.20454406738281,93.46963500976562,91.21522521972656,106.2413330078125,1,0.018561205009904214,0.06853684269204852,0.10396015121997704,0.015937377201125508,0.027031317996053034,0.0
2024-02-09,DIS,108.38999938964844,97.12999725341797,95.36000061035156,111.5999984741211,106.2413330078125,95.20454406738281,93.46963500976562,109.38770294189453,1,0.11592712352698409,0.19966801055653383,0.15500006013351308,0.045989675077864264,0.03812400166365981,0.0
2024-02-16,DIS,111.5999984741211,108.38999938964844,97.12999725341797,107.73999786376953,109.38770294189453,106.2413330078125,95.20454406738281,105.60421752929688,0,0.029615309268104406,0.19922636465998567,0.16556034212247184,0.04603760057243266,0.03838661723763016,0.0
2024-02-23,DIS,107.73999786376953,111.5999984741211,108.38999938964844,111.94999694824219,105.60421752929688,109.38770294189453,106.2413330078125,109.73076629638672,1,-0.03458784955569827,0.1298237927029826,0.1675430141579528,0.06235227162163482,0.03819601855187028,-0.03458784955569827
2024-03-01,DIS,111.94999694824219,107.73999786376953,111.5999984741211,110.31999969482422,109.73076629638672,105.60421752929688,109.38770294189453,108.1330795288086,0,0.03907560572516955,0.1525790850773121,0.20609793199589976,0.061676906569037196,0.03878081384259693,0.0
2024-03-08,DIS,110.31999969482422,111.94999694824219,107.73999786376953,111.94999694824219,108.1330795288086,109.73076629638672,105.60421752929688,109.73076629638672,1,-0.014560062063748935,0.017806125614566515,0.18039816439386835,0.03519849430872886,0.03974143131979721,-0.014560062063748935
2024-03-15,DIS,111.94999694824219,110.31999969482422,111.94999694824219,115.87000274658203,109.73076629638672,108.1330795288086,109.73076629638672,113.57305908203125,1,0.014775189743416739,0.003136214997351283,0.22994950433037475,0.03239338749295437,0.03762982945435821,0.0
2024-03-22,DIS,115.87000274658203,111.94999694824219,110.31999969482422,122.36000061035156,113.57305908203125,109.73076629638672,108.1330795288086,119.93440246582031,1,0.03501563795942486,0.07545950094771214,0.28330941069268767,0.024514895454380972,0.03696772409104061,0.0
2024-03-29,DIS,122.36000061035156,115.87000274658203,111.94999694824219,118.37999725341797,119.93440246582031,113.57305908203125,109.73076629638672,116.03328704833984,0,0.056011024403194165,0.09298792411485768,0.34609465332118416,0.030068617821713058,0.037892234708766265,0.0
2024-04-05,DIS,118.37999725341797,122.36000061035156,115.87000274658203,114.01000213623047,116.03328704833984,119.93440246582031,113.57305908203125,111.74992370605469,0,-0.03252707594547144,0.0730600437345954,0.31023791485542485,0.03784771438529216,0.040584721075973496,-0.03252707594547144
2024-04-12,DIS,114.01000213623047,118.37999725341797,122.36000061035156,112.61000061035156,111.74992370605469,116.03328704833984,119.93440246582031,110.377685546875,0,-0.036914953038438836,0.018401014390204473,0.22512358476189132,0.047143681387399855,0.04405905935770915,-0.06824129350290542
2024-04-19,DIS,112.61000061035156,114.01000213623047,118.37999725341797,112.7300033569336,110.377685546875,111.74992370605469,116.03328704833984,110.49530029296875,1,-0.012279544483530969,-0.02813496053538811,0.18089351194473835,0.042986387037117414,0.044828362262766895,-0.07968286598725371
2024-04-26,DIS,112.7300033569336,112.61000061035156,114.01000213623047,113.66000366210938,110.49530029296875,110.377685546875,111.74992370605469,111.40687561035156,1,0.0010655663371723634,-0.07870220702972675,0.1606095210619738,0.01776043543183406,0.04498067707447882,-0.07870220702972675
2024-05-03,DIS,113.66000366210938,112.7300033569336,112.61000061035156,105.79000091552734,111.40687561035156,110.49530029296875,110.377685546875,103.69287109375,0,0.008249901262459503,-0.03987141582967402,0.048620837637261216,0.019875554634824818,0.031335552826081886,-0.07110159120440007
2024-05-10,DIS,105.79000091552734,113.66000366210938,112.7300033569336,103.25,103.69287109375,111.40687561035156,110.49530029296875,101.2032241821289,0,-0.06924172744581303,-0.07209895403148403,-0.05206098761548694,0.03517091975926203,0.036651021359189205,-0.13542012165107442
2024-05-17,DIS,103.25,105.79000091552734,113.66000366210938,101.76000213623047,101.2032241821289,103.69287109375,111.40687561035156,99.74275970458984,0,-0.024009817505874387,-0.08311880539341354,-0.041674408940599705,0.035017939157391535,0.035964695637277964,-0.1561785267494833
2024-05-24,DIS,101.76000213623047,103.25,105.79000091552734,103.91000366210938,99.74275970458984,101.2032241821289,103.69287109375,101.85013580322266,1,-0.014431007404573926,-0.0973121984362183,-0.09102284554195961,0.03253454561954831,0.0335148103450939,-0.1683557206781
2024-05-31,DIS,103.91000366210938,101.76000213623047,103.25,101.54000091552734,101.85013580322266,99.74275970458984,101.2032241821289,99.52713012695312,0,0.02112811100148293,-0.0857823159905664,-0.05810380831623363,0.03720493415300383,0.034393968680572956,-0.15078464803083858
2024-06-07,DIS,101.54000091552734,103.91000366210938,101.76000213623047,99.97000122070312,99.52713012695312,101.85013580322266,99.74275970458984,97.98825073242188,0,-0.022808076375643194,-0.04017384148839487,-0.09298792411485768,0.02120464792255876,0.03419677012713141,-0.17015361663791995
2024-06-14,DIS,99.97000122070312,101.54000091552734,103.91000366210938,102.2699966430664,97.98825073242188,99.52713012695312,101.85013580322266,100.24264526367188,1,-0.01546190865313124,-0.03176750025198061,-0.13722275754105395,0.01970379240890051,0.03147993375329849,-0.18298462561359574
2024-06-21,DIS,102.2699966430664,99.97000122070312,101.54000091552734,99.29000091552734,100.24264526367188,97.98825073242188,99.52713012695312,97.32173156738281,0,0.02300678412359969,0.005011747825732549,-0.1641877292694256,0.023988808951581297,0.025981366335662347,-0.13608717107263824
2024-06-28,DIS,99.29000091552734,102.2699966430664,99.97000122070312,97.98999786376953,97.32173156738281,100.24264526367188,97.98825073242188,96.04750061035156,0,-0.02913843393304394,-0.044461445241357866,-0.1612602379622473,0.02341483234233235,0.02578551937421002,-0.12911142719545454
2024-07-05,DIS,97.98999786376953,99.29000091552734,102.2699966430664,97.12999725341797,96.04750061035156,97.32173156738281,100.24264526367188,95.64376831054688,0,-0.013092974575252048,-0.034961618125259664,-0.14051394913706194,0.022271567499543565,0.02477813639821557,-0.13786738848794045
2024-07-12,DIS,97.12999725341797,97.98999786376953,99.29000091552734,95.73999786376953,95.64376831054688,96.04750061035156,97.32173156738281,94.27503967285156,0,-0.004203464923491995,-0.023926158537895703,-0.13348637601275803,0.02183450408728802,0.02488673386258927,-0.14149133267982994
2024-07-19,DIS,95.73999786376953,97.12999725341797,97.98999786376953,89.93000030517578,94.27503967285156,95.64376831054688,96.04750061035156,88.55393981933594,0,-0.014310693334992575,-0.05953160528758494,-0.14679593228952337,0.010334947281520719,0.024570395076213215,-0.15377718694328202
2024-07-26,DIS,89.93000030517578,95.73999786376953,97.12999725341797,89.56999969482422,88.55393981933594,94.27503967285156,95.64376831054688,88.19944763183594,0,-0.06068520229075158,-0.09009079068816506,-0.20513038953667784,0.025476237560428418,0.02711330157548731,-0.14599780211242075
2024-08-02,DIS,89.56999969482422,89.93000030517578,95.73999786376953,86.20999908447266,88.19944763183594,88.55393981933594,94.27503967285156,84.89086151123047,0,-0.004003121580171576,-0.0817101218526638,-0.14941647674029845,0.027021723128023596,0.022117003029342826,-0.13402719656417772
2024-08-09,DIS,86.20999908447266,89.56999969482422,89.93000030517578,89.30000305175781,84.89086151123047,88.19944763183594,88.55393981933594,87.93358612060547,1,-0.03751254922158065,-0.11242663258940888,-0.16118421920572545,0.025278250034615115,0.023042869961211396,-0.1665120439776142
2024-08-16,DIS,89.30000305175781,86.20999908447266,89.56999969482422,90.55999755859375,87.93358612060547,84.89086151123047,88.19944763183594,89.17430114746094,1,0.03584278160461918,-0.06726545620401625,-0.11839629882870539,0.04199113408500415,0.027209022229503166,-0.13663751719982342
2024-08-23,DIS,90.55999755859375,89.30000305175781,86.20999908447266,90.37999725341797,89.17430114746094,87.93358612060547,84.89086151123047,88.99705505371094,0,0.01410968301865645,0.00700546276530023,-0.1244557462373127,0.03103336702665807,0.026543966009323718,-0.11041552312488834
2024-08-30,DIS,90.37999725341797,90.55999755859375,89.30000305175781,87.94000244140625,88.99705505371094,89.17430114746094,87.93358612060547,86.59439086914062,0,-0.0019876364767569266,0.009043224683270124,-0.10580105203285184,0.030917188650907722,0.026359547822479623,-0.11218369368028203
2024-09-06,DIS,87.94000244140625,90.37999725341797,90.55999755859375,90.55000305175781,86.59439086914062,88.99705505371094,89.17430114746094,89.16445922851562,1,-0.02699712010830324,0.020067287898648534,-0.11627781675983428,0.02649951034676746,0.026824713695602524,-0.1361521771361056
2024-09-13,DIS,90.55000305175781,87.94000244140625,90.37999725341797,93.75,89.16445922851562,86.59439086914062,88.99705505371094,92.31549072265625,1,0.029679386084703996,0.01399775856089791,-0.11051370408289696,0.024207109072012203,0.027626354671064602,-0.08381758326216504
2024-09-20,DIS,93.75,90.55000305175781,87.94000244140625,96.01000213623047,92.31549072265625,89.16445922851562,86.59439086914062,94.54090118408203,1,0.035339545839278674,0.0352252783007625,-0.05144011274871718,0.029085673468268562,0.029627322103742235,-0.03885587718555472
2024-09-27,DIS,96.01000213623047,93.75,90.55000305175781,95.1500015258789,94.54090118408203,92.31549072265625,89.16445922851562,93.6940689086914,0,0.024106576740317465,0.062292467172372135,-0.0156859826304232,0.028721286116915254,0.030520385287427364,-0.011530987809722504
2024-10-04,DIS,95.1500015258789,96.01000213623047,93.75,94.12999725341797,93.6940689086914,94.54090118408203,92.31549072265625,92.6896743774414,0,-0.008957311224924158,0.08198773579087404,-0.020385012388104196,0.019869364650458486,0.030598125916722917,-0.008957311224924158
2024-10-11,DIS,94.12999725341797,95.1500015258789,96.01000213623047,97.27999877929688,92.6896743774414,93.6940689086914,94.54090118408203,95.79147338867188,1,-0.010719937163032434,0.03953610193374435,-0.016816384282749786,0.02330786834815795,0.030476439129628607,-0.019581226574475696
2024-10-18,DIS,97.27999877929688,94.12999725341797,95.1500015258789,95.02999877929688,95.79147338867188,92.6896743774414,93.6940689086914,93.57589721679688,0,0.0334643425178045,0.03765329782472304,0.08173022661782925,0.022635938729088586,0.025406443425907317,0.0
2024-10-25,DIS,95.02999877929688,97.27999877929688,94.12999725341797,95.80999755859375,93.57589721679688,95.79147338867188,92.6896743774414,94.34396362304688,1,-0.023129158509602954,-0.010207264318394693,0.06095786004696335,0.02468570523570213,0.02671629020330751,-0.023129158509602954
2024-11-01,DIS,95.80999755859375,95.02999877929688,97.27999877929688,99.0199966430664,94.34396362304688,93.57589721679688,95.79147338867188,97.50485229492188,1,0.008207951289748605,0.006936348500232281,0.1113559450750281,0.024642829270743075,0.023071943715558887,-0.015111050226273903
2024-11-08,DIS,99.0199966430664,95.80999755859375,95.02999877929688,115.08000183105469,97.50485229492188,94.34396362304688,93.57589721679688,113.31910705566406,1,0.0335038782608752,0.05194945337570811,0.10884653517017862,0.026879221288990524,0.022833953154352948,0.0
2024-11-15,DIS,115.08000183105469,99.0199966430664,95.80999755859375,115.6500015258789,113.31910705566406,97.50485229492188,94.34396362304688,113.8803939819336,1,0.16218941302437928,0.18297697119527734,0.27075968746059087,0.08136462662835006,0.04989345360970319,0.0
2024-11-22,DIS,115.6500015258789,115.08000183105469,99.0199966430664,117.47000122070312,113.8803939819336,113.31910705566406,97.50485229492188,115.67253875732422,1,0.004953153451816572,0.21698425950536393,0.2795973295206815,0.074419486839296,0.04963947830984947,0.0
2024-11-29,DIS,117.47000122070312,115.6500015258789,115.08000183105469,116.7300033569336,115.67253875732422,113.8803939819336,113.31910705566406,114.9438705444336,0,0.015737079164609646,0.2260724938322083,0.33579712954070895,0.0730174581668324,0.04729787772864219,0.0
2024-12-06,DIS,116.7300033569336,117.47000122070312,115.6500015258789,113.33999633789062,114.9438705444336,115.67253875732422,113.8803939819336,111.6057357788086,0,-0.006299405379347145,0.17885282464470698,0.2891220508594019,0.07920886373459703,0.048132486669849504,-0.006299405379347145
2024-12-13,DIS,113.33999633789062,116.7300033569336,117.47000122070312,112.02999877929688,111.6057357788086,114.9438705444336,115.67253875732422,110.8045883178711,0,-0.02904143343889387,-0.015119879792326985,0.20896000124297776,0.01916260845630812,0.050102753880847936,-0.03515789505621203
2024-12-20,DIS,112.02999877929688,113.33999633789062,116.7300033569336,111.55000305175781,110.8045883178711,111.6057357788086,114.9438705444336,110.32984924316406,0,-0.007178371750761081,-0.027009088715924667,0.17202805272737764,0.018284341254233765,0.05051170187808879,-0.04208389036628535
2024-12-27,DIS,111.55000305175781,112.02999877929688,113.33999633789062,111.16000366210938,110.32984924316406,110.8045883178711,111.6057357788086,109.9441146850586,0,-0.004284471265261325,-0.04618805441254192,0.1775542521339839,0.011623638572943781,0.050333011499511617,-0.04618805441254192
2025-01-03,DIS,111.16000366210938,111.55000305175781,112.02999877929688,108.6500015258789,109.9441146850586,110.32984924316406,110.8045883178711,107.4615707397461,0,-0.003496194010519482,-0.04349736819974459,0.18615277724847124,0.012131276292637733,0.05004262240383321,-0.04952276602386674
2025-01-10,DIS,108.6500015258789,111.16000366210938,111.55000305175781,107.0199966430664,107.4615707397461,109.9441146850586,110.32984924316406,105.84939575195312,0,-0.022580053079001905,-0.03713218689114528,0.12182814334343783,0.008938159078480504,0.05081132905350015,-0.07098459241743083
2025-01-17,DIS,107.0199966430664,108.6500015258789,111.16000366210938,112.16000366210938,105.84939575195312,107.4615707397461,109.9441146850586,110.93317413330078,1,-0.01500233968938891,-0.044720102670322115,0.13116089613034632,0.009147992512179426,0.050371483868264524,-0.08492199713866055
2025-01-24,DIS,112.16000366210938,107.0199966430664,108.6500015258789,113.05999755859375,110.93317413330078,105.84939575195312,107.4615707397461,111.82332611083984,1,0.04802841192651641,0.005468374100711548,0.17583754034901933,0.03184234968587752,0.051442876638684056,-0.04097225387234227
2025-01-31,DIS,113.05999755859375,112.16000366210938,107.0199966430664,110.86000061035156,111.82332611083984,110.93317413330078,105.84939575195312,109.64739990234375,0,0.008024218043823694,0.017092424011638574,0.14684883345711897,0.03173199229500228,0.05112150846780884,-0.03327680612733719
2025-02-07,DIS,110.86000061035156,113.05999755859375,112.16000366210938,110.37999725341797,109.64739990234375,111.82332611083984,110.93317413330078,109.17264556884766,0,-0.019458607467455424,0.020340565911616704,-0.03240148328663328,0.03086677737442333,0.020547171443629584,-0.05208789328659014
2025-02-14,DIS,110.37999725341797,110.86000061035156,113.05999755859375,108.66000366210938,109.17264556884766,109.64739990234375,111.82332611083984,107.4714584350586,0,-0.0043298275555911925,0.031396020669614444,-0.04133941101251193,0.028915144069803004,0.02041332274594272,-0.056192189246516366
2025-02-21,DIS,108.66000366210938,110.37999725341797,110.86000061035156,113.80000305175781,107.4714584350586,109.17264556884766,109.64739990234375,112.55523681640625,1,-0.01558254015852567,-0.03120541465876092,-0.07089911235951274,0.012368422810761623,0.019746073543202014,-0.06500922645097817
2025-02-28,DIS,113.80000305175781,108.66000366210938,110.37999725341797,105.51000213623047,112.55523681640625,107.4714584350586,109.17264556884766,104.35591125488281,0,0.04730352091034118,0.0065452417757716486,-0.020780870843425947,0.030887387604576617,0.025015588364344473,0.0
2025-03-07,DIS,105.51000213623047,113.80000305175781,108.66000366210938,98.63999938964844,104.35591125488281,112.55523681640625,107.4714584350586,97.5610580444336,0,-0.07284712638380131,-0.04825913475534982,-0.0649592467030029,0.049292759788628834,0.03170672980218497,-0.07284712638380131
2025-03-14,DIS,98.63999938964844,105.51000213623047,113.80000305175781,99.45999908447266,97.5610580444336,104.35591125488281,112.55523681640625,98.3720932006836,1,-0.06511229817976683,-0.10635986206903303,-0.11952149702903159,0.05539284583484827,0.03614865948519021,-0.13321618074892694
2025-03-21,DIS,99.45999908447266,98.63999938964844,105.51000213623047,98.06999969482422,98.3720932006836,97.5610580444336,104.35591125488281,96.9972915649414,0,0.008313103327360682,-0.08466773752654932,-0.10838187602455518,0.05818923664131959,0.03650911168755295,-0.12601051729700863
2025-03-28,DIS,98.06999969482422,99.45999908447266,98.63999938964844,83.52999877929688,96.9972915649414,98.3720932006836,97.5610580444336,82.6163330078125,0,-0.013975524877136936,-0.1382249790548803,-0.11775821886604965,0.03938667079482574,0.03649356273020653,-0.1382249790548803
2025-04-04,DIS,83.52999877929688,98.06999969482422,99.45999908447266,84.88999938964844,82.6163330078125,96.9972915649414,98.3720932006836,83.96145629882812,1,-0.14826144447033962,-0.2083214835235615,-0.23120114065803665,0.06950127089091206,0.05422971756808557,-0.26599298846866093
2025-04-11,DIS,84.88999938964844,83.52999877929688,98.06999969482422,84.80999755859375,83.96145629882812,82.6163330078125,96.9972915649414,83.88233184814453,0,0.01628156615095011,-0.13939580010921582,-0.20678379217598064,0.07697319363900629,0.05524690563446795,-0.25404220475515227
2025-04-18,DIS,84.80999755859375,84.88999938964844,83.52999877929688,90.27999877929688,83.88233184814453,83.96145629882812,82.6163330078125,89.2925033569336,1,-0.0009423901653394795,-0.14729544610766065,-0.2438480868910422,0.07538348246118685,0.051647026821965,-0.25474518804514923
2025-04-25,DIS,90.27999877929688,84.80999755859375,84.88999938964844,92.48999786376953,89.2925033569336,83.88233184814453,83.96145629882812,91.47832489013672,1,0.06449715201746309,-0.07943302419789033,-0.20148589330613886,0.0917184403295526,0.05690820871060028,-0.20667837514675136
2025-05-02,DIS,92.48999786376953,90.27999877929688,84.80999755859375,105.94000244140625,91.47832489013672,89.2925033569336,83.88233184814453,104.78121185302734,1,0.02447933982168271,0.10726682678455601,-0.16570456780907816,0.027716773222421477,0.058136545038467644,-0.18725838550407925
2025-05-09,DIS,105.94000244140625,92.48999786376953,90.27999877929688,113.41999816894531,104.78121185302734,91.47832489013672,89.2925033569336,112.17938995361328,1,0.14542119107304452,0.24796801380027755,-0.04022467068502922,0.06398434230579737,0.0741227460161667,-0.06906853188945317
2025-05-16,DIS,113.41999816894531,105.94000244140625,92.48999786376953,109.72000122070312,112.17938995361328,104.78121185302734,91.47832489013672,108.51986694335938,0,0.07060596045561196,0.3373422922564435,0.04380634251278481,0.050447462917782564,0.07669840771233244,-0.0033392214651551955
2025-05-23,DIS,109.72000122070312,113.41999816894531,105.94000244140625,113.04000091552734,108.51986694335938,112.17938995361328,104.78121185302734,111.80354309082031,1,-0.0326220619649219,0.2153300989845388,-0.035852351140526206,0.07525950100526808,0.0762844984784484,-0.0326220619649219
2025-05-30,DIS,113.04000091552734,109.72000122070312,113.41999816894531,113.9000015258789,111.80354309082031,108.51986694335938,112.17938995361328,112.65414428710938,1,0.030258755746307875,0.2221861651390502,0.07136760866135439,0.07460843561097687,0.07311702241268939,-0.003350409223551565
2025-06-06,DIS,113.9000015258789,113.04000091552734,109.72000122070312,117.94000244140625,112.65414428710938,111.80354309082031,108.51986694335938,116.64995574951172,1,0.0076079985729800015,0.07513687134221247,0.1547040032694369,0.043145274509030815,0.06940361126322822,0.0
2025-06-13,DIS,117.94000244140625,113.9000015258789,113.04000091552734,117.62999725341797,116.64995574951172,112.65414428710938,111.80354309082031,116.34333801269531,0,0.035469724506704825,0.039851935348792944,0.18580333053948994,0.03099117234494183,0.0696328313484443,0.0
2025-06-20,DIS,117.62999725341797,117.94000244140625,113.9000015258789,122.33999633789062,116.34333801269531,116.64995574951172,112.65414428710938,121.517822265625,1,-0.0026285285309051165,0.07209252360601681,0.19944934683873505,0.018152877656975472,0.06925637838482317,-0.0026285285309051165
2025-06-27,DIS,122.33999633789062,117.62999725341797,117.94000244140625,124.0,121.517822265625,116.34333801269531,116.64995574951172,123.16666412353516,1,0.044475982392434554,0.08688704227301258,0.47086923180352036,0.022345273558807263,0.045637640578784604,0.0
2025-07-04,DIS,124.0,122.33999633789062,117.62999725341797,119.87000274658203,123.16666412353516,121.517822265625,116.34333801269531,119.06442260742188,0,0.01356872454730107,0.09331676080760665,0.46694292301423834,0.02130862092549216,0.04573770440326782,0.0
2025-07-11,DIS,119.87000274658203,124.0,122.33999633789062,121.41999816894531,119.06442260742188,123.16666412353516,121.517822265625,120.60400390625,1,-0.03330642707022391,0.020698394974918433,0.4194219448139431,0.03243578407649412,0.04879558010437634,-0.03330642707022391
2025-07-18,DIS,121.41999816894531,119.87000274658203,124.0,121.47000122070312,120.60400390625,119.06442260742188,123.16666412353516,120.65367126464844,1,0.012930657749077756,0.036621485736379356,0.35066214264542794,0.0320624706590759,0.04780460940591427,-0.020806443330435798
2025-07-25,DIS,121.47000122070312,121.41999816894531,119.87000274658203,116.58999633789062,120.65367126464844,120.60400390625,119.06442260742188,115.80646514892578,0,0.0004118218035036314,-0.007111310792647485,0.3189317951498414,0.02198920309179183,0.04839172798475896,-0.020403190073948974
2025-08-01,DIS,116.58999633789062,121.47000122070312,121.41999816894531,112.43000030517578,115.80646514892578,120.65367126464844,120.60400390625,111.67442321777344,0,-0.040174543094428694,-0.05975804432948806,0.10522166236598918,0.02573275468333003,0.03356657276846465,-0.05975804432948806
2025-08-08,DIS,112.43000030517578,116.58999633789062,121.47000122070312,115.38999938964844,111.67442321777344,115.80646514892578,120.65367126464844,114.61453247070312,1,-0.0356805807502939,-0.06206723408901649,-0.004501421660865201,0.026315468128377976,0.029586062354894072,-0.09330642335360395
2025-08-15,DIS,115.38999938964844,112.43000030517578,116.58999633789062,118.86000061035156,114.61453247070312,111.67442321777344,115.80646514892578,118.06121063232422,1,0.0263275078412204,-0.04966229346915141,0.05616174898670656,0.031502987751839025,0.028548167169658488,-0.06943544110486188
2025-08-22,DIS,118.86000061035156,115.38999938964844,112.43000030517578,118.37999725341797,118.06121063232422,114.61453247070312,111.67442321777344,117.58443450927734,0,0.03007191223767469,-0.021486794435270573,0.05597020781730211,0.03825321000921958,0.028533148917187764,-0.041451585358276866
2025-08-29,DIS,118.37999725341797,118.86000061035156,115.38999938964844,117.91000366210938,117.58443450927734,118.06121063232422,114.61453247070312,117.11759948730469,0,-0.004038380772933836,0.015352936971740894,0.043764836645535876,0.030644795709867494,0.028631414740821287,-0.04532256884589225
2025-09-05,DIS,117.91000366210938,118.37999725341797,118.86000061035156,115.95999908447266,117.11759948730469,117.58443450927734,118.06121063232422,115.18070220947266,0,-0.0039702110565988935,0.048741476451744425,0.004008949122939809,0.018655746256817214,0.026895642119547997,-0.049112839738545744
2025-09-12,DIS,115.95999908447266,117.91000366210938,118.37999725341797,113.76000213623047,115.18070220947266,117.11759948730469,117.58443450927734,112.9954833984375,0,-0.016538054795445012,0.004939772702159395,-0.009993144627634676,0.020018875402362787,0.0273464713783582,-0.06483866369923474
2025-09-19,DIS,113.76000213623047,115.95999908447266,117.91000366210938,113.47000122070312,112.9954833984375,115.18070220947266,117.11759948730469,112.70743560791016,0,-0.018972091410425884,-0.04290763415651244,-0.07013241932988712,0.008001009602029726,0.023759899905649102,-0.08258063005502891
2025-09-26,DIS,113.47000122070312,113.76000213623047,115.95999908447266,112.47000122070312,112.70743560791016,112.9954833984375,115.18070220947266,111.71415710449219,0,-0.002549197382621493,-0.041476568915951195,-0.08491931311165879,0.008447635292712023,0.02301037574157356,-0.06585987457694986
2025-10-03,DIS,112.47000122070312,113.47000122070312,113.76000213623047,109.19000244140625,111.71415710449219,112.70743560791016,112.9954833984375,108.4561996459961,0,-0.008812892406437234,-0.04613689493694095,-0.06173351654477777,0.007491358621207166,0.021514451920514103,-0.07409235099483902
2025-10-10,DIS,109.19000244140625,112.47000122070312,113.47000122070312,110.66999816894531,108.4561996459961,111.71415710449219,112.70743560791016,109.9262466430664,1,-0.029163335632105714,-0.05838219801132216,-0.10072471781033776,0.011684993941776496,0.021740857495109466,-0.1010949065271104
2025-10-17,DIS,110.66999816894531,109.19000244140625,112.47000122070312,111.68000030517578,109.9262466430664,108.4561996459961,111.71415710449219,110.9294662475586,1,0.01355429198025182,-0.027162472897686918,-0.08891088442764339,0.017668464811332534,0.022551505724689884,-0.0689046296043192
2025-10-24,DIS,111.68000030517578,110.66999816894531,109.19000244140625,112.62000274658203,110.9294662475586,109.9262466430664,108.4561996459961,111.86315155029297,1,0.009126297268655659,-0.015775084853645427,-0.04211335606432187,0.019465235756636532,0.020449688980302035,-0.06040717646861915
2025-10-31,DIS,112.62000274658203,111.68000030517578,110.66999816894531,110.73999786376953,111.86315155029297,110.9294662475586,109.9262466430664,109.99578094482422,0,0.00841692774984315,0.001333711408316951,0.0016899870810300754,0.019894871085022102,0.017925353144771186,-0.05249869155868436
2025-11-07,DIS,110.73999786376953,112.62000274658203,111.68000030517578,105.80000305175781,109.99578094482422,111.86315155029297,110.9294662475586,105.08898162841797,0,-0.016693348789026285,0.01419541993775697,-0.040298131714313956,0.013719216255632648,0.016488440582851302,-0.06831566137855405
2025-11-14,DIS,105.80000305175781,110.73999786376953,112.62000274658203,104.27999877929688,105.08898162841797,109.99578094482422,111.86315155029297,103.57919311523438,0,-0.04460897749221482,-0.04400464095126588,-0.1098771470699671,0.025456158426100807,0.01683861944718362,-0.10626791660824364
2025-11-21,DIS,104.27999877929688,105.80000305175781,110.73999786376953,104.47000122070312,103.57919311523438,105.08898162841797,109.99578094482422,103.7679214477539,1,-0.014366763192377507,-0.06626078156655679,-0.11910795380776329,0.02171914677525134,0.016796828836492368,-0.11559668599199602
2025-11-28,DIS,104.47000122070312,104.27999877929688,105.80000305175781,105.30000305175781,103.7679214477539,103.57919311523438,105.08898162841797,104.59234619140625,1,0.0018220679930338601,-0.0723672629489569,-0.11398524302060908,0.01927871829852473,0.017078678885458706,-0.0990858758697526
2025-12-05,DIS,105.30000305175781,104.47000122070312,104.27999877929688,111.5999984741211,104.59234619140625,103.7679214477539,103.57919311523438,110.8499984741211,1,0.007944890214144129,-0.04912401827601387,-0.09192821206116597,0.023504821502445344,0.017665730099220123,-0.0743670185241001
2025-12-12,DIS,111.5999984741211,105.30000305175781,104.47000122070312,111.23999786376953,110.8499984741211,104.59234619140625,103.7679214477539,111.23999786376953,1,0.059828969428252554,0.05482036990398664,-0.01898735117359629,0.0320924992715807,0.02589045854242057,-0.01648016498441829
2025-12-19,DIS,111.23999786376953,111.5999984741211,105.30000305175781,113.55999755859375,111.23999786376953,110.8499984741211,104.59234619140625,113.55999755859375,1,0.0035182624719609645,0.07396084597813313,-0.013019884058453668,0.027820278977689884,0.025922895385643387,-0.005570678797148565
2025-12-26,DIS,113.55999755859375,111.23999786376953,111.5999984741211,111.8499984741211,113.55999755859375,111.23999786376953,110.8499984741211,111.8499984741211,0,0.020855804920685284,0.09436515615059382,0.0165228875367609,0.025607027153101095,0.026496232331013843,0.0
2026-01-02,DIS,111.8499984741211,113.55999755859375,111.23999786376953,115.87999725341797,111.8499984741211,113.55999755859375,111.23999786376953,115.87999725341797,1,-0.01505811131767898,0.06938989846764865,0.03129188408963657,0.03192877431775411,0.025288607430728426,-0.01505811131767898
2026-01-09,DIS,115.87999725341797,111.8499984741211,113.55999755859375,111.19999694824219,115.87999725341797,111.8499984741211,113.55999755859375,111.19999694824219,0,0.03603038743205089,0.04537662470488146,0.05416131990464068,0.022046961901862037,0.02693153449582729,0.0
2026-01-16,DIS,111.19999694824219,115.87999725341797,111.8499984741211,110.9800033569336,111.19999694824219,115.87999725341797,111.8499984741211,110.9800033569336,0,-0.040386610425448,-0.0003595911209592906,0.0024387632054394537,0.034595081423646985,0.02983398860065374,-0.040386610425448
2026-01-23,DIS,110.9800033569336,111.19999694824219,115.87999725341797,112.80000305175781,110.9800033569336,111.19999694824219,115.87999725341797,112.80000305175781,1,-0.0019783596883639065,-0.022719216776391327,-0.007894898195875633,0.03186176341915353,0.0297374165343627,-0.04228507087179656
2026-01-30,DIS,112.80000305175781,110.9800033569336,111.19999694824219,108.69999694824219,112.80000305175781,110.9800033569336,111.19999694824219,108.69999694824219,0,0.016399347988580892,0.008493559147043861,0.025493906064817606,0.032541229061491456,0.029608837960008405,-0.026579170475164227
2026-02-06,DIS,108.69999694824219,112.80000305175781,110.9800033569336,105.44999694824219,108.69999694824219,112.80000305175781,110.9800033569336,105.44999694824219,0,-0.03634757085630891,-0.06196065304932519,0.03436150264156468,0.027412547160195075,0.028488762248847818,-0.06196065304932519
2026-02-13,DIS,105.44999694824219,108.69999694824219,112.80000305175781,105.58000183105469,105.44999694824219,108.69999694824219,112.80000305175781,105.58000183105469,1,-0.029898804887248498,-0.051708634512609986,0.01806157951941656,0.02460670143432597,0.02968652115357216,-0.09000690846036541
2026-02-20,DIS,105.58000183105469,105.44999694824219,108.69999694824219,106.04000091552734,105.58000183105469,105.44999694824219,108.69999694824219,106.04000091552734,1,0.0012328580993350435,-0.048657428027925276,0.01746281854757159,0.02513104734226136,0.029687138548480128,-0.08888501610712174
2026-02-27,DIS,106.04000091552734,105.58000183105469,105.44999694824219,101.54000091552734,106.04000091552734,105.58000183105469,105.44999694824219,101.54000091552734,0,0.004356877026851391,-0.05992909533104063,0.013840924090868567,0.02094261798832011,0.02963814622585095,-0.08491540016497878
2026-03-06,DIS,101.54000091552734,106.04000091552734,105.58000183105469,99.29000091552734,101.54000091552734,106.04000091552734,105.58000183105469,99.29000091552734,0,-0.04243681592934678,-0.06586933057711208,-0.08398734945194652,0.023105344852637703,0.025811720492038143,-0.12374867688795754
2026-03-13,DIS,99.29000091552734,101.54000091552734,106.04000091552734,99.51000213623047,99.29000091552734,101.54000091552734,106.04000091552734,99.51000213623047,1,-0.022158754970583505,-0.05841627511604708,-0.10742536118057822,0.021923913281683336,0.02592670610583303,-0.14316531524944687
2026-03-20,DIS,99.51000213623047,99.29000091552734,101.54000091552734,92.41999816894531,99.51000213623047,99.29000091552734,101.54000091552734,92.41999816894531,0,0.002215743968924766,-0.05749194534526736,-0.12372310430100075,0.02216694226346638,0.024486150027545468,-0.1412667889643452
