WeekEndingFriday,Ticker,AdjClosePrice_t+1,AdjClosePrice_t+1_Up,AdjClosePrice,AdjClosePrice_t-1,AdjClosePrice_t-2,WeeklyReturn_1W,WeeklyReturn_4W,Momentum_12W,Volatility_4W,Volatility_12W,Drawdown_12W,QuarterlyReleased,BookToMarket,MarketCap,FreeCashFlowYield,FreeCashFlowYield_TTM,EarningsYield,EarningsYield_TTM,BookToMarket_L1W,MarketCap_L1W,FreeCashFlowYield_L1W,FreeCashFlowYield_TTM_L1W,EarningsYield_L1W,EarningsYield_TTM_L1W,BookToMarket_L2W,MarketCap_L2W,FreeCashFlowYield_L2W,FreeCashFlowYield_TTM_L2W,EarningsYield_L2W,EarningsYield_TTM_L2W,GrossProfitability,GrossProfitability_TTM,OperatingMargin,OperatingMargin_TTM,ROA,ROA_TTM,AssetGrowth,InvestmentIntensity,Accruals,Accruals_TTM,DebtToAssets,WorkingCapitalScaled,GrossProfitability_L1Q,GrossProfitability_TTM_L1Q,OperatingMargin_L1Q,OperatingMargin_TTM_L1Q,ROA_L1Q,ROA_TTM_L1Q,AssetGrowth_L1Q,InvestmentIntensity_L1Q,Accruals_L1Q,Accruals_TTM_L1Q,DebtToAssets_L1Q,WorkingCapitalScaled_L1Q,GrossProfitability_L2Q,GrossProfitability_TTM_L2Q,OperatingMargin_L2Q,OperatingMargin_TTM_L2Q,ROA_L2Q,ROA_TTM_L2Q,AssetGrowth_L2Q,InvestmentIntensity_L2Q,Accruals_L2Q,Accruals_TTM_L2Q,DebtToAssets_L2Q,WorkingCapitalScaled_L2Q
2021-01-01,WEC,73.78425598144531,0,77.2071304321289,75.0259017944336,76.61148071289062,0.0290730079282719,-0.0135062115412941,-0.0688732647462239,0.022048751628495,0.0240423775304492,-0.098981568984224,0,,,,,,,,,,,,,,,,,,,,,,,,,,,,,,,,,,,,,,,,,,,,,,,,,,,,,,
2021-01-08,WEC,74.40508270263672,1,73.78425598144531,77.2071304321289,75.0259017944336,-0.0443336571573861,-0.0465095093202203,-0.1287283472636076,0.0306110983088536,0.0248028431814114,-0.1389270111973634,0,,,,,,,,,,,,,,,,,,,,,,,,,,,,,,,,,,,,,,,,,,,,,,,,,,,,,,
2021-01-15,WEC,73.30607604980469,0,74.40508270263672,73.78425598144531,77.2071304321289,0.0084140812011104,-0.0287998350863705,-0.1265576660540953,0.0322500431715142,0.024969347644125,-0.1316818731494951,0,,,,,,,,,,,,,,,,,,,,,,,,,,,,,,,,,,,,,,,,,,,,,,,,,,,,,,
2021-01-22,WEC,74.58125305175781,1,73.30607604980469,74.40508270263672,73.78425598144531,-0.0147705857303359,-0.0229230932717227,-0.1256799762028234,0.0315322828123241,0.0249535557371481,-0.1445074404833451,0,,,,,,,,,,,,,,,,,,,,,,,,,,,,,,,,,,,,,,,,,,,,,,,,,,,,,,
2021-01-29,WEC,72.8362808227539,0,74.58125305175781,73.30607604980469,74.40508270263672,0.0173952429412094,-0.0340108143596846,-0.1262001825095301,0.0275674729566246,0.0248904480841494,-0.1296259395761558,0,,,,,,,,,,,,,,,,,,,,,,,,,,,,,,,,,,,,,,,,,,,,,,,,,,,,,,
2021-02-05,WEC,70.22785949707031,0,72.8362808227539,74.58125305175781,73.30607604980469,-0.0233969282842825,-0.0128479327477367,-0.1499900190483923,0.0191554733794259,0.0246599154602324,-0.0965659692150224,0,,,,,,,,,,,,,,,,,,,,,,,,,,,,,,,,,,,,,,,,,,,,,,,,,,,,,,
2021-02-12,WEC,70.38006591796875,1,70.22785949707031,72.8362808227539,74.58125305175781,-0.0358121158331951,-0.0561416378268252,-0.1289198533731445,0.0227320651869547,0.0214131190998848,-0.1256444223143521,0,,,,,,,,,,,,,,,,,,,,,,,,,,,,,,,,,,,,,,,,,,,,,,,,,,,,,,
2021-02-19,WEC,68.18994140625,0,70.38006591796875,70.22785949707031,72.8362808227539,0.0021673225125817,-0.0399149741673252,-0.1237494117868325,0.0241126166134366,0.021667398232989,-0.100737231512258,0,,,,,,,,,,,,,,,,,,,,,,,,,,,,,,,,,,,,,,,,,,,,,,,,,,,,,,
2021-02-26,WEC,71.43708038330078,1,68.18994140625,70.38006591796875,70.22785949707031,-0.0311185345332219,-0.0856959541973956,-0.1287209710278846,0.0169305117207,0.0220671373456758,-0.1188030586468057,0,,,,,,,,,,,,,,,,,,,,,,,,,,,,,,,,,,,,,,,,,,,,,,,,,,,,,,
2021-03-05,WEC,74.82797241210938,1,71.43708038330078,68.18994140625,70.38006591796875,0.0476190316355538,-0.0192102125980053,-0.0768413136193546,0.038512589151782,0.0278412185834094,-0.0747346782160288,0,,,,,,,,,,,,,,,,,,,,,,,,,,,,,,,,,,,,,,,,,,,,,,,,,,,,,,
2021-03-12,WEC,75.10702514648438,1,74.82797241210938,71.43708038330078,68.18994140625,0.0474668338993491,0.0655026786802603,-0.0232799090186642,0.038298324044455,0.0318052206276384,-0.0308152628740812,0,,,,,,,,,,,,,,,,,,,,,,,,,,,,,,,,,,,,,,,,,,,,,,,,,,,,,,
2021-03-19,WEC,78.66703033447266,1,75.10702514648438,74.82797241210938,71.43708038330078,0.0037292569259812,0.0671633248258833,0.0010812712691286,0.0381105236506911,0.0312415661875225,-0.027200923980599,0,,,,,,,,,,,,,,,,,,,,,,,,,,,,,,,,,,,,,,,,,,,,,,,,,,,,,,
2021-03-26,WEC,78.91226196289062,1,78.66703033447266,75.10702514648438,74.82797241210938,0.0473990972355122,0.1536456655066487,0.0189088740142611,0.0218830585913797,0.0331527992096576,0.0,0,,,,,,,,,,,,,,,,,,,,,,,,,,,,,,,,,,,,,,,,,,,,,,,,,,,,,,
2021-04-02,WEC,78.09201049804688,0,78.91226196289062,78.66703033447266,75.10702514648438,0.0031173367975796,0.1046400768267854,0.0695000025850347,0.0254102371550698,0.0297733769600459,0.0,0,,,,,,,,,,,,,,,,,,,,,,,,,,,,,,,,,,,,,,,,,,,,,,,,,,,,,,
2021-04-09,WEC,81.99027252197266,1,78.09201049804688,78.91226196289062,78.66703033447266,-0.0103944741215183,0.0436205603428763,0.0495520959252895,0.0251502972308508,0.0301286981889727,-0.0103944741215183,0,,,,,,,,,,,,,,,,,,,,,,,,,,,,,,,,,,,,,,,,,,,,,,,,,,,,,,
2021-04-16,WEC,81.84652709960938,0,81.99027252197266,78.09201049804688,78.91226196289062,0.0499188329134294,0.0916458528621471,0.1184648932275118,0.0307109702767275,0.0320997934241951,0.0,0,,,,,,,,,,,,,,,,,,,,,,,,,,,,,,,,,,,,,,,,,,,,,,,,,,,,,,
2021-04-23,WEC,82.1678695678711,1,81.84652709960938,81.99027252197266,78.09201049804688,-0.0017532009339858,0.0404171449159613,0.0974142126951074,0.0270478540438236,0.0321659959920044,-0.0017532009339858,0,,,,,,,,,,,,,,,,,,,,,,,,,,,,,,,,,,,,,,,,,,,,,,,,,,,,,,
2021-04-30,WEC,82.56529998779297,1,82.1678695678711,81.84652709960938,81.99027252197266,0.0039261588689112,0.0412560421409724,0.1281173151581625,0.0269799731475412,0.0306540539475396,0.0,0,,,,,,,,,,,,,,,,,,,,,,,,,,,,,,,,,,,,,,,,,,,,,,,,,,,,,,
2021-05-07,WEC,81.93224334716797,0,82.56529998779297,82.1678695678711,81.84652709960938,0.0048368105685592,0.057282293812348,0.1756772964330109,0.0239691234582633,0.0271094536938686,0.0,0,,,,,,,,,,,,,,,,,,,,,,,,,,,,,,,,,,,,,,,,,,,,,,,,,,,,,,
2021-05-14,WEC,81.94927978515625,1,81.93224334716797,82.56529998779297,82.1678695678711,-0.007667345007147,-0.000707756823093,0.1641399063573458,0.0057897395220357,0.0276401708649435,-0.007667345007147,0,,,,,,,,,,,,,,,,,,,,,,,,,,,,,,,,,,,,,,,,,,,,,,,,,,,,,,
2021-05-21,WEC,79.98188018798828,0,81.94927978515625,81.93224334716797,82.56529998779297,0.0002079332542634,0.0012554312221679,0.2017795894108969,0.0056925700106263,0.0243712660070252,-0.0074610060488824,0,,,,,,,,,,,,,,,,,,,,,,,,,,,,,,,,,,,,,,,,,,,,,,,,,,,,,,
2021-05-28,WEC,79.70933532714844,0,79.98188018798828,81.94927978515625,81.93224334716797,-0.024007527611296,-0.026603943748075,0.1196129483293517,0.0126661832486124,0.0246132861104268,-0.0312894133514519,0,,,,,,,,,,,,,,,,,,,,,,,,,,,,,,,,,,,,,,,,,,,,,,,,,,,,,,
2021-06-04,WEC,79.12167358398438,0,79.70933532714844,79.98188018798828,81.94927978515625,-0.0034075825699427,-0.0345903746618346,0.0652344672411451,0.0106887221974312,0.0217359424154808,-0.0345903746618346,0,,,,,,,,,,,,,,,,,,,,,,,,,,,,,,,,,,,,,,,,,,,,,,,,,,,,,,
2021-06-11,WEC,76.16632080078125,0,79.12167358398438,79.70933532714844,79.98188018798828,-0.007372558568606,-0.0343035860897216,0.0534523691980886,0.0106993976517027,0.0220517660872721,-0.0417079136673362,0,,,,,,,,,,,,,,,,,,,,,,,,,,,,,,,,,,,,,,,,,,,,,,,,,,,,,,
2021-06-18,WEC,76.73695373535156,1,76.16632080078125,79.12167358398438,79.70933532714844,-0.0373520003980469,-0.0705675388427573,-0.0317885335579468,0.0156680842093039,0.0206114015037109,-0.0775020400574791,0,,,,,,,,,,,,,,,,,,,,,,,,,,,,,,,,,,,,,,,,,,,,,,,,,,,,,,
2021-06-25,WEC,76.66881561279297,0,76.73695373535156,76.16632080078125,79.12167358398438,0.0074919325046938,-0.0405707698419928,-0.0275661623862971,0.019186458572562,0.0207578679148016,-0.070590747605872,0,,,,,,,,,,,,,,,,,,,,,,,,,,,,,,,,,,,,,,,,,,,,,,,,,,,,,,
2021-07-02,WEC,78.2188720703125,1,76.66881561279297,76.73695373535156,76.16632080078125,-0.0008879440639979,-0.0381450893032335,-0.0182245901491997,0.0195204984276596,0.0205945944127102,-0.0714160110345603,0,,,,,,,,,,,,,,,,,,,,,,,,,,,,,,,,,,,,,,,,,,,,,,,,,,,,,,
2021-07-09,WEC,81.28495788574219,1,78.2188720703125,76.66881561279297,76.73695373535156,0.0202175610139578,-0.0114102934477692,-0.0459981450927542,0.0247192003992624,0.0148609435362106,-0.052642307581067,0,,,,,,,,,,,,,,,,,,,,,,,,,,,,,,,,,,,,,,,,,,,,,,,,,,,,,,
2021-07-16,WEC,80.08409881591797,0,81.28495788574219,78.2188720703125,76.66881561279297,0.0391987986310198,0.0672034178774254,-0.0068612466987603,0.0174407711454669,0.0193893618526269,-0.0155070241643895,0,,,,,,,,,,,,,,,,,,,,,,,,,,,,,,,,,,,,,,,,,,,,,,,,,,,,,,
2021-07-23,WEC,80.17774963378906,1,80.08409881591797,81.28495788574219,78.2188720703125,-0.0147734476471305,0.043618425251932,-0.0253599218637635,0.0237045317944945,0.0197578810400746,-0.0300513796018646,0,,,,,,,,,,,,,,,,,,,,,,,,,,,,,,,,,,,,,,,,,,,,,,,,,,,,,,
2021-07-30,WEC,82.02591705322266,1,80.17774963378906,80.08409881591797,81.28495788574219,0.0011694059027418,0.0457674217731178,-0.0289171159598148,0.0233825129470727,0.0196713706394807,-0.0216173974440233,0,,,,,,,,,,,,,,,,,,,,,,,,,,,,,,,,,,,,,,,,,,,,,,,,,,,,,,
2021-08-06,WEC,82.52106475830078,1,82.02591705322266,80.17774963378906,80.08409881591797,0.0230508766818111,0.0486716936992894,0.0011433069842572,0.0237761195260033,0.0208668493971522,0.0,0,,,,,,,,,,,,,,,,,,,,,,,,,,,,,,,,,,,,,,,,,,,,,,,,,,,,,,
2021-08-13,WEC,83.70471954345703,1,82.52106475830078,82.02591705322266,80.17774963378906,0.0060364787480138,0.0152070801869161,0.0069773032129576,0.0155721011893359,0.0209323800204978,0.0,0,,,,,,,,,,,,,,,,,,,,,,,,,,,,,,,,,,,,,,,,,,,,,,,,,,,,,,
2021-08-20,WEC,80.9771957397461,0,83.70471954345703,82.52106475830078,82.02591705322266,0.0143436683545359,0.0452102325064736,0.0465460345107997,0.0096192643765349,0.0196948725854285,0.0,0,,,,,,,,,,,,,,,,,,,,,,,,,,,,,,,,,,,,,,,,,,,,,,,,,,,,,,
2021-08-27,WEC,82.40959167480469,1,80.9771957397461,83.70471954345703,82.52106475830078,-0.03258506591489,0.0099709222272823,0.015906046730838,0.024535013304061,0.0223159829154107,-0.03258506591489,0,,,,,,,,,,,,,,,,,,,,,,,,,,,,,,,,,,,,,,,,,,,,,,,,,,,,,,
2021-09-03,WEC,81.3888931274414,0,82.40959167480469,80.9771957397461,83.70471954345703,0.017688880455458,0.0046774804277174,0.0415552141643,0.0231613503575788,0.0225767498964927,-0.0154725787950338,0,,,,,,,,,,,,,,,,,,,,,,,,,,,,,,,,,,,,,,,,,,,,,,,,,,,,,,
2021-09-10,WEC,77.83792877197266,0,81.3888931274414,82.40959167480469,80.9771957397461,-0.0123856765531741,-0.0137197894158956,0.0685680005513222,0.0237485410373391,0.0193805843369715,-0.0276666169918091,0,,,,,,,,,,,,,,,,,,,,,,,,,,,,,,,,,,,,,,,,,,,,,,,,,,,,,,
2021-09-17,WEC,77.19464874267578,0,77.83792877197266,81.3888931274414,82.40959167480469,-0.0436295939042755,-0.0700891276320269,0.0143473904426556,0.0269228577935434,0.0240179875387865,-0.0700891276320269,0,,,,,,,,,,,,,,,,,,,,,,,,,,,,,,,,,,,,,,,,,,,,,,,,,,,,,,
2021-09-24,WEC,75.15325927734375,0,77.19464874267578,77.83792877197266,81.3888931274414,-0.0082643518326569,-0.0467112618869527,0.0068585007565327,0.0251360839215761,0.0241772307760566,-0.0777742382542887,0,,,,,,,,,,,,,,,,,,,,,,,,,,,,,,,,,,,,,,,,,,,,,,,,,,,,,,
2021-10-01,WEC,76.17396545410156,1,75.15325927734375,77.19464874267578,77.83792877197266,-0.0264447017841469,-0.0880520367834735,-0.0391927512098744,0.0159879378169471,0.0245270616197125,-0.1021622235013118,0,,,,,,,,,,,,,,,,,,,,,,,,,,,,,,,,,,,,,,,,,,,,,,,,,,,,,,
2021-10-08,WEC,77.25468444824219,1,76.17396545410156,75.15325927734375,77.19464874267578,0.0135816621470936,-0.0640741933321803,-0.0628774691477956,0.0245442320849152,0.0214355938070102,-0.0899680941580088,0,,,,,,,,,,,,,,,,,,,,,,,,,,,,,,,,,,,,,,,,,,,,,,,,,,,,,,
2021-10-15,WEC,78.61846160888672,1,77.25468444824219,76.17396545410156,75.15325927734375,0.0141875112802392,-0.0074930606830391,-0.0353305388898674,0.0195049421293686,0.0218834793209161,-0.0770570062284979,0,,,,,,,,,,,,,,,,,,,,,,,,,,,,,,,,,,,,,,,,,,,,,,,,,,,,,,
2021-10-22,WEC,77.24609375,0,78.61846160888672,77.25468444824219,76.17396545410156,0.0176530027969787,0.0184444503524738,-0.0194478896205539,0.0208699277204908,0.0226569696529725,-0.0607642909779977,0,,,,,,,,,,,,,,,,,,,,,,,,,,,,,,,,,,,,,,,,,,,,,,,,,,,,,,
2021-10-29,WEC,77.94087219238281,1,77.24609375,78.61846160888672,77.25468444824219,-0.0174560507901313,0.0278475543546674,-0.0582721105101605,0.016396780141158,0.0216798164259549,-0.0771596372185907,0,,,,,,,,,,,,,,,,,,,,,,,,,,,,,,,,,,,,,,,,,,,,,,,,,,,,,,
2021-11-05,WEC,76.70167541503906,0,77.94087219238281,77.24609375,78.61846160888672,0.008994350505689,0.0231956775224717,-0.0555033139639324,0.0159361622387007,0.0218301792753563,-0.0688592875349376,0,,,,,,,,,,,,,,,,,,,,,,,,,,,,,,,,,,,,,,,,,,,,,,,,,,,,,,
2021-11-12,WEC,78.23136901855469,1,76.70167541503906,77.94087219238281,77.24609375,-0.0158991905336267,-0.0071582589088642,-0.0836636711360366,0.0176896945249267,0.0211899801919268,-0.0692627659446433,0,,,,,,,,,,,,,,,,,,,,,,,,,,,,,,,,,,,,,,,,,,,,,,,,,,,,,,
2021-11-19,WEC,77.06464385986328,0,78.23136901855469,76.70167541503906,77.94087219238281,0.019943418383475,-0.0049236856383396,-0.0339086417615184,0.0185405657138802,0.0208576977787734,-0.050700683880799,0,,,,,,,,,,,,,,,,,,,,,,,,,,,,,,,,,,,,,,,,,,,,,,,,,,,,,,
2021-11-26,WEC,78.79313659667969,1,77.06464385986328,78.23136901855469,76.70167541503906,-0.0149137765749016,-0.0023489846713021,-0.0648583217841076,0.0178228708601962,0.0200734508551978,-0.0531307049575803,0,,,,,,,,,,,,,,,,,,,,,,,,,,,,,,,,,,,,,,,,,,,,,,,,,,,,,,
2021-12-03,WEC,80.78954315185547,1,78.79313659667969,77.06464385986328,78.23136901855469,0.0224291276809058,0.0109347558004382,-0.0318932526419446,0.0211550209192854,0.0214392711037529,0.0,0,,,,,,,,,,,,,,,,,,,,,,,,,,,,,,,,,,,,,,,,,,,,,,,,,,,,,,
2021-12-10,WEC,83.21806335449219,1,80.78954315185547,78.79313659667969,77.06464385986328,0.0253373154237384,0.053295677241685,0.03792000155258,0.0188710478812729,0.0184412672175612,0.0,0,,,,,,,,,,,,,,,,,,,,,,,,,,,,,,,,,,,,,,,,,,,,,,,,,,,,,,
2021-12-17,WEC,81.80071258544922,0,83.21806335449219,80.78954315185547,78.79313659667969,0.03005983333848,0.0637429000476108,0.0780289140494068,0.0206685265847567,0.0195488384940089,0.0,0,,,,,,,,,,,,,,,,,,,,,,,,,,,,,,,,,,,,,,,,,,,,,,,,,,,,,,
2021-12-24,WEC,83.89218139648438,1,81.80071258544922,83.21806335449219,80.78954315185547,-0.0170317682473015,0.0614557920256939,0.0884519629890416,0.0217157928298154,0.0182546697221137,-0.0170317682473015,0,,,,,,,,,,,,,,,,,,,,,,,,,,,,,,,,,,,,,,,,,,,,,,,,,,,,,,
2021-12-31,WEC,84.01318359375,1,83.89218139648438,81.80071258544922,83.21806335449219,0.0255678556449052,0.0647143269077519,0.1013235414012074,0.0221171489547576,0.0189479502030169,0.0,0,,,,,,,,,,,,,,,,,,,,,,,,,,,,,,,,,,,,,,,,,,,,,,,,,,,,,,
2022-01-07,WEC,83.1834945678711,0,84.01318359375,83.89218139648438,81.80071258544922,0.0014423536884058,0.0399017040588438,0.0874833570776638,0.0219750197700743,0.0189414257938779,0.0,0,,,,,,,,,,,,,,,,,,,,,,,,,,,,,,,,,,,,,,,,,,,,,,,,,,,,,,
2022-01-14,WEC,83.82305145263672,1,83.1834945678711,84.01318359375,83.89218139648438,-0.009875700341162,-0.0004154000372952,0.0580656612399086,0.0186494287167572,0.0192222895172369,-0.009875700341162,0,,,,,,,,,,,,,,,,,,,,,,,,,,,,,,,,,,,,,,,,,,,,,,,,,,,,,,
2022-01-21,WEC,83.46005249023438,0,83.82305145263672,83.1834945678711,84.01318359375,0.0076885070540502,0.0247227536688627,0.085142916403287,0.0148143251953676,0.0178900770556962,-0.0022631226788485,0,,,,,,,,,,,,,,,,,,,,,,,,,,,,,,,,,,,,,,,,,,,,,,,,,,,,,,
2022-01-28,WEC,81.7920913696289,0,83.46005249023438,83.82305145263672,83.1834945678711,-0.0043305386300265,-0.0051510033361477,0.070812401024054,0.0075506441424125,0.0181649983041389,-0.0065838607686897,0,,,,,,,,,,,,,,,,,,,,,,,,,,,,,,,,,,,,,,,,,,,,,,,,,,,,,,
2022-02-04,WEC,79.45645141601562,0,81.7920913696289,83.46005249023438,83.82305145263672,-0.019985143440937,-0.0264374248077694,0.066366424553899,0.0115354745685959,0.0186421393790622,-0.0264374248077694,0,,,,,,,,,,,,,,,,,,,,,,,,,,,,,,,,,,,,,,,,,,,,,,,,,,,,,,
2022-02-11,WEC,78.40238189697266,0,79.45645141601562,81.7920913696289,83.46005249023438,-0.0285558165160275,-0.0448050802772477,0.0156597335931878,0.0161485978734145,0.0204064920046581,-0.0542382990718299,0,,,,,,,,,,,,,,,,,,,,,,,,,,,,,,,,,,,,,,,,,,,,,,,,,,,,,,
2022-02-18,WEC,79.1428451538086,1,78.40238189697266,79.45645141601562,81.7920913696289,-0.0132660029520335,-0.0646680055393468,0.0173586481440433,0.0102638319183635,0.0202913252023081,-0.0667847765882633,0,,,,,,,,,,,,,,,,,,,,,,,,,,,,,,,,,,,,,,,,,,,,,,,,,,,,,,
2022-02-25,WEC,82.41831970214844,1,79.1428451538086,78.40238189697266,79.45645141601562,0.0094443974649771,-0.0517278291543242,0.004438312424583,0.0162743615141715,0.0194079515329114,-0.0579711210979954,0,,,,,,,,,,,,,,,,,,,,,,,,,,,,,,,,,,,,,,,,,,,,,,,,,,,,,,
2022-03-04,WEC,81.76496887207031,0,82.41831970214844,79.1428451538086,78.40238189697266,0.041386868793688,0.0076563433216241,0.0201607347529053,0.0304039389464294,0.0216908184623247,-0.0189834954870131,0,,,,,,,,,,,,,,,,,,,,,,,,,,,,,,,,,,,,,,,,,,,,,,,,,,,,,,
2022-03-11,WEC,82.47929382324219,1,81.76496887207031,82.41831970214844,79.1428451538086,-0.0079272524899715,0.0290538705783351,-0.0174612869351691,0.0246393641496246,0.0199023510592421,-0.0267602610151168,0,,,,,,,,,,,,,,,,,,,,,,,,,,,,,,,,,,,,,,,,,,,,,,,,,,,,,,
2022-03-18,WEC,85.4324722290039,1,82.47929382324219,81.76496887207031,82.41831970214844,0.0087363202240009,0.0519998478059879,0.0082955418888817,0.020611915254687,0.0194337292346893,-0.0182577270006218,0,,,,,,,,,,,,,,,,,,,,,,,,,,,,,,,,,,,,,,,,,,,,,,,,,,,,,,
2022-03-25,WEC,88.09813690185547,1,85.4324722290039,82.47929382324219,81.76496887207031,0.0358050883909184,0.0794718342886442,0.0183603621562769,0.0231876541449256,0.0207940241279803,0.0,0,,,,,,,,,,,,,,,,,,,,,,,,,,,,,,,,,,,,,,,,,,,,,,,,,,,,,,
2022-04-01,WEC,91.02515411376952,1,88.09813690185547,85.4324722290039,82.47929382324219,0.0312020078935113,0.0689144988666758,0.0486227653014372,0.0203713544699383,0.0224661279656613,0.0,0,,,,,,,,,,,,,,,,,,,,,,,,,,,,,,,,,,,,,,,,,,,,,,,,,,,,,,
2022-04-08,WEC,89.89268493652344,0,91.02515411376952,88.09813690185547,85.4324722290039,0.0332245075190962,0.1132536998355338,0.0942694171077445,0.0124801005003134,0.0234366561245737,0.0,0,,,,,,,,,,,,,,,,,,,,,,,,,,,,,,,,,,,,,,,,,,,,,,,,,,,,,,
2022-04-15,WEC,90.58087921142578,1,89.89268493652344,91.02515411376952,88.09813690185547,-0.012441277230145,0.0898818451230749,0.0724100754947616,0.0230031705807903,0.0241536386425897,-0.012441277230145,0,,,,,,,,,,,,,,,,,,,,,,,,,,,,,,,,,,,,,,,,,,,,,,,,,,,,,,
2022-04-22,WEC,87.15731811523438,0,90.58087921142578,89.89268493652344,91.02515411376952,0.0076557316692487,0.0602628818772965,0.0853201802386189,0.0216145589959554,0.0239295297985411,-0.004880792640993,0,,,,,,,,,,,,,,,,,,,,,,,,,,,,,,,,,,,,,,,,,,,,,,,,,,,,,,
2022-04-29,WEC,87.68871307373047,1,87.15731811523438,90.58087921142578,89.89268493652344,-0.0377956266929186,-0.0106792132014006,0.065595910995347,0.0301324084100288,0.026206626499651,-0.0424919467172872,0,,,,,,,,,,,,,,,,,,,,,,,,,,,,,,,,,,,,,,,,,,,,,,,,,,,,,,
2022-05-06,WEC,89.57532501220703,1,87.68871307373047,87.15731811523438,90.58087921142578,0.0060969631694438,-0.0366540553819766,0.1036072151600708,0.0211841417525851,0.023906381710606,-0.0366540553819766,0,,,,,,,,,,,,,,,,,,,,,,,,,,,,,,,,,,,,,,,,,,,,,,,,,,,,,,
2022-05-13,WEC,90.8563461303711,1,89.57532501220703,87.68871307373047,87.15731811523438,0.0215148777116875,-0.0035304310305172,0.1425076999563173,0.0257266708748173,0.0231217712221314,-0.0159277851894698,0,,,,,,,,,,,,,,,,,,,,,,,,,,,,,,,,,,,,,,,,,,,,,,,,,,,,,,
2022-05-20,WEC,93.4710464477539,1,90.8563461303711,89.57532501220703,87.68871307373047,0.0143010490666874,0.0030411155350165,0.1480045473952589,0.0266386583757463,0.0231267700269489,-0.0018545201603004,0,,,,,,,,,,,,,,,,,,,,,,,,,,,,,,,,,,,,,,,,,,,,,,,,,,,,,,
2022-05-27,WEC,91.4091339111328,0,93.4710464477539,90.8563461303711,89.57532501220703,0.0287784005052431,0.0724405990116845,0.1341052181790276,0.0097205045549191,0.0219157323454674,0.0,0,,,,,,,,,,,,,,,,,,,,,,,,,,,,,,,,,,,,,,,,,,,,,,,,,,,,,,
2022-06-03,WEC,87.13611602783203,0,91.4091339111328,93.4710464477539,90.8563461303711,-0.022059371484341,0.0424275908151843,0.1179498405258587,0.0225825637536972,0.0233444946998824,-0.022059371484341,0,,,,,,,,,,,,,,,,,,,,,,,,,,,,,,,,,,,,,,,,,,,,,,,,,,,,,,
2022-06-10,WEC,79.2920150756836,0,87.13611602783203,91.4091339111328,93.4710464477539,-0.0467460712126971,-0.0272308136648412,0.0564605004326259,0.0343466189679393,0.0284613807704558,-0.0677742537467237,0,,,,,,,,,,,,,,,,,,,,,,,,,,,,,,,,,,,,,,,,,,,,,,,,,,,,,,
2022-06-17,WEC,85.24966430664062,1,79.2920150756836,87.13611602783203,91.4091339111328,-0.0900212369993971,-0.1272814893754771,-0.0718749790695587,0.0495839078751058,0.0377329782219696,-0.1516943685871298,0,,,,,,,,,,,,,,,,,,,,,,,,,,,,,,,,,,,,,,,,,,,,,,,,,,,,,,
2022-06-24,WEC,90.00525665283203,1,85.24966430664062,79.2920150756836,87.13611602783203,0.0751355508530147,-0.0879564576792093,-0.0323329493152408,0.0699283773948335,0.0433357780180443,-0.0879564576792093,0,,,,,,,,,,,,,,,,,,,,,,,,,,,,,,,,,,,,,,,,,,,,,,,,,,,,,,
2022-07-01,WEC,87.31159210205078,0,90.00525665283203,85.24966430664062,79.2920150756836,0.0557842941068444,-0.0153581726270989,-0.0112045672525065,0.0796611752969778,0.0454348218968851,-0.0370787524761381,0,,,,,,,,,,,,,,,,,,,,,,,,,,,,,,,,,,,,,,,,,,,,,,,,,,,,,,
2022-07-08,WEC,88.39958190917969,1,87.31159210205078,90.00525665283203,85.24966430664062,-0.0299278581157903,0.0020138156509375,-0.0287130464096746,0.0768692589948387,0.0461455754870056,-0.065896922948712,0,,,,,,,,,,,,,,,,,,,,,,,,,,,,,,,,,,,,,,,,,,,,,,,,,,,,,,
2022-07-15,WEC,85.86386108398438,0,88.39958190917969,87.31159210205078,90.00525665283203,0.0124610006636605,0.1148610843702608,-0.0240812114127828,0.046869665407796,0.0462524096821632,-0.0542570638856486,0,,,,,,,,,,,,,,,,,,,,,,,,,,,,,,,,,,,,,,,,,,,,,,,,,,,,,,
2022-07-22,WEC,91.08448028564452,1,85.86386108398438,88.39958190917969,87.31159210205078,-0.0286847603849582,0.0072046826499456,-0.0148404868256715,0.0406712800521881,0.0456652601010863,-0.0813854733938557,0,,,,,,,,,,,,,,,,,,,,,,,,,,,,,,,,,,,,,,,,,,,,,,,,,,,,,,
2022-07-29,WEC,90.47907257080078,0,91.08448028564452,85.86386108398438,88.39958190917969,0.0608011232636489,0.0119906733556161,0.0387252485854003,0.0428831485749038,0.0489706779425175,-0.0255326783298971,0,,,,,,,,,,,,,,,,,,,,,,,,,,,,,,,,,,,,,,,,,,,,,,,,,,,,,,
2022-08-05,WEC,93.33623504638672,1,90.47907257080078,91.08448028564452,85.86386108398438,-0.0066466615711607,0.0362778915432879,0.010089246770476,0.0381198206450764,0.048743814416922,-0.0320096328291937,0,,,,,,,,,,,,,,,,,,,,,,,,,,,,,,,,,,,,,,,,,,,,,,,,,,,,,,
2022-08-12,WEC,95.14746856689452,1,93.33623504638672,90.47907257080078,91.08448028564452,0.0315781582901413,0.0558447566220263,0.0272946142084251,0.0397799601488562,0.0493932318966606,-0.001442279791342,0,,,,,,,,,,,,,,,,,,,,,,,,,,,,,,,,,,,,,,,,,,,,,,,,,,,,,,
2022-08-19,WEC,92.5852279663086,0,95.14746856689452,93.33623504638672,90.47907257080078,0.0194054701221626,0.1081200794572907,0.017935202213422,0.0279952528958125,0.0490276851869287,0.0,0,,,,,,,,,,,,,,,,,,,,,,,,,,,,,,,,,,,,,,,,,,,,,,,,,,,,,,
2022-08-26,WEC,91.01255798339844,0,92.5852279663086,95.14746856689452,93.33623504638672,-0.0269291515494658,0.0164764367755918,0.0128662640685248,0.0262510422432312,0.0492698186541006,-0.0269291515494658,0,,,,,,,,,,,,,,,,,,,,,,,,,,,,,,,,,,,,,,,,,,,,,,,,,,,,,,
2022-09-02,WEC,94.04304504394533,1,91.01255798339844,92.5852279663086,95.14746856689452,-0.0169861868621465,0.0058962298953737,0.0444872015448591,0.0281364053500428,0.0472923173545154,-0.043457914811354,0,,,,,,,,,,,,,,,,,,,,,,,,,,,,,,,,,,,,,,,,,,,,,,,,,,,,,,
2022-09-09,WEC,89.49286651611328,0,94.04304504394533,91.01255798339844,92.5852279663086,0.0332974605669216,0.0075727288250626,0.1860342425928005,0.0287500577022548,0.0371599117854031,-0.0116074924491842,0,,,,,,,,,,,,,,,,,,,,,,,,,,,,,,,,,,,,,,,,,,,,,,,,,,,,,,
2022-09-16,WEC,87.97319030761719,0,89.49286651611328,94.04304504394533,91.01255798339844,-0.0483839982606452,-0.0594298738153576,0.0497738289526863,0.0346079787004592,0.036061342161188,-0.0594298738153576,0,,,,,,,,,,,,,,,,,,,,,,,,,,,,,,,,,,,,,,,,,,,,,,,,,,,,,,
2022-09-23,WEC,79.01419067382812,0,87.97319030761719,89.49286651611328,94.04304504394533,-0.0169809758884242,-0.0498139688155189,-0.0225771962748011,0.0337888042222626,0.032636006522949,-0.0754016724494712,0,,,,,,,,,,,,,,,,,,,,,,,,,,,,,,,,,,,,,,,,,,,,,,,,,,,,,,
2022-09-30,WEC,75.52423858642578,0,79.01419067382812,87.97319030761719,89.49286651611328,-0.1018378394879393,-0.1318319974234646,-0.095032071096866,0.0566461836501518,0.0432296667806262,-0.1695607685213792,0,,,,,,,,,,,,,,,,,,,,,,,,,,,,,,,,,,,,,,,,,,,,,,,,,,,,,,
2022-10-07,WEC,74.48168182373047,0,75.52423858642578,79.01419067382812,87.97319030761719,-0.044168674736022,-0.1969184052777735,-0.1456493689753174,0.0355044865008146,0.043948393158841,-0.2062401688245905,0,,,,,,,,,,,,,,,,,,,,,,,,,,,,,,,,,,,,,,,,,,,,,,,,,,,,,,
2022-10-14,WEC,76.55797576904297,1,74.48168182373047,75.52423858642578,79.01419067382812,-0.0138042671095884,-0.1677361031862806,-0.1325607667365537,0.0407713026390522,0.0436476648316712,-0.2171974415549977,0,,,,,,,,,,,,,,,,,,,,,,,,,,,,,,,,,,,,,,,,,,,,,,,,,,,,,,
2022-10-21,WEC,80.93144226074219,1,76.55797576904297,74.48168182373047,75.52423858642578,0.0278765717217059,-0.1297578784929643,-0.1594838601597755,0.0545827185850998,0.0395765469151213,-0.1953755898905708,0,,,,,,,,,,,,,,,,,,,,,,,,,,,,,,,,,,,,,,,,,,,,,,,,,,,,,,
2022-10-28,WEC,80.74591064453125,0,80.93144226074219,76.55797576904297,74.48168182373047,0.0571262033480732,0.0242646487999669,-0.1055230788598929,0.0447186873959818,0.0445669116403138,-0.1494104522198359,0,,,,,,,,,,,,,,,,,,,,,,,,,,,,,,,,,,,,,,,,,,,,,,,,,,,,,,
2022-11-04,WEC,82.96946716308594,1,80.74591064453125,80.93144226074219,76.55797576904297,-0.0022924540948275,0.0691390228599269,-0.1348921391097279,0.0318815956904424,0.0428500105848387,-0.1513603897116621,0,,,,,,,,,,,,,,,,,,,,,,,,,,,,,,,,,,,,,,,,,,,,,,,,,,,,,,
2022-11-11,WEC,85.24075317382812,1,82.96946716308594,80.74591064453125,80.93144226074219,0.0275376982042283,0.1139580247320783,-0.127990808239388,0.0242585386675268,0.0434372923698665,-0.1177500991772949,0,,,,,,,,,,,,,,,,,,,,,,,,,,,,,,,,,,,,,,,,,,,,,,,,,,,,,,
2022-11-18,WEC,87.87727355957031,1,85.24075317382812,82.96946716308594,80.74591064453125,0.027374961999909,0.1134144067625169,-0.0793266372379953,0.0242576669971169,0.0443841910287299,-0.0935985416678497,0,,,,,,,,,,,,,,,,,,,,,,,,,,,,,,,,,,,,,,,,,,,,,,,,,,,,,,
2022-11-25,WEC,85.56140899658203,0,87.87727355957031,85.24075317382812,82.96946716308594,0.0309302802658915,0.0858236441215303,-0.0344489210423031,0.0155400558407828,0.0454425512357948,-0.0655632905282235,0,,,,,,,,,,,,,,,,,,,,,,,,,,,,,,,,,,,,,,,,,,,,,,,,,,,,,,
2022-12-02,WEC,85.26748657226562,0,85.56140899658203,87.87727355957031,85.24075317382812,-0.0263533956981312,0.0596376746959992,-0.0901888708877929,0.027532681094417,0.0444896810487624,-0.0439304010764186,0,,,,,,,,,,,,,,,,,,,,,,,,,,,,,,,,,,,,,,,,,,,,,,,,,,,,,,
2022-12-09,WEC,84.73304748535156,0,85.26748657226562,85.56140899658203,87.87727355957031,-0.0034352218805576,0.0276971696667964,-0.0472147122819769,0.0271359142412634,0.0425298645057468,-0.0307560033447745,0,,,,,,,,,,,,,,,,,,,,,,,,,,,,,,,,,,,,,,,,,,,,,,,,,,,,,,
2022-12-16,WEC,85.04481506347656,1,84.73304748535156,85.26748657226562,85.56140899658203,-0.0062677945416054,-0.0059561379923663,-0.0368310255764939,0.0237746390998625,0.0423255231784665,-0.0357797408460486,0,,,,,,,,,,,,,,,,,,,,,,,,,,,,,,,,,,,,,,,,,,,,,,,,,,,,,,
2022-12-23,WEC,83.51278686523438,0,85.04481506347656,84.73304748535156,85.26748657226562,0.0036794094792695,-0.0322319796844138,0.0763233077276328,0.0128719066409323,0.0284462265906717,-0.0322319796844138,0,,,,,,,,,,,,,,,,,,,,,,,,,,,,,,,,,,,,,,,,,,,,,,,,,,,,,,
2022-12-30,WEC,84.41239929199219,1,83.51278686523438,85.04481506347656,84.73304748535156,-0.0180143633341868,-0.0239432958780457,0.1057746284944924,0.0090311559702367,0.0250032998191687,-0.0496657044255854,0,,,,,,,,,,,,,,,,,,,,,,,,,,,,,,,,,,,,,,,,,,,,,,,,,,,,,,
2023-01-06,WEC,85.28529357910156,1,84.41239929199219,83.51278686523438,85.04481506347656,0.0107721519126109,-0.0100282923145474,0.1333310046860101,0.01250626095054,0.0239782230530407,-0.0394285590258937,0,,,,,,,,,,,,,,,,,,,,,,,,,,,,,,,,,,,,,,,,,,,,,,,,,,,,,,
2023-01-13,WEC,82.9071044921875,0,85.28529357910156,84.41239929199219,83.51278686523438,0.0103408301911895,0.0065174817870852,0.113996193373592,0.0135344246225191,0.0233657422289247,-0.0294954528682742,0,,,,,,,,,,,,,,,,,,,,,,,,,,,,,,,,,,,,,,,,,,,,,,,,,,,,,,
2023-01-20,WEC,82.63096618652344,0,82.9071044921875,85.28529357910156,84.41239929199219,-0.0278851017228228,-0.0251362833782812,0.0244115534859763,0.0197608685369362,0.0202166040208441,-0.0565580708875046,0,,,,,,,,,,,,,,,,,,,,,,,,,,,,,,,,,,,,,,,,,,,,,,,,,,,,,,
2023-01-27,WEC,83.33464050292969,1,82.63096618652344,82.9071044921875,85.28529357910156,-0.0033306953288916,-0.0105591097101566,0.0233455233453343,0.0181303404809867,0.0202397813238114,-0.0597003885138801,0,,,,,,,,,,,,,,,,,,,,,,,,,,,,,,,,,,,,,,,,,,,,,,,,,,,,,,
2023-02-03,WEC,83.07634735107422,0,83.33464050292969,82.63096618652344,82.9071044921875,0.0085158669791884,-0.0127677781712424,0.0044012978789651,0.0176062332849015,0.0187581308321118,-0.0516929221018818,0,,,,,,,,,,,,,,,,,,,,,,,,,,,,,,,,,,,,,,,,,,,,,,,,,,,,,,
2023-02-10,WEC,83.41767120361328,1,83.07634735107422,83.33464050292969,82.63096618652344,-0.0030994692038827,-0.025900669802802,-0.0253916787706006,0.0153231510952463,0.0167481460869735,-0.054632170685651,0,,,,,,,,,,,,,,,,,,,,,,,,,,,,,,,,,,,,,,,,,,,,,,,,,,,,,,
2023-02-17,WEC,81.75596618652344,0,83.41767120361328,83.07634735107422,83.33464050292969,0.0041085563270693,0.0061582986711818,-0.0507480737091138,0.0057881561768101,0.0134089715094379,-0.0250549613208729,0,,,,,,,,,,,,,,,,,,,,,,,,,,,,,,,,,,,,,,,,,,,,,,,,,,,,,,
2023-02-24,WEC,80.47148132324219,0,81.75596618652344,83.41767120361328,83.07634735107422,-0.0199202997771755,-0.0105892504999258,-0.0444761587576311,0.0125007929766295,0.0125456336434493,-0.0413826023745195,0,,,,,,,,,,,,,,,,,,,,,,,,,,,,,,,,,,,,,,,,,,,,,,,,,,,,,,
2023-03-03,WEC,78.6571044921875,0,80.47148132324219,81.75596618652344,83.41767120361328,-0.015711206450068,-0.0343573712253171,-0.0562465887270964,0.0111125952506376,0.0130128757624747,-0.0564436382152404,0,,,,,,,,,,,,,,,,,,,,,,,,,,,,,,,,,,,,,,,,,,,,,,,,,,,,,,
2023-03-10,WEC,84.6572036743164,1,78.6571044921875,80.47148132324219,81.75596618652344,-0.0225468302710447,-0.0531949586109189,-0.0717068861970821,0.0120832509388301,0.0139984856495032,-0.0777178433555658,0,,,,,,,,,,,,,,,,,,,,,,,,,,,,,,,,,,,,,,,,,,,,,,,,,,,,,,
2023-03-17,WEC,83.73204040527344,0,84.6572036743164,78.6571044921875,80.47148132324219,0.0762817195072933,0.0148593511760544,-0.0045577309900768,0.0479200289318819,0.0276439528161251,-0.0073645745758336,0,,,,,,,,,,,,,,,,,,,,,,,,,,,,,,,,,,,,,,,,,,,,,,,,,,,,,,
2023-03-24,WEC,85.14224243164062,1,83.73204040527344,84.6572036743164,78.6571044921875,-0.0109283466602813,0.0241703977204752,0.002625388856833,0.0465832292610432,0.0272986411496351,-0.0182124386121447,0,,,,,,,,,,,,,,,,,,,,,,,,,,,,,,,,,,,,,,,,,,,,,,,,,,,,,,
2023-03-31,WEC,88.60039520263672,1,85.14224243164062,83.73204040527344,84.6572036743164,0.016841844765058,0.0580424397761074,0.008646160348124,0.0441242724358601,0.0275602455303101,-0.0016773249109854,0,,,,,,,,,,,,,,,,,,,,,,,,,,,,,,,,,,,,,,,,,,,,,,,,,,,,,,
2023-04-07,WEC,86.98358917236328,0,88.60039520263672,85.14224243164062,83.73204040527344,0.0406161814891425,0.1264131291717816,0.0388707300451562,0.0369729247254736,0.0297835848282139,0.0,0,,,,,,,,,,,,,,,,,,,,,,,,,,,,,,,,,,,,,,,,,,,,,,,,,,,,,,
2023-04-14,WEC,87.18120574951172,1,86.98358917236328,88.60039520263672,85.14224243164062,-0.0182482936625244,0.0274800654531028,0.0491693046711083,0.0269925404425011,0.0289770951976573,-0.0182482936625244,0,,,,,,,,,,,,,,,,,,,,,,,,,,,,,,,,,,,,,,,,,,,,,,,,,,,,,,
2023-04-21,WEC,86.38178253173828,0,87.18120574951172,86.98358917236328,88.60039520263672,0.002271883455589,0.0411928973370754,0.0550670017910355,0.02477433142324,0.0288865308842817,-0.0160178682034001,0,,,,,,,,,,,,,,,,,,,,,,,,,,,,,,,,,,,,,,,,,,,,,,,,,,,,,,
2023-04-28,WEC,86.23808288574219,0,86.38178253173828,87.18120574951172,86.98358917236328,-0.0091696737949499,0.0145584619889811,0.0365651307837762,0.0258977979323079,0.0291325215417906,-0.0250406633720343,0,,,,,,,,,,,,,,,,,,,,,,,,,,,,,,,,,,,,,,,,,,,,,,,,,,,,,,
2023-05-05,WEC,85.02869415283203,0,86.23808288574219,86.38178253173828,87.18120574951172,-0.0016635411053632,-0.0266625483045727,0.0380581914766511,0.0090429155133864,0.0291064491254884,-0.0266625483045727,0,,,,,,,,,,,,,,,,,,,,,,,,,,,,,,,,,,,,,,,,,,,,,,,,,,,,,,
2023-05-12,WEC,81.4333724975586,0,85.02869415283203,86.23808288574219,86.38178253173828,-0.0140238360181601,-0.0224742970269656,0.0193127298565602,0.0073293308080939,0.0295391104667485,-0.0403124731174833,0,,,,,,,,,,,,,,,,,,,,,,,,,,,,,,,,,,,,,,,,,,,,,,,,,,,,,,
2023-05-19,WEC,78.69841003417969,0,81.4333724975586,85.02869415283203,86.23808288574219,-0.0422836277928854,-0.0659297288049416,-0.003945812201997,0.0177431278532569,0.0316748627043044,-0.0808915433016582,0,,,,,,,,,,,,,,,,,,,,,,,,,,,,,,,,,,,,,,,,,,,,,,,,,,,,,,
2023-05-26,WEC,78.86140441894531,1,78.69841003417969,81.4333724975586,85.02869415283203,-0.0335852781175297,-0.0889466768613576,-0.0220335361038072,0.0184361347221962,0.0328841634144042,-0.1117600564400457,0,,,,,,,,,,,,,,,,,,,,,,,,,,,,,,,,,,,,,,,,,,,,,,,,,,,,,,
2023-06-02,WEC,81.44243621826172,1,78.86140441894531,78.69841003417969,81.4333724975586,0.0020711267825466,-0.0855385256716608,0.0025973486829546,0.019905397983616,0.032203784033141,-0.1099203989036109,0,,,,,,,,,,,,,,,,,,,,,,,,,,,,,,,,,,,,,,,,,,,,,,,,,,,,,,
2023-06-09,WEC,82.80086517333984,1,81.44243621826172,78.86140441894531,78.69841003417969,0.0327287070060897,-0.0421770317691144,-0.037973938619827,0.0344947664762979,0.0244233395263622,-0.08078924442723,0,,,,,,,,,,,,,,,,,,,,,,,,,,,,,,,,,,,,,,,,,,,,,,,,,,,,,,
2023-06-16,WEC,79.60401916503906,0,82.80086517333984,81.44243621826172,78.86140441894531,0.0166796208236894,0.0167927795919571,-0.0111208950292694,0.0282936276535135,0.0248989249185775,-0.0654571575672191,0,,,,,,,,,,,,,,,,,,,,,,,,,,,,,,,,,,,,,,,,,,,,,,,,,,,,,,
2023-06-23,WEC,79.91191864013672,1,79.60401916503906,82.80086517333984,81.44243621826172,-0.0386088478859288,0.0115073370664802,-0.0650467160416653,0.0305663081674595,0.0264549763103659,-0.1015387800135899,0,,,,,,,,,,,,,,,,,,,,,,,,,,,,,,,,,,,,,,,,,,,,,,,,,,,,,,
2023-06-30,WEC,80.58209991455078,1,79.91191864013672,79.60401916503906,82.80086517333984,0.0038678885604921,0.0133210184237986,-0.0980636321387585,0.0305570438436986,0.0224905960073791,-0.0833813554983519,0,,,,,,,,,,,,,,,,,,,,,,,,,,,,,,,,,,,,,,,,,,,,,,,,,,,,,,
2023-07-07,WEC,82.77368927001953,1,80.58209991455078,79.91191864013672,79.60401916503906,0.0083864996088012,-0.0105637348741052,-0.0735942183890292,0.0247032129934856,0.0227357633961344,-0.0756941335948189,0,,,,,,,,,,,,,,,,,,,,,,,,,,,,,,,,,,,,,,,,,,,,,,,,,,,,,,
2023-07-14,WEC,83.65214538574219,1,82.77368927001953,80.58209991455078,79.91191864013672,0.0271969749831875,-0.0003282079633276,-0.0505558100693838,0.0277814990171885,0.0246307807296356,-0.0417691457153373,0,,,,,,,,,,,,,,,,,,,,,,,,,,,,,,,,,,,,,,,,,,,,,,,,,,,,,,
2023-07-21,WEC,81.5601577758789,0,83.65214538574219,82.77368927001953,80.58209991455078,0.0106127457102582,0.0508532893585478,-0.0315996853270905,0.0101816175580716,0.0249161424965794,-0.0299860272105786,0,,,,,,,,,,,,,,,,,,,,,,,,,,,,,,,,,,,,,,,,,,,,,,,,,,,,,,
2023-07-28,WEC,79.03348541259766,0,81.5601577758789,83.65214538574219,82.77368927001953,-0.0250081764217351,0.0206256984413628,-0.0542443077736447,0.021877041104814,0.0257520041633802,-0.0407925396421908,0,,,,,,,,,,,,,,,,,,,,,,,,,,,,,,,,,,,,,,,,,,,,,,,,,,,,,,
2023-08-04,WEC,79.29088592529297,1,79.03348541259766,81.5601577758789,83.65214538574219,-0.0309792481057277,-0.0192178474325597,-0.0705080655414804,0.0280167883700368,0.0267769578277639,-0.0552126900254221,0,,,,,,,,,,,,,,,,,,,,,,,,,,,,,,,,,,,,,,,,,,,,,,,,,,,,,,
2023-08-11,WEC,78.578125,0,79.29088592529297,79.03348541259766,81.5601577758789,0.0032568538683515,-0.0420762125675607,-0.0263096873745448,0.0205335690611066,0.0242338132051561,-0.0521356558201621,0,,,,,,,,,,,,,,,,,,,,,,,,,,,,,,,,,,,,,,,,,,,,,,,,,,,,,,
2023-08-18,WEC,77.76484680175781,0,78.578125,79.29088592529297,79.03348541259766,-0.0089891910901906,-0.060656189537573,-0.0015284302964627,0.015537085817649,0.0222757977451316,-0.060656189537573,0,,,,,,,,,,,,,,,,,,,,,,,,,,,,,,,,,,,,,,,,,,,,,,,,,,,,,,
2023-08-25,WEC,75.94638061523438,0,77.76484680175781,78.578125,79.29088592529297,-0.0103499313357526,-0.0465338846517476,-0.0139048705164077,0.0141956678575286,0.0224637336162872,-0.0703783334765233,0,,,,,,,,,,,,,,,,,,,,,,,,,,,,,,,,,,,,,,,,,,,,,,,,,,,,,,
2023-09-01,WEC,77.37191009521484,1,75.94638061523438,77.76484680175781,78.578125,-0.0233841672852409,-0.0390607194057925,-0.0674839292417307,0.0108927058517857,0.0205808265065148,-0.0921167620384927,0,,,,,,,,,,,,,,,,,,,,,,,,,,,,,,,,,,,,,,,,,,,,,,,,,,,,,,
2023-09-08,WEC,78.82486724853516,1,77.37191009521484,75.94638061523438,77.76484680175781,0.0187702095667021,-0.0242017201306864,-0.0655664052152079,0.0177353617556453,0.0207943993100347,-0.0750756033998591,0,,,,,,,,,,,,,,,,,,,,,,,,,,,,,,,,,,,,,,,,,,,,,,,,,,,,,,
2023-09-15,WEC,78.07554626464844,0,78.82486724853516,77.37191009521484,75.94638061523438,0.0187788714474321,0.003140088269288,-0.0097878464514276,0.0212545572809773,0.0189926283328271,-0.0577065670575115,0,,,,,,,,,,,,,,,,,,,,,,,,,,,,,,,,,,,,,,,,,,,,,,,,,,,,,,
2023-09-22,WEC,73.60704040527344,0,78.07554626464844,78.82486724853516,77.37191009521484,-0.0095061496459499,0.003995371632155,-0.0229799560157969,0.0211086626770251,0.0190953189109824,-0.0666641494414587,0,,,,,,,,,,,,,,,,,,,,,,,,,,,,,,,,,,,,,,,,,,,,,,,,,,,,,,
2023-09-29,WEC,73.68012237548828,1,73.60704040527344,78.07554626464844,78.82486724853516,-0.0572331040019669,-0.0308025239782352,-0.0865584232313838,0.0358605879771965,0.0245419743803466,-0.1200818572452399,0,,,,,,,,,,,,,,,,,,,,,,,,,,,,,,,,,,,,,,,,,,,,,,,,,,,,,,
2023-10-06,WEC,75.4072265625,1,73.68012237548828,73.60704040527344,78.07554626464844,0.0009928665765184,-0.047714832362073,-0.1098605967032197,0.0324968715965974,0.0222593119979183,-0.1192082159312264,0,,,,,,,,,,,,,,,,,,,,,,,,,,,,,,,,,,,,,,,,,,,,,,,,,,,,,,
2023-10-13,WEC,74.20100402832031,0,75.4072265625,73.68012237548828,73.60704040527344,0.0234405716403409,-0.0433573922206468,-0.0985619530165387,0.0340048807910188,0.0235777954254418,-0.0754404035152395,0,,,,,,,,,,,,,,,,,,,,,,,,,,,,,,,,,,,,,,,,,,,,,,,,,,,,,,
2023-10-20,WEC,74.6853256225586,1,74.20100402832031,75.4072265625,73.68012237548828,-0.015996113226362,-0.0496255539883743,-0.0902297635051293,0.0340915092194583,0.0231384230245607,-0.0641925214679565,0,,,,,,,,,,,,,,,,,,,,,,,,,,,,,,,,,,,,,,,,,,,,,,,,,,,,,,
2023-10-27,WEC,76.7139663696289,1,74.6853256225586,74.20100402832031,75.4072265625,0.0065271568839342,0.0146492130555475,-0.0550166776441568,0.0162577332241231,0.0222077042868426,-0.0580843592424189,0,,,,,,,,,,,,,,,,,,,,,,,,,,,,,,,,,,,,,,,,,,,,,,,,,,,,,,
2023-11-03,WEC,73.38770294189453,0,76.7139663696289,74.6853256225586,74.20100402832031,0.0271625078977706,0.041175881585532,-0.0324995682113075,0.0196870314902228,0.0239668313236927,-0.0267796312583764,0,,,,,,,,,,,,,,,,,,,,,,,,,,,,,,,,,,,,,,,,,,,,,,,,,,,,,,
2023-11-10,WEC,75.42704010009766,1,73.38770294189453,76.7139663696289,74.6853256225586,-0.0433592940783106,-0.0267815660735329,-0.0660542874763869,0.0302854588253733,0.0267116803084586,-0.0689777794296465,0,,,,,,,,,,,,,,,,,,,,,,,,,,,,,,,,,,,,,,,,,,,,,,,,,,,,,,
2023-11-17,WEC,75.2978515625,0,75.42704010009766,73.38770294189453,76.7139663696289,0.0277885405381579,0.0165231736124407,-0.0300625127908991,0.0334193718490209,0.0282847985612998,-0.0431060307114015,0,,,,,,,,,,,,,,,,,,,,,,,,,,,,,,,,,,,,,,,,,,,,,,,,,,,,,,
2023-11-24,WEC,78.40757751464844,1,75.2978515625,75.42704010009766,73.38770294189453,-0.001712761596189,0.0082014229011595,-0.0085393016425628,0.033509044208477,0.0274876496677823,-0.0447449619536238,0,,,,,,,,,,,,,,,,,,,,,,,,,,,,,,,,,,,,,,,,,,,,,,,,,,,,,,
2023-12-01,WEC,77.57709503173828,0,78.40757751464844,75.2978515625,75.42704010009766,0.0412989997406134,0.0220769597136882,0.0133855738879793,0.0374903828773742,0.0296012772782503,-0.0052938843851269,0,,,,,,,,,,,,,,,,,,,,,,,,,,,,,,,,,,,,,,,,,,,,,,,,,,,,,,
2023-12-08,WEC,76.0914306640625,0,77.57709503173828,78.40757751464844,75.2978515625,-0.0105918650879757,0.0570857503628468,-0.0158296773639039,0.0244053047790172,0.0292563128658036,-0.0105918650879757,0,,,,,,,,,,,,,,,,,,,,,,,,,,,,,,,,,,,,,,,,,,,,,,,,,,,,,,
2023-12-15,WEC,76.53434753417969,1,76.0914306640625,77.57709503173828,78.40757751464844,-0.019150812067247,0.0088083870596427,-0.0254127661670209,0.0268530458700711,0.0296431814125978,-0.0295398343374813,0,,,,,,,,,,,,,,,,,,,,,,,,,,,,,,,,,,,,,,,,,,,,,,,,,,,,,,
2023-12-22,WEC,77.66936492919922,1,76.53434753417969,76.0914306640625,77.57709503173828,0.00582085086654,0.0164213977692757,0.039769390438588,0.0267266368626754,0.0239540747217204,-0.0238909304412419,0,,,,,,,,,,,,,,,,,,,,,,,,,,,,,,,,,,,,,,,,,,,,,,,,,,,,,,
2023-12-29,WEC,79.57949829101562,1,77.66936492919922,76.53434753417969,76.0914306640625,0.0148301701339079,-0.0094150668704348,0.0541427243209637,0.0154066317644804,0.0241536688615326,-0.0094150668704348,0,,,,,,,,,,,,,,,,,,,,,,,,,,,,,,,,,,,,,,,,,,,,,,,,,,,,,,
2024-01-05,WEC,76.39592742919922,0,79.57949829101562,77.66936492919922,76.53434753417969,0.0245931373786514,0.0258117845023473,0.0553298658326535,0.01875434686976,0.0242372362069094,0.0,0,,,,,,,,,,,,,,,,,,,,,,,,,,,,,,,,,,,,,,,,,,,,,,,,,,,,,,
2024-01-12,WEC,73.8490982055664,0,76.39592742919922,79.57949829101562,77.66936492919922,-0.0400049124483589,0.0040017221713315,0.0295807776407064,0.0285900288717153,0.0269465598371519,-0.0400049124483589,0,,,,,,,,,,,,,,,,,,,,,,,,,,,,,,,,,,,,,,,,,,,,,,,,,,,,,,
2024-01-19,WEC,73.70145416259766,0,73.8490982055664,76.39592742919922,79.57949829101562,-0.0333372381138132,-0.0350855454462987,-0.0111966763219093,0.0329084530119935,0.0288321461922328,-0.072008497270159,0,,,,,,,,,,,,,,,,,,,,,,,,,,,,,,,,,,,,,,,,,,,,,,,,,,,,,,
2024-01-26,WEC,73.6922378540039,0,73.70145416259766,73.8490982055664,76.39592742919922,-0.0019992667013721,-0.0510872049773881,-0.0392694101164856,0.0298704813079598,0.0274808436117775,-0.073863799780723,0,,,,,,,,,,,,,,,,,,,,,,,,,,,,,,,,,,,,,,,,,,,,,,,,,,,,,,
2024-02-02,WEC,71.5606460571289,0,73.6922378540039,73.70145416259766,73.8490982055664,-0.0001250492096589,-0.073979612380597,0.0041496722189342,0.0207523515070639,0.0243637688025908,-0.073979612380597,0,,,,,,,,,,,,,,,,,,,,,,,,,,,,,,,,,,,,,,,,,,,,,,,,,,,,,,
2024-02-09,WEC,72.8163070678711,1,71.5606460571289,73.6922378540039,73.70145416259766,-0.0289255945938027,-0.0632923970528595,-0.0512600525996743,0.0174704316441641,0.0241133902465181,-0.1007653026984719,0,,,,,,,,,,,,,,,,,,,,,,,,,,,,,,,,,,,,,,,,,,,,,,,,,,,,,,
2024-02-16,WEC,73.55313110351562,1,72.8163070678711,71.5606460571289,73.6922378540039,0.0175468093138755,-0.0139851557133499,-0.0329563784774009,0.0191747212835656,0.0249149844179589,-0.0849866029365012,0,,,,,,,,,,,,,,,,,,,,,,,,,,,,,,,,,,,,,,,,,,,,,,,,,,,,,,
2024-02-23,WEC,73.1147689819336,0,73.55313110351562,72.8163070678711,71.5606460571289,0.0101189426560419,-0.0020124848385597,-0.0619129753144825,0.0203838963901735,0.0212943809921403,-0.0757276348421056,0,,,,,,,,,,,,,,,,,,,,,,,,,,,,,,,,,,,,,,,,,,,,,,,,,,,,,,
2024-03-01,WEC,76.18335723876953,1,73.1147689819336,73.55313110351562,72.8163070678711,-0.0059598023225564,-0.0078362238532417,-0.0575211800336048,0.020570707050031,0.021227698725603,-0.0812361154306483,0,,,,,,,,,,,,,,,,,,,,,,,,,,,,,,,,,,,,,,,,,,,,,,,,,,,,,,
2024-03-08,WEC,75.34393310546875,0,76.18335723876953,73.1147689819336,73.55313110351562,0.0419694720993262,0.0645985110021252,0.0012081067986864,0.0199465913206511,0.0245257508394729,-0.0426760802113465,0,,,,,,,,,,,,,,,,,,,,,,,,,,,,,,,,,,,,,,,,,,,,,,,,,,,,,,
2024-03-15,WEC,74.6257553100586,0,75.34393310546875,76.18335723876953,73.1147689819336,-0.0110184712741118,0.0347123623729186,-0.0155539893794652,0.0238926420938107,0.0246673097908989,-0.0532243263215579,0,,,,,,,,,,,,,,,,,,,,,,,,,,,,,,,,,,,,,,,,,,,,,,,,,,,,,,
2024-03-22,WEC,76.59375762939453,1,74.6257553100586,75.34393310546875,76.18335723876953,-0.0095319923689785,0.0145829849858247,-0.0391867452748593,0.0254916630567058,0.0242425487892574,-0.0622489848181952,0,,,,,,,,,,,,,,,,,,,,,,,,,,,,,,,,,,,,,,,,,,,,,,,,,,,,,,
2024-03-29,WEC,74.8775863647461,0,76.59375762939453,74.6257553100586,75.34393310546875,0.026371623458405,0.0475825704697308,-0.0375189681480836,0.0264460367236664,0.0244316488347943,0.0,0,,,,,,,,,,,,,,,,,,,,,,,,,,,,,,,,,,,,,,,,,,,,,,,,,,,,,,
2024-04-05,WEC,73.65573120117188,0,74.8775863647461,76.59375762939453,74.6257553100586,-0.0224061505501829,-0.0171398442041739,-0.0198746335772972,0.0211423604376864,0.02245023961394,-0.0224061505501829,0,,,,,,,,,,,,,,,,,,,,,,,,,,,,,,,,,,,,,,,,,,,,,,,,,,,,,,
2024-04-12,WEC,76.07144165039062,1,73.65573120117188,74.8775863647461,76.59375762939453,-0.0163180361827139,-0.0224066070712511,-0.0026184071179349,0.0218700849393561,0.0207232360974228,-0.0383585623575036,0,,,,,,,,,,,,,,,,,,,,,,,,,,,,,,,,,,,,,,,,,,,,,,,,,,,,,,
2024-04-19,WEC,76.00614929199219,0,76.07144165039062,73.65573120117188,74.8775863647461,0.0327973181424383,0.019372485200658,0.032156590595409,0.0284894336442094,0.0227563256095594,-0.006819302188191,0,,,,,,,,,,,,,,,,,,,,,,,,,,,,,,,,,,,,,,,,,,,,,,,,,,,,,,
2024-04-26,WEC,77.6197280883789,1,76.00614929199219,76.07144165039062,73.65573120117188,-0.0008583031553222,-0.007671752314928,0.0313996630496213,0.0247197964532858,0.022766100576858,-0.007671752314928,0,,,,,,,,,,,,,,,,,,,,,,,,,,,,,,,,,,,,,,,,,,,,,,,,,,,,,,
2024-05-03,WEC,79.68099975585938,1,77.6197280883789,76.00614929199219,76.07144165039062,0.0212295822300883,0.0366216628601676,0.0846705887257202,0.0220142625436936,0.0209397470962439,0.0,0,,,,,,,,,,,,,,,,,,,,,,,,,,,,,,,,,,,,,,,,,,,,,,,,,,,,,,
2024-05-10,WEC,80.533447265625,1,79.68099975585938,77.6197280883789,76.00614929199219,0.0265560279357519,0.0818031191385639,0.0942741120006236,0.0146437083086494,0.0215063011960759,0.0,0,,,,,,,,,,,,,,,,,,,,,,,,,,,,,,,,,,,,,,,,,,,,,,,,,,,,,,
2024-05-17,WEC,76.01226043701172,0,80.533447265625,79.68099975585938,77.6197280883789,0.0106982531893111,0.0586554627916857,0.094901686133328,0.0121234042236704,0.0215127616472034,0.0,0,,,,,,,,,,,,,,,,,,,,,,,,,,,,,,,,,,,,,,,,,,,,,,,,,,,,,,
2024-05-24,WEC,76.3230972290039,1,76.01226043701172,80.533447265625,79.68099975585938,-0.0561404855016446,8.040329731806573e-05,0.0396293593677918,0.0383872880873795,0.0282511631040961,-0.0561404855016446,0,,,,,,,,,,,,,,,,,,,,,,,,,,,,,,,,,,,,,,,,,,,,,,,,,,,,,,
2024-05-31,WEC,75.2116470336914,0,76.3230972290039,76.01226043701172,80.533447265625,0.0040892980975058,-0.016704913703107,0.0018342587580697,0.0362096423781463,0.0255641749400509,-0.0522807625846937,0,,,,,,,,,,,,,,,,,,,,,,,,,,,,,,,,,,,,,,,,,,,,,,,,,,,,,,
2024-06-07,WEC,74.27914428710938,0,75.2116470336914,76.3230972290039,76.01226043701172,-0.0145624356933216,-0.0560905703475352,-0.0017557627578609,0.0300741388234924,0.0257287224587013,-0.0660818630348779,0,,,,,,,,,,,,,,,,,,,,,,,,,,,,,,,,,,,,,,,,,,,,,,,,,,,,,,
2024-06-14,WEC,73.68574523925781,0,74.27914428710938,75.2116470336914,76.3230972290039,-0.0123983822101956,-0.0776609370500053,-0.0046446568146493,0.0256484998934869,0.0258399524400962,-0.0776609370500053,0,,,,,,,,,,,,,,,,,,,,,,,,,,,,,,,,,,,,,,,,,,,,,,,,,,,,,,
2024-06-21,WEC,73.90238189697266,1,73.68574523925781,74.27914428710938,75.2116470336914,-0.007988770650856,-0.0306071044904893,-0.0379667022501675,0.0083314234162779,0.0245121737799634,-0.0850292922862383,0,,,,,,,,,,,,,,,,,,,,,,,,,,,,,,,,,,,,,,,,,,,,,,,,,,,,,,
2024-06-28,WEC,73.32781219482422,0,73.90238189697266,73.68574523925781,74.27914428710938,0.0029400076909233,-0.0317166810561684,-0.0130239837462573,0.0077909177834078,0.023763062280181,-0.0823392713685902,0,,,,,,,,,,,,,,,,,,,,,,,,,,,,,,,,,,,,,,,,,,,,,,,,,,,,,,
2024-07-05,WEC,76.09703826904297,1,73.32781219482422,73.90238189697266,73.68574523925781,-0.0077747115505619,-0.0250471158811788,-0.0044520501120548,0.0065216206766276,0.0233817644658377,-0.0894738188349779,0,,,,,,,,,,,,,,,,,,,,,,,,,,,,,,,,,,,,,,,,,,,,,,,,,,,,,,
2024-07-12,WEC,76.81289672851562,1,76.09703826904297,73.32781219482422,73.90238189697266,0.0377650170014782,0.0244738142769513,0.0003364813141044,0.0216301226309797,0.0240518785831059,-0.0550877821229897,0,,,,,,,,,,,,,,,,,,,,,,,,,,,,,,,,,,,,,,,,,,,,,,,,,,,,,,
2024-07-19,WEC,78.86625671386719,1,76.81289672851562,76.09703826904297,73.32781219482422,0.0094071789882508,0.0424390291379146,0.0106142390324783,0.0194564942079304,0.0241892457088559,-0.0461988237612356,0,,,,,,,,,,,,,,,,,,,,,,,,,,,,,,,,,,,,,,,,,,,,,,,,,,,,,,
2024-07-26,WEC,84.92274475097656,1,78.86625671386719,76.81289672851562,76.09703826904297,0.0267319691458698,0.0671679949885062,0.0160594304590833,0.0199704755567247,0.0246521644188524,-0.0207018401467267,0,,,,,,,,,,,,,,,,,,,,,,,,,,,,,,,,,,,,,,,,,,,,,,,,,,,,,,
2024-08-02,WEC,82.869384765625,0,84.92274475097656,78.86625671386719,76.81289672851562,0.0767944148672197,0.1581246216012259,0.0657841268455186,0.0285724596487412,0.0323406074323488,0.0,0,,,,,,,,,,,,,,,,,,,,,,,,,,,,,,,,,,,,,,,,,,,,,,,,,,,,,,
2024-08-09,WEC,85.12405395507812,1,82.869384765625,84.92274475097656,78.86625671386719,-0.0241791523739928,0.0889961902674612,0.0290058054052415,0.0420942213128444,0.0334096153445866,-0.0241791523739928,0,,,,,,,,,,,,,,,,,,,,,,,,,,,,,,,,,,,,,,,,,,,,,,,,,,,,,,
2024-08-16,WEC,88.10001373291016,1,85.12405395507812,82.869384765625,84.92274475097656,0.0272075048684128,0.1082000234405573,0.1198726819289499,0.041224515731369,0.0282939233192678,0.0,0,,,,,,,,,,,,,,,,,,,,,,,,,,,,,,,,,,,,,,,,,,,,,,,,,,,,,,
2024-08-23,WEC,88.45181274414062,1,88.10001373291016,85.12405395507812,82.869384765625,0.03496026845012,0.117081213230948,0.1543034406553256,0.0414354756541286,0.0291154342038841,0.0,0,,,,,,,,,,,,,,,,,,,,,,,,,,,,,,,,,,,,,,,,,,,,,,,,,,,,,,
2024-08-30,WEC,89.04129791259766,1,88.45181274414062,88.10001373291016,85.12405395507812,0.0039931777116062,0.0415562168122631,0.1760387683641369,0.0265984192163688,0.0280251259007206,0.0,0,,,,,,,,,,,,,,,,,,,,,,,,,,,,,,,,,,,,,,,,,,,,,,,,,,,,,,
2024-09-06,WEC,91.13302612304688,1,89.04129791259766,88.45181274414062,88.10001373291016,0.0066644780945552,0.074477603091037,0.1987388757257149,0.0152418682798344,0.02691376368188,0.0,0,,,,,,,,,,,,,,,,,,,,,,,,,,,,,,,,,,,,,,,,,,,,,,,,,,,,,,
2024-09-13,WEC,90.05864715576172,0,91.13302612304688,89.04129791259766,88.45181274414062,0.0234916635256423,0.0705907659325038,0.2367795945760973,0.0146105621722651,0.0259276640642092,0.0,0,,,,,,,,,,,,,,,,,,,,,,,,,,,,,,,,,,,,,,,,,,,,,,,,,,,,,,
2024-09-20,WEC,90.5720672607422,1,90.05864715576172,91.13302612304688,89.04129791259766,-0.0117891286286767,0.0222319309596192,0.2186162995573339,0.0144476989340253,0.0270388700588043,-0.0117891286286767,0,,,,,,,,,,,,,,,,,,,,,,,,,,,,,,,,,,,,,,,,,,,,,,,,,,,,,,
2024-09-27,WEC,90.78124237060548,1,90.5720672607422,90.05864715576172,91.13302612304688,0.0057009528923133,0.0239707299468774,0.2351666380022605,0.0144099640958645,0.0261855065624017,-0.0061553850033169,0,,,,,,,,,,,,,,,,,,,,,,,,,,,,,,,,,,,,,,,,,,,,,,,,,,,,,,
2024-10-04,WEC,90.7527084350586,0,90.78124237060548,90.5720672607422,90.05864715576172,0.0023094880815859,0.0195408703466535,0.1929668280866088,0.0145089174152027,0.0257570622997278,-0.0038601127100337,0,,,,,,,,,,,,,,,,,,,,,,,,,,,,,,,,,,,,,,,,,,,,,,,,,,,,,,
2024-10-11,WEC,94.93618774414062,1,90.7527084350586,90.78124237060548,90.5720672607422,-0.0003143153233173,-0.0041732147407765,0.1814774901122564,0.0075879021844128,0.0261032155990262,-0.0041732147407765,0,,,,,,,,,,,,,,,,,,,,,,,,,,,,,,,,,,,,,,,,,,,,,,,,,,,,,,
2024-10-18,WEC,92.4070816040039,0,94.93618774414062,90.7527084350586,90.78124237060548,0.0460975697719883,0.0541596031299793,0.2037618076457765,0.0219049379157691,0.0275029394351353,0.0,0,,,,,,,,,,,,,,,,,,,,,,,,,,,,,,,,,,,,,,,,,,,,,,,,,,,,,,
2024-10-25,WEC,90.86681365966795,0,92.4070816040039,94.93618774414062,90.7527084350586,-0.0266400642392848,0.0202602678591734,0.0881311228808496,0.0301388848467337,0.0224273747959911,-0.0266400642392848,0,,,,,,,,,,,,,,,,,,,,,,,,,,,,,,,,,,,,,,,,,,,,,,,,,,,,,,
2024-11-01,WEC,92.7873992919922,1,90.86681365966795,92.4070816040039,94.93618774414062,-0.0166682890272037,0.0009426098038312,0.096506434996008,0.0322028897813433,0.0215571574728911,-0.0428643089760449,0,,,,,,,,,,,,,,,,,,,,,,,,,,,,,,,,,,,,,,,,,,,,,,,,,,,,,,
2024-11-08,WEC,93.96183776855467,1,92.7873992919922,90.86681365966795,92.4070816040039,0.0211362713731502,0.0224201667588752,0.0900256153326317,0.03374485415414,0.0211302986669441,-0.0226340292696349,0,,,,,,,,,,,,,,,,,,,,,,,,,,,,,,,,,,,,,,,,,,,,,,,,,,,,,,
2024-11-15,WEC,96.53194427490234,1,93.96183776855467,92.7873992919922,90.86681365966795,0.0126573056850818,-0.0102632094119038,0.066536017274817,0.0228898922012852,0.0193966535693978,-0.0102632094119038,0,,,,,,,,,,,,,,,,,,,,,,,,,,,,,,,,,,,,,,,,,,,,,,,,,,,,,,
2024-11-22,WEC,96.90594482421876,1,96.53194427490234,93.96183776855467,92.7873992919922,0.0273526632448197,0.0446379498118434,0.0913506606601115,0.0194797104959647,0.0203734227511692,0.0,0,,,,,,,,,,,,,,,,,,,,,,,,,,,,,,,,,,,,,,,,,,,,,,,,,,,,,,
2024-11-29,WEC,93.10832977294922,0,96.90594482421876,96.53194427490234,93.96183776855467,0.0038743708326367,0.0664613506441385,0.0883258341465438,0.0102177675739167,0.0203997272988968,0.0,0,,,,,,,,,,,,,,,,,,,,,,,,,,,,,,,,,,,,,,,,,,,,,,,,,,,,,,
2024-12-06,WEC,91.8136978149414,0,93.10832977294922,96.90594482421876,96.53194427490234,-0.0391886695719045,0.0034587722406906,0.0216749485223426,0.0285985187047629,0.0236358203026596,-0.0391886695719045,0,,,,,,,,,,,,,,,,,,,,,,,,,,,,,,,,,,,,,,,,,,,,,,,,,,,,,,
2024-12-13,WEC,90.62454986572266,0,91.8136978149414,93.10832977294922,96.90594482421876,-0.0139045771862179,-0.0228618341725557,0.0194878639043314,0.028123153042927,0.0237559577399801,-0.0525483448772349,0,,,,,,,,,,,,,,,,,,,,,,,,,,,,,,,,,,,,,,,,,,,,,,,,,,,,,,
2024-12-20,WEC,90.93143463134766,1,90.62454986572266,91.8136978149414,93.10832977294922,-0.0129517487860644,-0.0611962646515923,0.0005794568520709,0.0177534127353345,0.0240902288574652,-0.0648195007013259,0,,,,,,,,,,,,,,,,,,,,,,,,,,,,,,,,,,,,,,,,,,,,,,,,,,,,,,
2024-12-27,WEC,89.94367218017578,0,90.93143463134766,90.62454986572266,91.8136978149414,0.0033863314750772,-0.0616526695416723,0.0016544415654617,0.0175762821370965,0.0241003440955125,-0.0616526695416723,0,,,,,,,,,,,,,,,,,,,,,,,,,,,,,,,,,,,,,,,,,,,,,,,,,,,,,,
2025-01-03,WEC,89.57925415039062,0,89.94367218017578,90.93143463134766,90.62454986572266,-0.0108627171140149,-0.0339889846643223,-0.0089147339934405,0.0080801641001947,0.0243202560065767,-0.0718456711471323,0,,,,,,,,,,,,,,,,,,,,,,,,,,,,,,,,,,,,,,,,,,,,,,,,,,,,,,
2025-01-10,WEC,94.96878051757812,1,89.57925415039062,89.94367218017578,90.93143463134766,-0.0040516249887502,-0.0243367135593917,-0.056426676918893,0.0073895121712285,0.0194008817065098,-0.0756062044193293,0,,,,,,,,,,,,,,,,,,,,,,,,,,,,,,,,,,,,,,,,,,,,,,,,,,,,,,
2025-01-17,WEC,93.99060821533205,0,94.96878051757812,89.57925415039062,89.94367218017578,0.0601648944089137,0.0479365763282937,0.0277218895901505,0.0325284974151194,0.0256385677837793,-0.0199901493159632,0,,,,,,,,,,,,,,,,,,,,,,,,,,,,,,,,,,,,,,,,,,,,,,,,,,,,,,
2025-01-24,WEC,95.1893539428711,1,93.99060821533205,94.96878051757812,89.57925415039062,-0.0102999353778691,0.0336426407038095,0.03437772746565,0.0344234952237361,0.025267174071645,-0.030084187447684,0,,,,,,,,,,,,,,,,,,,,,,,,,,,,,,,,,,,,,,,,,,,,,,,,,,,,,,
2025-01-31,WEC,97.61559295654295,1,95.1893539428711,93.99060821533205,94.96878051757812,0.0127538883969422,0.0583218545067532,0.0258866469930922,0.031871882259307,0.0248356842144988,-0.0177139894199622,0,,,,,,,,,,,,,,,,,,,,,,,,,,,,,,,,,,,,,,,,,,,,,,,,,,,,,,
2025-02-07,WEC,99.6042709350586,1,97.61559295654295,95.1893539428711,93.99060821533205,0.0254885542676128,0.0897120531128836,0.0388855228330904,0.0294250613000283,0.0255819429513474,0.0,0,,,,,,,,,,,,,,,,,,,,,,,,,,,,,,,,,,,,,,,,,,,,,,,,,,,,,,
2025-02-14,WEC,100.6489715576172,1,99.6042709350586,97.61559295654295,95.1893539428711,0.0203725441631128,0.0488106764372158,0.0318270463030032,0.0158100310268701,0.025063898967517,0.0,0,,,,,,,,,,,,,,,,,,,,,,,,,,,,,,,,,,,,,,,,,,,,,,,,,,,,,,
2025-02-21,WEC,103.20267486572266,1,100.6489715576172,99.6042709350586,97.61559295654295,0.0104885123173055,0.0708407304592697,0.0386253571975181,0.0069174686045094,0.0251598534770324,0.0,0,,,,,,,,,,,,,,,,,,,,,,,,,,,,,,,,,,,,,,,,,,,,,,,,,,,,,,
2025-02-28,WEC,103.34777069091795,1,103.20267486572266,100.6489715576172,99.6042709350586,0.025372373592944,0.0841829531447482,0.1084150592904971,0.0070439691827968,0.0219056649597382,0.0,0,,,,,,,,,,,,,,,,,,,,,,,,,,,,,,,,,,,,,,,,,,,,,,,,,,,,,,
2025-03-07,WEC,103.26071166992188,0,103.34777069091795,103.20267486572266,100.6489715576172,0.0014059308577427,0.05872194759834,0.1256247504509022,0.010649091471238,0.0208831601843726,0.0,0,,,,,,,,,,,,,,,,,,,,,,,,,,,,,,,,,,,,,,,,,,,,,,,,,,,,,,
2025-03-14,WEC,103.3187484741211,1,103.26071166992188,103.34777069091795,103.20267486572266,-0.0008423889592786,0.0367096782149758,0.1394342021331094,0.0118991282286787,0.0199389248872067,-0.0008423889592786,0,,,,,,,,,,,,,,,,,,,,,,,,,,,,,,,,,,,,,,,,,,,,,,,,,,,,,,
2025-03-21,WEC,104.0345687866211,1,103.3187484741211,103.26071166992188,103.34777069091795,0.0005620414895526,0.0265256254007084,0.1362269702770426,0.0125329440817679,0.0200547753746194,-0.0002808209272715,0,,,,,,,,,,,,,,,,,,,,,,,,,,,,,,,,,,,,,,,,,,,,,,,,,,,,,,
2025-03-28,WEC,100.94883728027344,0,104.0345687866211,103.3187484741211,103.26071166992188,0.0069282712292948,0.0080607786763358,0.156663568040877,0.003405238613711,0.0189272566339194,0.0,0,,,,,,,,,,,,,,,,,,,,,,,,,,,,,,,,,,,,,,,,,,,,,,,,,,,,,,
2025-04-04,WEC,103.46383666992188,1,100.94883728027344,104.0345687866211,103.3187484741211,-0.0296606362898145,-0.0232122414891658,0.1269220562028226,0.0162929797012711,0.0221205181625807,-0.0296606362898145,0,,,,,,,,,,,,,,,,,,,,,,,,,,,,,,,,,,,,,,,,,,,,,,,,,,,,,,
2025-04-11,WEC,104.84709930419922,1,103.46383666992188,100.94883728027344,104.0345687866211,0.0249136043307345,0.0019671082710459,0.0894510396579364,0.0227073883820221,0.0165169285128733,-0.0054859853158022,0,,,,,,,,,,,,,,,,,,,,,,,,,,,,,,,,,,,,,,,,,,,,,,,,,,,,,,
2025-04-18,WEC,104.20868682861328,0,104.84709930419922,103.46383666992188,100.94883728027344,0.0133695277383762,0.0147925797848871,0.1155061265695294,0.0235706714046649,0.0156139657427525,0.0,0,,,,,,,,,,,,,,,,,,,,,,,,,,,,,,,,,,,,,,,,,,,,,,,,,,,,,,
2025-04-25,WEC,105.06959533691406,1,104.20868682861328,104.84709930419922,103.46383666992188,-0.0060889855782626,0.0016736556321899,0.0947514875576867,0.0239071563532754,0.0161685796914669,-0.0060889855782626,0,,,,,,,,,,,,,,,,,,,,,,,,,,,,,,,,,,,,,,,,,,,,,,,,,,,,,,
2025-05-02,WEC,104.1022720336914,0,105.06959533691406,104.20868682861328,104.84709930419922,0.0082613890885763,0.0408202626960405,0.0763607755134931,0.012852958906885,0.0151793628201989,0.0,0,,,,,,,,,,,,,,,,,,,,,,,,,,,,,,,,,,,,,,,,,,,,,,,,,,,,,,
2025-05-09,WEC,103.88567352294922,0,104.1022720336914,105.06959533691406,104.20868682861328,-0.0092065007019476,0.0061706136590151,0.045158717155467,0.0109361145158928,0.0150800769677596,-0.0092065007019476,0,,,,,,,,,,,,,,,,,,,,,,,,,,,,,,,,,,,,,,,,,,,,,,,,,,,,,,
2025-05-16,WEC,104.18814086914062,1,103.88567352294922,104.1022720336914,105.06959533691406,-0.0020806319258055,-0.0091697890321271,0.0321583212947105,0.0076080091068493,0.0150090075310191,-0.0112679772884677,0,,,,,,,,,,,,,,,,,,,,,,,,,,,,,,,,,,,,,,,,,,,,,,,,,,,,,,
2025-05-23,WEC,104.8321304321289,1,104.18814086914062,103.88567352294922,104.1022720336914,0.0029115405034612,-0.0001971616771876,0.0095488416816731,0.0074344477844344,0.0132251133207062,-0.008389243957274,0,,,,,,,,,,,,,,,,,,,,,,,,,,,,,,,,,,,,,,,,,,,,,,,,,,,,,,
2025-05-30,WEC,103.03678894042967,0,104.8321304321289,104.18814086914062,103.88567352294922,0.0061810255717791,-0.0022600725169227,0.0143627649758426,0.0066974323194185,0.0133141520649829,-0.0022600725169227,0,,,,,,,,,,,,,,,,,,,,,,,,,,,,,,,,,,,,,,,,,,,,,,,,,,,,,,
2025-06-06,WEC,102.55867767333984,0,103.03678894042967,104.8321304321289,104.18814086914062,-0.0171258705160205,-0.01023496483263,-0.0021685181698918,0.0103075003138108,0.0143394097402369,-0.0193472373236617,0,,,,,,,,,,,,,,,,,,,,,,,,,,,,,,,,,,,,,,,,,,,,,,,,,,,,,,
2025-06-13,WEC,101.66101837158205,0,102.55867767333984,103.03678894042967,104.8321304321289,-0.0046401996025542,-0.0127736174258544,-0.0073565622116651,0.0103497924668602,0.0143965529101485,-0.0238976618832761,0,,,,,,,,,,,,,,,,,,,,,,,,,,,,,,,,,,,,,,,,,,,,,,,,,,,,,,
2025-06-20,WEC,100.6267318725586,0,101.66101837158205,102.55867767333984,103.03678894042967,-0.008752641142829,-0.0242553756740188,-0.0228150166115198,0.0096877923387364,0.0143706880741266,-0.0324411353674881,0,,,,,,,,,,,,,,,,,,,,,,,,,,,,,,,,,,,,,,,,,,,,,,,,,,,,,,
2025-06-27,WEC,101.80736541748048,1,100.6267318725586,101.66101837158205,102.55867767333984,-0.010173875056445,-0.0401155499009246,-0.0031907787785663,0.0051952448968087,0.0118128577908305,-0.042284958366015,0,,,,,,,,,,,,,,,,,,,,,,,,,,,,,,,,,,,,,,,,,,,,,,,,,,,,,,
2025-07-04,WEC,102.948974609375,1,101.80736541748048,100.6267318725586,101.66101837158205,0.0117328022380487,-0.0119318889456075,-0.0160101471756358,0.0100713485324997,0.0096865938080748,-0.0310482771821191,0,,,,,,,,,,,,,,,,,,,,,,,,,,,,,,,,,,,,,,,,,,,,,,,,,,,,,,
2025-07-11,WEC,105.2029037475586,1,102.948974609375,101.80736541748048,100.6267318725586,0.0112134243648596,0.0038055964145549,-0.018103740660646,0.0121033945245486,0.0094056558396085,-0.0201830103251005,0,,,,,,,,,,,,,,,,,,,,,,,,,,,,,,,,,,,,,,,,,,,,,,,,,,,,,,
2025-07-18,WEC,106.86164093017578,1,105.2029037475586,102.948974609375,101.80736541748048,0.0218936531105413,0.0348401524272616,0.0095406337916958,0.0134883449048008,0.0114137170281387,0.0,0,,,,,,,,,,,,,,,,,,,,,,,,,,,,,,,,,,,,,,,,,,,,,,,,,,,,,,
2025-07-25,WEC,107.5641632080078,1,106.86164093017578,105.2029037475586,102.948974609375,0.0157670285089985,0.061960762727677,0.0170557960893955,0.0049339449328374,0.0120449127005051,0.0,0,,,,,,,,,,,,,,,,,,,,,,,,,,,,,,,,,,,,,,,,,,,,,,,,,,,,,,
2025-08-01,WEC,107.6714859008789,1,107.5641632080078,106.86164093017578,105.2029037475586,0.0065741296101851,0.0565459853215972,0.033254712953777,0.0065387203898034,0.0116266992530167,0.0,0,,,,,,,,,,,,,,,,,,,,,,,,,,,,,,,,,,,,,,,,,,,,,,,,,,,,,,
2025-08-08,WEC,105.6119155883789,0,107.6714859008789,107.5641632080078,106.86164093017578,0.0009977551042121,0.0458723489905827,0.0364421026455912,0.009321116986343,0.0115430829835302,0.0,0,,,,,,,,,,,,,,,,,,,,,,,,,,,,,,,,,,,,,,,,,,,,,,,,,,,,,,
2025-08-15,WEC,106.77269744873048,1,105.6119155883789,107.6714859008789,107.5641632080078,-0.0191282798344216,0.0038878379422089,0.013665420146296,0.0147679000360345,0.0132011359362527,-0.0191282798344216,0,,,,,,,,,,,,,,,,,,,,,,,,,,,,,,,,,,,,,,,,,,,,,,,,,,,,,,
2025-08-22,WEC,104.7757568359375,0,106.77269744873048,105.6119155883789,107.6714859008789,0.0109910122724758,-0.0008323237475216,0.0185111855363651,0.0133019825732367,0.0134366655929303,-0.0083475067203572,0,,,,,,,,,,,,,,,,,,,,,,,,,,,,,,,,,,,,,,,,,,,,,,,,,,,,,,
2025-08-29,WEC,106.034912109375,1,104.7757568359375,106.77269744873048,105.6119155883789,-0.0187027270126977,-0.0259231912275288,0.0168771553674211,0.0149502019824187,0.0136427078044279,-0.0268941125936273,0,,,,,,,,,,,,,,,,,,,,,,,,,,,,,,,,,,,,,,,,,,,,,,,,,,,,,,
2025-09-05,WEC,108.720458984375,1,106.034912109375,104.7757568359375,106.77269744873048,0.0120176204063038,-0.015199695423638,0.0338950785530536,0.0175687501371288,0.0138096992060783,-0.015199695423638,0,,,,,,,,,,,,,,,,,,,,,,,,,,,,,,,,,,,,,,,,,,,,,,,,,,,,,,
2025-09-12,WEC,108.32697296142578,0,108.720458984375,106.034912109375,104.7757568359375,0.0253270061866968,0.0294336427729575,0.0694409787140823,0.0185916417141104,0.0146792655547374,0.0,0,,,,,,,,,,,,,,,,,,,,,,,,,,,,,,,,,,,,,,,,,,,,,,,,,,,,,,
2025-09-19,WEC,111.01252746582033,1,108.32697296142578,108.720458984375,106.034912109375,-0.00361924541733,0.0145568628482166,0.0765228179984953,0.0190818530126424,0.0141468200560727,-0.00361924541733,0,,,,,,,,,,,,,,,,,,,,,,,,,,,,,,,,,,,,,,,,,,,,,,,,,,,,,,
2025-09-26,WEC,111.44536590576172,1,111.01252746582033,108.32697296142578,108.720458984375,0.0247911894053463,0.059524939911898,0.0904174468182368,0.0136325003086109,0.0150780468825357,0.0,0,,,,,,,,,,,,,,,,,,,,,,,,,,,,,,,,,,,,,,,,,,,,,,,,,,,,,,
2025-10-03,WEC,113.2553939819336,1,111.44536590576172,111.01252746582033,108.32697296142578,0.0038990053629277,0.0510252113078175,0.0825301206605024,0.0147125005140779,0.0150552105190488,0.0,0,,,,,,,,,,,,,,,,,,,,,,,,,,,,,,,,,,,,,,,,,,,,,,,,,,,,,,
2025-10-10,WEC,114.93755340576172,1,113.2553939819336,111.44536590576172,111.01252746582033,0.0162413938117662,0.0417118823809448,0.0765424712391731,0.0126492384605195,0.0146199311621297,0.0,0,,,,,,,,,,,,,,,,,,,,,,,,,,,,,,,,,,,,,,,,,,,,,,,,,,,,,,
2025-10-17,WEC,113.94400024414062,0,114.93755340576172,113.2553939819336,111.44536590576172,0.0148527974225798,0.061024325369914,0.0755735398154966,0.0085761408716158,0.0145681927885147,0.0,0,,,,,,,,,,,,,,,,,,,,,,,,,,,,,,,,,,,,,,,,,,,,,,,,,,,,,,
2025-10-24,WEC,109.9107666015625,0,113.94400024414062,114.93755340576172,113.2553939819336,-0.0086442866772495,0.0264066844097652,0.0593119199355967,0.0115577987481801,0.0151809266975133,-0.0086442866772495,0,,,,,,,,,,,,,,,,,,,,,,,,,,,,,,,,,,,,,,,,,,,,,,,,,,,,,,
2025-10-31,WEC,111.0322036743164,1,109.9107666015625,113.94400024414062,114.93755340576172,-0.0353966302213049,-0.0137699696324464,0.0207973418584104,0.0242908018328699,0.0191516237804972,-0.043734938279513,0,,,,,,,,,,,,,,,,,,,,,,,,,,,,,,,,,,,,,,,,,,,,,,,,,,,,,,
2025-11-07,WEC,110.04257202148438,0,111.0322036743164,109.9107666015625,113.94400024414062,0.0102031594122096,-0.0196298845419391,0.0513226945628275,0.0228199328022216,0.0180668650461357,-0.0339780134144523,0,,,,,,,,,,,,,,,,,,,,,,,,,,,,,,,,,,,,,,,,,,,,,,,,,,,,,,
2025-11-14,WEC,110.21115112304688,1,110.04257202148438,111.0322036743164,109.9107666015625,-0.0089130146037167,-0.0425881814884008,0.0306246320537515,0.0187464155322664,0.0183117520084584,-0.0425881814884008,0,,,,,,,,,,,,,,,,,,,,,,,,,,,,,,,,,,,,,,,,,,,,,,,,,,,,,,
2025-11-21,WEC,111.13337707519533,1,110.21115112304688,110.04257202148438,111.0322036743164,0.0015319443962977,-0.0327603832856105,0.051876449774735,0.019778265810101,0.0170529911122794,-0.0411214798180827,0,,,,,,,,,,,,,,,,,,,,,,,,,,,,,,,,,,,,,,,,,,,,,,,,,,,,,,
2025-11-28,WEC,104.82653045654295,0,111.13337707519533,110.21115112304688,110.04257202148438,0.0083678098155313,0.0111236643273073,0.0480828895351113,0.0086527438044825,0.0169360969615076,-0.0330977667250024,0,,,,,,,,,,,,,,,,,,,,,,,,,,,,,,,,,,,,,,,,,,,,,,,,,,,,,,
2025-12-05,WEC,103.01182556152344,0,104.82653045654295,111.13337707519533,110.21115112304688,-0.0567502471771823,-0.0558907507228816,-0.0358159684406009,0.0294109236205313,0.0230380658230037,-0.0879697074595281,0,,,,,,,,,,,,,,,,,,,,,,,,,,,,,,,,,,,,,,,,,,,,,,,,,,,,,,
2025-12-12,WEC,103.07132720947266,1,103.01182556152344,104.82653045654295,111.13337707519533,-0.0173115039400434,-0.063891149859604,-0.0490657797831664,0.0292315774255493,0.0234189912020319,-0.1037583234622815,0,,,,,,,,,,,,,,,,,,,,,,,,,,,,,,,,,,,,,,,,,,,,,,,,,,,,,,
2025-12-19,WEC,104.6182861328125,1,103.07132720947266,103.01182556152344,104.82653045654295,0.0005776195851774,-0.064783135289122,-0.0715342712901719,0.0290436382612973,0.0216996482266103,-0.103240636716861,0,,,,,,,,,,,,,,,,,,,,,,,,,,,,,,,,,,,,,,,,,,,,,,,,,,,,,,
2025-12-26,WEC,105.58018493652344,1,104.6182861328125,103.07132720947266,103.01182556152344,0.015008625242556,-0.0586240705883935,-0.0612594316278902,0.0310431151274105,0.0223840250367634,-0.0897815115005912,0,,,,,,,,,,,,,,,,,,,,,,,,,,,,,,,,,,,,,,,,,,,,,,,,,,,,,,
2026-01-02,WEC,103.775390625,0,105.58018493652344,104.6182861328125,103.07132720947266,0.009194365911231,0.0071895394867895,-0.0677690375315325,0.0140933804809089,0.0218618852597942,-0.0814126296581601,0,,,,,,,,,,,,,,,,,,,,,,,,,,,,,,,,,,,,,,,,,,,,,,,,,,,,,,
2026-01-09,WEC,107.68245697021484,1,103.775390625,105.58018493652344,104.6182861328125,-0.0170940627979436,0.0074124020161212,-0.0971150198521815,0.0139948212885329,0.0210749445033742,-0.089242168059336,0,,,,,,,,,,,,,,,,,,,,,,,,,,,,,,,,,,,,,,,,,,,,,,,,,,,,,,
2026-01-16,WEC,108.18820190429688,1,107.68245697021484,103.775390625,105.58018493652344,0.037649256935426,0.044737269671234,-0.0549528124386502,0.0224992217589036,0.0248914495784598,-0.0310520583086888,0,,,,,,,,,,,,,,,,,,,,,,,,,,,,,,,,,,,,,,,,,,,,,,,,,,,,,,
2026-01-23,WEC,109.74507904052734,1,108.18820190429688,107.68245697021484,103.775390625,0.0046966325649675,0.0341232484630114,-0.0156723927102618,0.0225065413179886,0.0229709605030347,-0.026501265851983,0,,,,,,,,,,,,,,,,,,,,,,,,,,,,,,,,,,,,,,,,,,,,,,,,,,,,,,
2026-01-30,WEC,110.48880767822266,1,109.74507904052734,108.18820190429688,107.68245697021484,0.0143904520902167,0.0394476871442108,-0.0115923542107162,0.0227005097782115,0.0231885458002244,-0.0124921789583395,0,,,,,,,,,,,,,,,,,,,,,,,,,,,,,,,,,,,,,,,,,,,,,,,,,,,,,,
2026-02-06,WEC,115.79000091552734,1,110.48880767822266,109.74507904052734,108.18820190429688,0.006776874591531,0.0646918022933016,0.004055118383194,0.0151002636663553,0.0231269032110485,-0.0057999622969842,0,,,,,,,,,,,,,,,,,,,,,,,,,,,,,,,,,,,,,,,,,,,,,,,,,,,,,,
2026-02-13,WEC,114.33999633789062,0,115.79000091552734,110.48880767822266,109.74507904052734,0.0479794591751174,0.0752912235978704,0.0506196490612087,0.0201153787744748,0.0268815748332387,0.0,0,,,,,,,,,,,,,,,,,,,,,,,,,,,,,,,,,,,,,,,,,,,,,,,,,,,,,,
2026-02-20,WEC,116.95999908447266,1,114.33999633789062,115.79000091552734,110.48880767822266,-0.0125227097864395,0.0568619713176823,0.0288537912469415,0.0252341462177408,0.0272788004232435,-0.0125227097864395,1,0.3975908628117329,34316683999.0,-0.0263836680731268,,0.0092345752290412,,,,,,,,,,,,,,0.0240555297826209,,0.2297505025422726,,0.0061512122876725,,,0.025291983625236,-0.0015664336750242,,0.4331315280201404,-0.0636666970765727,,,,,,,,,,,,,,,,,,,,,,,,
2026-02-27,WEC,115.7699966430664,0,116.95999908447266,114.33999633789062,115.79000091552734,0.0229141405500796,0.065742538134953,0.115748070408185,0.0256175254053861,0.0202894693676819,0.0,0,0.3886844917384029,35103021319.36575,-0.025792651628551,,0.0090277129457563,,0.3975908628117329,34316683999.0,-0.0263836680731268,,0.0092345752290412,,,,,,,,0.0240555297826209,,0.2297505025422726,,0.0061512122876725,,,0.025291983625236,-0.0015664336750242,,0.4331315280201404,-0.0636666970765727,,,,,,,,,,,,,,,,,,,,,,,,
2026-03-06,WEC,117.3499984741211,1,115.7699966430664,116.95999908447266,114.33999633789062,-0.01017443955815,0.0477984066967596,0.1238515191046993,0.0289061663737504,0.0195270000026089,-0.01017443955815,0,0.3926797885123286,34745867750.643425,-0.0260577748841294,,0.0091205090134533,,0.3886844917384029,35103021319.36575,-0.025792651628551,,0.0090277129457563,,0.3975908628117329,34316683999.0,-0.0263836680731268,,0.0092345752290412,,0.0240555297826209,,0.2297505025422726,,0.0061512122876725,,,0.025291983625236,-0.0015664336750242,,0.4331315280201404,-0.0636666970765727,,,,,,,,,,,,,,,,,,,,,,,,
2026-03-13,WEC,112.18000030517578,0,117.3499984741211,115.7699966430664,116.95999908447266,0.0136477660608909,0.0134726448420345,0.138531943375773,0.0175461198256246,0.0193201390407162,0.0,0,0.3873927429824179,35220071225.28685,-0.0257069326807593,,0.008997710367277,,0.3926797885123286,34745867750.643425,-0.0260577748841294,,0.0091205090134533,,0.3886844917384029,35103021319.36575,-0.025792651628551,,0.0090277129457563,,0.0240555297826209,,0.2297505025422726,,0.0061512122876725,,,0.025291983625236,-0.0015664336750242,,0.4331315280201404,-0.0636666970765727,,,,,,,,,,,,,,,,,,,,,,,,
2026-03-20,WEC,114.36000061035156,1,112.18000030517578,117.3499984741211,115.7699966430664,-0.0440562269805691,-0.0188909926700693,0.072279086686277,0.0298760965898681,0.0249270464236175,-0.0440562269805691,0,0.4052463689980473,33668407773.113804,-0.0268916785759917,,0.0094123845159396,,0.3873927429824179,35220071225.28685,-0.0257069326807593,,0.008997710367277,,0.3926797885123286,34745867750.643425,-0.0260577748841294,,0.0091205090134533,,0.0240555297826209,,0.2297505025422726,,0.0061512122876725,,,0.025291983625236,-0.0015664336750242,,0.4331315280201404,-0.0636666970765727,,,,,,,,,,,,,,,,,,,,,,,,
2026-03-27,WEC,117.58000183105467,1,114.36000061035156,112.18000030517578,117.3499984741211,0.0194330566878702,-0.0222298092892706,0.0831577978302149,0.0288475683185934,0.0252155248252316,-0.0254793174490659,0,0.3975213147537999,34322687849.95906,-0.0263790529447442,,0.0092329598831339,,0.4052463689980473,33668407773.113804,-0.0268916785759917,,0.0094123845159396,,0.3873927429824179,35220071225.28685,-0.0257069326807593,,0.008997710367277,,0.0240555297826209,,0.2297505025422726,,0.0061512122876725,,,0.025291983625236,-0.0015664336750242,,0.4331315280201404,-0.0636666970765727,,,,,,,,,,,,,,,,,,,,,,,,
2026-04-03,WEC,117.27999877929688,0,117.58000183105467,114.36000061035156,112.18000030517578,0.0281567086701437,0.0156344928778806,0.1330239387480474,0.032781383355165,0.0246672576300975,0.0,0,0.386634947184237,35289101772.526634,-0.025656646231355,,0.0089801095545796,,0.3975213147537999,34322687849.95906,-0.0263790529447442,,0.0092329598831339,,0.4052463689980473,33668407773.113804,-0.0268916785759917,,0.0094123845159396,,0.0240555297826209,,0.2297505025422726,,0.0061512122876725,,,0.025291983625236,-0.0015664336750242,,0.4331315280201404,-0.0636666970765727,,,,,,,,,,,,,,,,,,,,,,,,
