WeekEndingFriday,symbol,BookToMarket,MarketCap,GrossProfitability,OperatingMargin,ROA,ROE,AssetGrowth,InvestmentIntensity,Accruals,IncomeQuality,DebtToAssets,InterestCoverage,CashRatio,WorkingCapitalScaled,FreeCashFlowYield,EarningsYield
2021-01-22,AEM,0.33227188692763976,17104104270.0,0.03612825225395759,0.3003625397906496,0.021830861108785404,0.03693304843580559,,-0.023374282548021246,-0.02013692694197616,1.9224064429539358,0.17530514298076239,13.322075549776464,0.7805479175796687,0.07607994171458347,0.010451994280317843,0.012271813693755037
2021-01-29,AEM,0.3362677310125891,16900857489.020357,0.03612825225395759,0.3003625397906496,0.021830861108785404,0.03693304843580559,,-0.023374282548021246,-0.02013692694197616,1.9224064429539358,0.17530514298076239,13.322075549776464,0.7805479175796687,0.07607994171458347,0.01057768815080177,0.0124193923968864
2021-02-05,AEM,0.33086774482230275,17176690955.633196,0.03612825225395759,0.3003625397906496,0.021830861108785404,0.03693304843580559,,-0.023374282548021246,-0.02013692694197616,1.9224064429539358,0.17530514298076239,13.322075549776464,0.7805479175796687,0.07607994171458347,0.010407825375781747,0.012219954445367873
2021-02-12,AEM,0.352254055048382,16133846916.877686,0.03612825225395759,0.3003625397906496,0.021830861108785404,0.03693304843580559,,-0.023374282548021246,-0.02013692694197616,1.9224064429539358,0.17530514298076239,13.322075549776464,0.7805479175796687,0.07607994171458347,0.011080556355904546,0.01300981607681082
2021-02-19,AEM,0.39284663218704935,14466747413.260258,0.03612825225395759,0.3003625397906496,0.021830861108785404,0.03693304843580559,,-0.023374282548021246,-0.02013692694197616,1.9224064429539358,0.17530514298076239,13.322075549776464,0.7805479175796687,0.07607994171458347,0.012357442546908445,0.014509023694407397
2021-02-26,AEM,0.4204098970318906,13518266435.028513,0.03612825225395759,0.3003625397906496,0.021830861108785404,0.03693304843580559,,-0.023374282548021246,-0.02013692694197616,1.9224064429539358,0.17530514298076239,13.322075549776464,0.7805479175796687,0.07607994171458347,0.013224476737399276,0.015527019089970857
2021-03-05,AEM,0.41085011807616845,13832813354.446636,0.03612825225395759,0.3003625397906496,0.021830861108785404,0.03693304843580559,,-0.023374282548021246,-0.02013692694197616,1.9224064429539358,0.17530514298076239,13.322075549776464,0.7805479175796687,0.07607994171458347,0.012923762897627237,0.015173947310763575
2021-03-12,AEM,0.39736593225499234,14302215008.08742,0.03612825225395759,0.3003625397906496,0.021830861108785404,0.03693304843580559,,-0.023374282548021246,-0.02013692694197616,1.9224064429539358,0.17530514298076239,13.322075549776464,0.7805479175796687,0.07607994171458347,0.012499602327255636,0.014675935222712674
2021-03-19,AEM,0.3873400516909486,14672412458.225544,0.03612825225395759,0.3003625397906496,0.021830861108785404,0.03693304843580559,,-0.023374282548021246,-0.02013692694197616,1.9224064429539358,0.17530514298076239,13.322075549776464,0.7805479175796687,0.07607994171458347,0.012184226725427018,0.014305648890229245
2021-03-26,AEM,0.39905369103911775,14241725180.391567,0.03612825225395759,0.3003625397906496,0.021830861108785404,0.03693304843580559,,-0.023374282548021246,-0.02013692694197616,1.9224064429539358,0.17530514298076239,13.322075549776464,0.7805479175796687,0.07607994171458347,0.012552692720551765,0.014738269299634735
2021-04-02,AEM,0.40500955014523604,14047367520.0,0.03435409747241023,0.2963702429787562,0.015317364010779648,0.025719068612441772,,-0.025347604308509658,-0.023063151221587436,2.505686696833519,0.1761492108714331,12.695778127644278,0.27778363513359167,0.06191012158090348,0.008862941744974007,0.010416468408879503
2021-04-09,AEM,0.397678442217029,14306327414.3865,0.03435409747241023,0.2963702429787562,0.015317364010779648,0.025719068612441772,,-0.025347604308509658,-0.023063151221587436,2.505686696833519,0.1761492108714331,12.695778127644278,0.27778363513359167,0.06191012158090348,0.008702512978614015,0.01022791914106873
2021-04-16,AEM,0.3742167610771175,15203268778.299223,0.03435409747241023,0.2963702429787562,0.015317364010779648,0.025719068612441772,,-0.025347604308509658,-0.023063151221587436,2.505686696833519,0.1761492108714331,12.695778127644278,0.27778363513359167,0.06191012158090348,0.008189094188593819,0.009624506554068114
2021-04-23,AEM,0.36555617746867064,15563457412.746344,0.03435409747241023,0.2963702429787562,0.015317364010779648,0.025719068612441772,,-0.025347604308509658,-0.023063151221587436,2.505686696833519,0.1761492108714331,12.695778127644278,0.27778363513359167,0.06191012158090348,0.007999572119369486,0.009401764410018682
2021-04-30,AEM,0.3870422749374325,14699474368.580822,0.03435409747241023,0.2963702429787562,0.015317364010779648,0.025719068612441772,,-0.025347604308509658,-0.023063151221587436,2.505686696833519,0.1761492108714331,12.695778127644278,0.27778363513359167,0.06191012158090348,0.008469758637500185,0.009954366825031377
2021-05-07,AEM,0.34938441167144085,16283834681.640585,0.03435409747241023,0.2963702429787562,0.015317364010779648,0.025719068612441772,,-0.025347604308509658,-0.023063151221587436,2.505686696833519,0.1761492108714331,12.695778127644278,0.27778363513359167,0.06191012158090348,0.007645680666383221,0.00898584165589539
2021-05-14,AEM,0.34514310588680497,16483939278.989683,0.03435409747241023,0.2963702429787562,0.015317364010779648,0.025719068612441772,,-0.025347604308509658,-0.023063151221587436,2.505686696833519,0.1761492108714331,12.695778127644278,0.27778363513359167,0.06191012158090348,0.00755286693871095,0.008876759221413993
2021-05-21,AEM,0.3352791135080079,16968900748.015474,0.03435409747241023,0.2963702429787562,0.015317364010779648,0.025719068612441772,,-0.025347604308509658,-0.023063151221587436,2.505686696833519,0.1761492108714331,12.695778127644278,0.27778363513359167,0.06191012158090348,0.0073370103254661615,0.008623066524631108
2021-05-28,AEM,0.33682117234246134,16891212510.285467,0.03435409747241023,0.2963702429787562,0.015317364010779648,0.025719068612441772,,-0.025347604308509658,-0.023063151221587436,2.505686696833519,0.1761492108714331,12.695778127644278,0.27778363513359167,0.06191012158090348,0.007370755647304084,0.008662726841598838
2021-06-04,AEM,0.3417267915501221,16648732673.819431,0.03435409747241023,0.2963702429787562,0.015317364010779648,0.025719068612441772,,-0.025347604308509658,-0.023063151221587436,2.505686696833519,0.1761492108714331,12.695778127644278,0.27778363513359167,0.06191012158090348,0.007478106738765833,0.008788894798587178
2021-06-11,AEM,0.3390420809405349,16780565952.808252,0.03435409747241023,0.2963702429787562,0.015317364010779648,0.025719068612441772,,-0.025347604308509658,-0.023063151221587436,2.505686696833519,0.1761492108714331,12.695778127644278,0.27778363513359167,0.06191012158090348,0.007419356435899266,0.008719846542214655
2021-06-18,AEM,0.38500747075560243,14777162606.310833,0.03435409747241023,0.2963702429787562,0.015317364010779648,0.025719068612441772,,-0.025347604308509658,-0.023063151221587436,2.505686696833519,0.1761492108714331,12.695778127644278,0.27778363513359167,0.06191012158090348,0.008425230425956725,0.009902033556666008
2021-06-25,AEM,0.38778753584587555,14671224508.518486,0.03435409747241023,0.2963702429787562,0.015317364010779648,0.025719068612441772,,-0.025347604308509658,-0.023063151221587436,2.505686696833519,0.1761492108714331,12.695778127644278,0.27778363513359167,0.06191012158090348,0.008486067398649074,0.009973534241469796
2021-07-02,AEM,0.39868001173224105,14709721650.0,0.032377221067870825,0.30276926889186284,0.01894879670208358,0.032049419794313964,,-0.021853132224147823,-0.023331314478591065,2.2312821149231916,0.1701281078012983,12.577791360465438,0.39595136273605286,0.05742086643902252,0.013774223933054506,0.012777463059608609
2021-07-09,AEM,0.40004179504526466,14659648248.344742,0.032377221067870825,0.30276926889186284,0.01894879670208358,0.032049419794313964,,-0.021853132224147823,-0.023331314478591065,2.2312821149231916,0.1701281078012983,12.577791360465438,0.39595136273605286,0.05742086643902252,0.013821272964232124,0.012821107424676594
2021-07-16,AEM,0.40147845331581006,14607189879.220997,0.032377221067870825,0.30276926889186284,0.01894879670208358,0.032049419794313964,,-0.021853132224147823,-0.023331314478591065,2.2312821149231916,0.1701281078012983,12.577791360465438,0.39595136273605286,0.05742086643902252,0.013870908893176206,0.012867151488690278
2021-07-23,AEM,0.41025136052145655,14294826451.144169,0.032377221067870825,0.30276926889186284,0.01894879670208358,0.032049419794313964,,-0.021853132224147823,-0.023331314478591065,2.2312821149231916,0.1701281078012983,12.577791360465438,0.39595136273605286,0.05742086643902252,0.014174009085908318,0.013148318074540604
2021-07-30,AEM,0.38024998856238684,15422675020.114637,0.032377221067870825,0.30276926889186284,0.01894879670208358,0.032049419794313964,,-0.021853132224147823,-0.023331314478591065,2.2312821149231916,0.1701281078012983,12.577791360465438,0.39595136273605286,0.05742086643902252,0.013137474513062387,0.012186791510219019
2021-08-06,AEM,0.4063203349125189,14433124547.563255,0.032377221067870825,0.30276926889186284,0.01894879670208358,0.032049419794313964,,-0.021853132224147823,-0.023331314478591065,2.2312821149231916,0.1701281078012983,12.577791360465438,0.39595136273605286,0.05742086643902252,0.014038193831993746,0.013022330984577562
2021-08-13,AEM,0.4158703014894379,14101685018.132856,0.032377221067870825,0.30276926889186284,0.01894879670208358,0.032049419794313964,,-0.021853132224147823,-0.023331314478591065,2.2312821149231916,0.1701281078012983,12.577791360465438,0.39595136273605286,0.05742086643902252,0.014368141093739122,0.013328401872422905
2021-08-20,AEM,0.43824964084745877,13381578564.80992,0.032377221067870825,0.30276926889186284,0.01894879670208358,0.032049419794313964,,-0.021853132224147823,-0.023331314478591065,2.2312821149231916,0.1701281078012983,12.577791360465438,0.39595136273605286,0.05742086643902252,0.015141337699337273,0.014045646714227531
2021-08-27,AEM,0.41991752611246247,13965770979.58368,0.032377221067870825,0.30276926889186284,0.01894879670208358,0.032049419794313964,,-0.021853132224147823,-0.023331314478591065,2.2312821149231916,0.1701281078012983,12.577791360465438,0.39595136273605286,0.05742086643902252,0.014507970973904655,0.013458113073368106
2021-09-03,AEM,0.4177776426446906,14037304540.462416,0.032377221067870825,0.30276926889186284,0.01894879670208358,0.032049419794313964,,-0.021853132224147823,-0.023331314478591065,2.2312821149231916,0.1701281078012983,12.577791360465438,0.39595136273605286,0.05742086643902252,0.01443403891508971,0.013389531049798573
2021-09-10,AEM,0.44579608831856604,13155054864.02843,0.032377221067870825,0.30276926889186284,0.01894879670208358,0.032049419794313964,,-0.021853132224147823,-0.023331314478591065,2.2312821149231916,0.1701281078012983,12.577791360465438,0.39595136273605286,0.05742086643902252,0.01540206423266515,0.014287505977184787
2021-09-17,AEM,0.46204338883646345,12692470321.387247,0.032377221067870825,0.30276926889186284,0.01894879670208358,0.032049419794313964,,-0.021853132224147823,-0.023331314478591065,2.2312821149231916,0.1701281078012983,12.577791360465438,0.39595136273605286,0.05742086643902252,0.015963401518346416,0.014808222532007255
2021-09-24,AEM,0.4869247712046195,12043897428.94305,0.032377221067870825,0.30276926889186284,0.01894879670208358,0.032049419794313964,,-0.021853132224147823,-0.023331314478591065,2.2312821149231916,0.1701281078012983,12.577791360465438,0.39595136273605286,0.05742086643902252,0.016823042640091723,0.01560565640058713
2021-10-01,AEM,0.4660569758038865,12647874200.0,0.029077957654641464,0.2672892748821487,0.01175424207705878,0.020043175907563323,,-0.024952335206762332,-0.01781126114814946,2.5153049453450005,0.16829233690204115,11.543634853394094,0.27323545616740413,0.05241744370261626,0.0036661496838733577,0.00934126194898428
2021-10-08,AEM,0.4402416854395699,13389531693.51595,0.029077957654641464,0.2672892748821487,0.01175424207705878,0.020043175907563323,,-0.024952335206762332,-0.01781126114814946,2.5153049453450005,0.16829233690204115,11.543634853394094,0.27323545616740413,0.05241744370261626,0.0034630785498237235,0.008823841543107459
2021-10-15,AEM,0.41379498262617315,14245291140.529058,0.029077957654641464,0.2672892748821487,0.01175424207705878,0.020043175907563323,,-0.024952335206762332,-0.01781126114814946,2.5153049453450005,0.16829233690204115,11.543634853394094,0.27323545616740413,0.05241744370261626,0.0032550405283101776,0.008293765626443498
2021-10-22,AEM,0.4159678896236599,14170877481.271618,0.029077957654641464,0.2672892748821487,0.01175424207705878,0.020043175907563323,,-0.024952335206762332,-0.01781126114814946,2.5153049453450005,0.16829233690204115,11.543634853394094,0.27323545616740413,0.05241744370261626,0.0032721332931769233,0.0083373175836249
2021-10-29,AEM,0.4479594028325586,13158848687.463173,0.029077957654641464,0.2672892748821487,0.01175424207705878,0.020043175907563323,,-0.024952335206762332,-0.01781126114814946,2.5153049453450005,0.16829233690204115,11.543634853394094,0.27323545616740413,0.05241744370261626,0.003523788524460892,0.008978529110419992
2021-11-05,AEM,0.44336281072797196,13295273887.138647,0.029077957654641464,0.2672892748821487,0.01175424207705878,0.020043175907563323,,-0.024952335206762332,-0.01781126114814946,2.5153049453450005,0.16829233690204115,11.543634853394094,0.27323545616740413,0.05241744370261626,0.003487630295819302,0.008886398806292446
2021-11-12,AEM,0.4164052235075893,14155994370.931723,0.029077957654641464,0.2672892748821487,0.01175424207705878,0.020043175907563323,,-0.024952335206762332,-0.01781126114814946,2.5153049453450005,0.16829233690204115,11.543634853394094,0.27323545616740413,0.05241744370261626,0.0032755734980521945,0.008346083143590836
2021-11-19,AEM,0.4372446484946406,13481308508.39276,0.029077957654641464,0.2672892748821487,0.01175424207705878,0.020043175907563323,,-0.024952335206762332,-0.01781126114814946,2.5153049453450005,0.16829233690204115,11.543634853394094,0.27323545616740413,0.05241744370261626,0.003439502921480736,0.008763771404418776
2021-11-26,AEM,0.45850366851159635,12856233013.653444,0.029077957654641464,0.2672892748821487,0.01175424207705878,0.020043175907563323,,-0.024952335206762332,-0.01781126114814946,2.5153049453450005,0.16829233690204115,11.543634853394094,0.27323545616740413,0.05241744370261626,0.0036067330104203672,0.009189869682241029
2021-12-03,AEM,0.49038890688125847,12020316767.539179,0.029077957654641464,0.2672892748821487,0.01175424207705878,0.020043175907563323,,-0.024952335206762332,-0.01781126114814946,2.5153049453450005,0.16829233690204115,11.543634853394094,0.27323545616740413,0.05241744370261626,0.0038575522506377963,0.009828951123738754
2021-12-10,AEM,0.498515772840591,11824360072.72514,0.029077957654641464,0.2672892748821487,0.01175424207705878,0.020043175907563323,,-0.024952335206762332,-0.01781126114814946,2.5153049453450005,0.16829233690204115,11.543634853394094,0.27323545616740413,0.05241744370261626,0.003921480715642096,0.009991839327738845
2021-12-17,AEM,0.4713258001095726,12506487017.323542,0.029077957654641464,0.2672892748821487,0.01175424207705878,0.020043175907563323,,-0.024952335206762332,-0.01781126114814946,2.5153049453450005,0.16829233690204115,11.543634853394094,0.27323545616740413,0.05241744370261626,0.003707595900892977,0.009446865921369191
2021-12-24,AEM,0.46054741630311863,12799181563.794355,0.029077957654641464,0.2672892748821487,0.01175424207705878,0.020043175907563323,,-0.024952335206762332,-0.01781126114814946,2.5153049453450005,0.16829233690204115,11.543634853394094,0.27323545616740413,0.05241744370261626,0.0036228097686469393,0.009230832878737204
2021-12-31,AEM,0.4616525812037142,12996290380.0,0.024498258139855855,0.22712449675136412,0.009888000399370014,0.016836759602991514,,-0.02318871505634739,-0.015730704995746907,2.590888385962155,0.16607684544674137,9.067931171584863,0.24387349651423643,0.05291407965278301,0.0019101604591878934,0.007772733529827455
2022-01-07,AEM,0.48937198006561605,12260144112.042414,0.024498258139855855,0.22712449675136412,0.009888000399370014,0.016836759602991514,,-0.02318871505634739,-0.015730704995746907,2.590888385962155,0.16607684544674137,9.067931171584863,0.24387349651423643,0.05291407965278301,0.0020248538494434067,0.008239438384804733
2022-01-14,AEM,0.47718766691709896,12573189577.094269,0.024498258139855855,0.22712449675136412,0.009888000399370014,0.016836759602991514,,-0.02318871505634739,-0.015730704995746907,2.590888385962155,0.16607684544674137,9.067931171584863,0.24387349651423643,0.05291407965278301,0.0019744393296372447,0.008034294033395582
2022-01-21,AEM,0.4820636309220533,12446014623.679682,0.024498258139855855,0.22712449675136412,0.009888000399370014,0.016836759602991514,0.06254293531140419,-0.02318871505634739,-0.015730704995746907,2.590888385962155,0.16607684544674137,9.067931171584863,0.24387349651423643,0.05291407965278301,0.0019946144007229566,0.008116389467179838
2022-01-28,AEM,0.5303116898725803,11313669139.448132,0.024498258139855855,0.22712449675136412,0.009888000399370014,0.016836759602991514,0.06254293531140419,-0.02318871505634739,-0.015730704995746907,2.590888385962155,0.16607684544674137,9.067931171584863,0.24387349651423643,0.05291407965278301,0.0021942483639936935,0.008928730437040825
2022-02-04,AEM,0.5089671679477981,11788129721.98506,0.024498258139855855,0.22712449675136412,0.009888000399370014,0.016836759602991514,0.06254293531140419,-0.02318871505634739,-0.015730704995746907,2.590888385962155,0.16607684544674137,9.067931171584863,0.24387349651423643,0.05291407965278301,0.002105932033789971,0.008569357852552483
2022-02-11,AEM,0.4932090280570973,12164763130.218744,0.024498258139855855,0.22712449675136412,0.009888000399370014,0.016836759602991514,0.06254293531140419,-0.02318871505634739,-0.015730704995746907,2.590888385962155,0.16607684544674137,9.067931171584863,0.24387349651423643,0.05291407965278301,0.0020407302414571227,0.008304041839422445
2022-02-18,AEM,0.4466900710362154,13431619346.456367,0.024498258139855855,0.22712449675136412,0.009888000399370014,0.016836759602991514,0.06254293531140419,-0.02318871505634739,-0.015730704995746907,2.590888385962155,0.16607684544674137,9.067931171584863,0.24387349651423643,0.05291407965278301,0.0018482507104811245,0.0075208133430799615
2022-02-25,AEM,0.47359494680925235,12668570558.917936,0.024498258139855855,0.22712449675136412,0.009888000399370014,0.016836759602991514,0.06254293531140419,-0.02318871505634739,-0.015730704995746907,2.590888385962155,0.16607684544674137,9.067931171584863,0.24387349651423643,0.05291407965278301,0.001959573882826476,0.007973804268618934
2022-03-04,AEM,0.43427539660963294,13815590399.179697,0.024498258139855855,0.22712449675136412,0.009888000399370014,0.016836759602991514,0.06254293531140419,-0.02318871505634739,-0.015730704995746907,2.590888385962155,0.16607684544674137,9.067931171584863,0.24387349651423643,0.05291407965278301,0.0017968830345081734,0.007311790454210186
2022-03-11,AEM,0.39954751260152893,15016414345.654072,0.024498258139855855,0.22712449675136412,0.009888000399370014,0.016836759602991514,0.06254293531140419,-0.02318871505634739,-0.015730704995746907,2.590888385962155,0.16607684544674137,9.067931171584863,0.24387349651423643,0.05291407965278301,0.0016531909301759943,0.006727085419645165
2022-03-18,AEM,0.4064317036999466,14762064438.8249,0.024498258139855855,0.22712449675136412,0.009888000399370014,0.016836759602991514,0.06254293531140419,-0.02318871505634739,-0.015730704995746907,2.590888385962155,0.16607684544674137,9.067931171584863,0.24387349651423643,0.05291407965278301,0.0016816753580013593,0.0068429928902302775
2022-03-25,AEM,0.39536209806659695,15175382337.710495,0.024498258139855855,0.22712449675136412,0.009888000399370014,0.016836759602991514,0.06254293531140419,-0.02318871505634739,-0.015730704995746907,2.590888385962155,0.16607684544674137,9.067931171584863,0.24387349651423643,0.05291407965278301,0.0016358731165744941,0.006656616601281649
2022-04-01,AEM,0.690254658657294,23559517920.0,0.014859209861555159,0.2012298514565278,0.0051665569891522775,0.007412246917934848,1.4422661338813603,-0.012565129819872418,-0.01658315205075378,4.20971046783609,0.07335649069787088,11.776277072429256,1.077793294104991,0.06790620474409506,0.009095304951808623,0.005116337966222698
2022-04-08,AEM,0.6706481774793149,24248283296.79846,0.014859209861555159,0.2012298514565278,0.0051665569891522775,0.007412246917934848,1.4422661338813603,-0.012565129819872418,-0.01658315205075378,4.20971046783609,0.07335649069787088,11.776277072429256,1.077793294104991,0.06790620474409506,0.008836955481639885,0.004971009886539675
2022-04-15,AEM,0.6638193302647678,24497730419.380512,0.014859209861555159,0.2012298514565278,0.0051665569891522775,0.007412246917934848,1.4422661338813603,-0.012565129819872418,-0.01658315205075378,4.20971046783609,0.07335649069787088,11.776277072429256,1.077793294104991,0.06790620474409506,0.00874697354945498,0.0049203927848206
2022-04-22,AEM,0.7328744140187108,22189432034.919994,0.014859209861555159,0.2012298514565278,0.0051665569891522775,0.007412246917934848,1.4422661338813603,-0.012565129819872418,-0.01658315205075378,4.20971046783609,0.07335649069787088,11.776277072429256,1.077793294104991,0.06790620474409506,0.009656894311795873,0.005432246116543497
2022-04-29,AEM,0.7501170238813991,21679373327.44923,0.014859209861555159,0.2012298514565278,0.0051665569891522775,0.007412246917934848,1.4422661338813603,-0.012565129819872418,-0.01658315205075378,4.20971046783609,0.07335649069787088,11.776277072429256,1.077793294104991,0.06790620474409506,0.009884095668424566,0.005560052598355361
2022-05-06,AEM,0.7612288801700485,21362913866.808716,0.014859209861555159,0.2012298514565278,0.0051665569891522775,0.007412246917934848,1.4422661338813603,-0.012565129819872418,-0.01658315205075378,4.20971046783609,0.07335649069787088,11.776277072429256,1.077793294104991,0.06790620474409506,0.010030513690032035,0.005642416420883438
2022-05-13,AEM,0.8625457046542981,18853571367.001026,0.014859209861555159,0.2012298514565278,0.0051665569891522775,0.007412246917934848,1.4422661338813603,-0.012565129819872418,-0.01658315205075378,4.20971046783609,0.07335649069787088,11.776277072429256,1.077793294104991,0.06790620474409506,0.011365538964943857,0.0063934017409017635
2022-05-20,AEM,0.8109787126300672,20052396871.504616,0.014859209861555159,0.2012298514565278,0.0051665569891522775,0.007412246917934848,1.4422661338813603,-0.012565129819872418,-0.01658315205075378,4.20971046783609,0.07335649069787088,11.776277072429256,1.077793294104991,0.06790620474409506,0.010686054209534583,0.006011174463202987
2022-05-27,AEM,0.8079784100563827,20126858338.783077,0.014859209861555159,0.2012298514565278,0.0051665569891522775,0.007412246917934848,1.4422661338813603,-0.012565129819872418,-0.01658315205075378,4.20971046783609,0.07335649069787088,11.776277072429256,1.077793294104991,0.06790620474409506,0.010646520007898858,0.005988935479698322
2022-06-03,AEM,0.8061888835586605,20171534651.056408,0.014859209861555159,0.2012298514565278,0.0051665569891522775,0.007412246917934848,1.4422661338813603,-0.012565129819872418,-0.01658315205075378,4.20971046783609,0.07335649069787088,11.776277072429256,1.077793294104991,0.06790620474409506,0.010622939885675869,0.0059756710674310175
2022-06-10,AEM,0.8087264453741536,20108241906.78769,0.014859209861555159,0.2012298514565278,0.0051665569891522775,0.007412246917934848,1.4422661338813603,-0.012565129819872418,-0.01658315205075378,4.20971046783609,0.07335649069787088,11.776277072429256,1.077793294104991,0.06790620474409506,0.010656376673470783,0.005994480102176975
2022-06-17,AEM,0.860845733392522,18890802810.757435,0.014859209861555159,0.2012298514565278,0.0051665569891522775,0.007412246917934848,1.4422661338813603,-0.012565129819872418,-0.01658315205075378,4.20971046783609,0.07335649069787088,11.776277072429256,1.077793294104991,0.06790620474409506,0.0113431388886224,0.006380801134156085
2022-06-24,AEM,0.8874301681013566,18324897647.76923,0.014859209861555159,0.2012298514565278,0.0051665569891522775,0.007412246917934848,1.4422661338813603,-0.012565129819872418,-0.01658315205075378,4.20971046783609,0.07335649069787088,11.776277072429256,1.077793294104991,0.06790620474409506,0.011693435025875049,0.006577851528391684
2022-07-01,AEM,0.780989522354821,20833841600.0,0.04151654085282446,0.5273196808719225,0.012524266685896571,0.01784701529320979,1.3375472704378168,-0.017622448752503007,-0.014788036008458167,2.1807506482683574,0.06795819289722967,40.11673324936815,1.0227827964897347,0.06727265309037636,0.010783896907423929,0.0139383319493031
2022-07-08,AEM,0.8197191639721748,19849495675.024033,0.04151654085282446,0.5273196808719225,0.012524266685896571,0.01784701529320979,1.3375472704378168,-0.017622448752503007,-0.014788036008458167,2.1807506482683574,0.06795819289722967,40.11673324936815,1.0227827964897347,0.06727265309037636,0.011318675480641801,0.014629540455548547
2022-07-15,AEM,0.8689676743791772,18724530819.428486,0.04151654085282446,0.5273196808719225,0.012524266685896571,0.01784701529320979,1.3375472704378168,-0.017622448752503007,-0.014788036008458167,2.1807506482683574,0.06795819289722967,40.11673324936815,1.0227827964897347,0.06727265309037636,0.011998698507675475,0.01550847937395012
2022-07-22,AEM,0.9192332238774426,17700635243.97737,0.04151654085282446,0.5273196808719225,0.012524266685896571,0.01784701529320979,1.3375472704378168,-0.017622448752503007,-0.014788036008458167,2.1807506482683574,0.06795819289722967,40.11673324936815,1.0227827964897347,0.06727265309037636,0.012692764802124478,0.016405569404567253
2022-07-29,AEM,0.8612866175862184,18891518418.80465,0.04151654085282446,0.5273196808719225,0.012524266685896571,0.01784701529320979,1.3375472704378168,-0.017622448752503007,-0.014788036008458167,2.1807506482683574,0.06795819289722967,40.11673324936815,1.0227827964897347,0.06727265309037636,0.011892638538592171,0.01537139543589817
2022-08-05,AEM,0.8519722484048876,19098053992.32609,0.04151654085282446,0.5273196808719225,0.012524266685896571,0.01784701529320979,1.3375472704378168,-0.017622448752503007,-0.014788036008458167,2.1807506482683574,0.06795819289722967,40.11673324936815,1.0227827964897347,0.06727265309037636,0.011764025805470864,0.015205161746672358
2022-08-12,AEM,0.8004045499162339,20328485141.298656,0.04151654085282446,0.5273196808719225,0.012524266685896571,0.01784701529320979,1.3375472704378168,-0.017622448752503007,-0.014788036008458167,2.1807506482683574,0.06795819289722967,40.11673324936815,1.0227827964897347,0.06727265309037636,0.011051979448462104,0.014284832243109724
2022-08-19,AEM,0.8469055832994563,19212309283.17868,0.04151654085282446,0.5273196808719225,0.012524266685896571,0.01784701529320979,1.3375472704378168,-0.017622448752503007,-0.014788036008458167,2.1807506482683574,0.06795819289722967,40.11673324936815,1.0227827964897347,0.06727265309037636,0.011694065335326952,0.015114736897050155
2022-08-26,AEM,0.8500163445443689,19141998979.70396,0.04151654085282446,0.5273196808719225,0.012524266685896571,0.01784701529320979,1.3375472704378168,-0.017622448752503007,-0.014788036008458167,2.1807506482683574,0.06795819289722967,40.11673324936815,1.0227827964897347,0.06727265309037636,0.011737018701036135,0.015170254700561634
2022-09-02,AEM,0.8909218458175542,18263119348.105007,0.04151654085282446,0.5273196808719225,0.012524266685896571,0.01784701529320979,1.3375472704378168,-0.017622448752503007,-0.014788036008458167,2.1807506482683574,0.06795819289722967,40.11673324936815,1.0227827964897347,0.06727265309037636,0.012301841526503078,0.015900295807360583
2022-09-09,AEM,0.8394176518551948,19383690543.1277,0.04151654085282446,0.5273196808719225,0.012524266685896571,0.01784701529320979,1.3375472704378168,-0.017622448752503007,-0.014788036008458167,2.1807506482683574,0.06795819289722967,40.11673324936815,1.0227827964897347,0.06727265309037636,0.011590672039471584,0.014981099670049913
2022-09-16,AEM,0.8883568345625606,18315851656.628582,0.04151654085282446,0.5273196808719225,0.012524266685896571,0.01784701529320979,1.3375472704378168,-0.017622448752503007,-0.014788036008458167,2.1807506482683574,0.06795819289722967,40.11673324936815,1.0227827964897347,0.06727265309037636,0.012266423872170367,0.015854518012265457
2022-09-23,AEM,0.9477019049113947,17168913469.179169,0.04151654085282446,0.5273196808719225,0.012524266685896571,0.01784701529320979,1.3375472704378168,-0.017622448752503007,-0.014788036008458167,2.1807506482683574,0.06795819289722967,40.11673324936815,1.0227827964897347,0.06727265309037636,0.013085860115919222,0.01691365039035771
2022-09-30,AEM,0.8390023405158107,19221280110.0,0.01805158020267894,0.2633212313548861,0.0027040243828295005,0.003902398190727067,1.3154638278838344,-0.018718896026876625,-0.022020735330418317,9.143689631739099,0.06318421758757879,19.801639381383104,0.7361200067721485,0.05600600332864207,0.007272096301602672,0.0032741212156446745
2022-10-07,AEM,0.8309350132054497,19407894412.57141,0.01805158020267894,0.2633212313548861,0.0027040243828295005,0.003902398190727067,1.3154638278838344,-0.018718896026876625,-0.022020735330418317,9.143689631739099,0.06318421758757879,19.801639381383104,0.7361200067721485,0.05600600332864207,0.007202172323725058,0.0032426392921447184
2022-10-14,AEM,0.8831273529212282,18260898551.783894,0.01805158020267894,0.2633212313548861,0.0027040243828295005,0.003902398190727067,1.3154638278838344,-0.018718896026876625,-0.022020735330418317,9.143689631739099,0.06318421758757879,19.801639381383104,0.7361200067721485,0.05600600332864207,0.007654552135187515,0.003446314584221385
2022-10-21,AEM,0.8226391619913501,19603612063.595837,0.01805158020267894,0.2633212313548861,0.0027040243828295005,0.003902398190727067,1.3154638278838344,-0.018718896026876625,-0.022020735330418317,9.143689631739099,0.06318421758757879,19.801639381383104,0.7361200067721485,0.05600600332864207,0.0071302676030593065,0.003210265577376275
2022-10-28,AEM,0.7843938430858074,20559441079.442345,0.01805158020267894,0.2633212313548861,0.0027040243828295005,0.003902398190727067,1.3154638278838344,-0.018718896026876625,-0.022020735330418317,9.143689631739099,0.06318421758757879,19.801639381383104,0.7361200067721485,0.05600600332864207,0.006798774317837213,0.0030610171140755056
2022-11-04,AEM,0.8161960050785423,19758365514.724777,0.01805158020267894,0.2633212313548861,0.0027040243828295005,0.003902398190727067,1.3154638278838344,-0.018718896026876625,-0.022020735330418317,9.143689631739099,0.06318421758757879,19.801639381383104,0.7361200067721485,0.05600600332864207,0.007074421206340713,0.0031851218134971637
2022-11-11,AEM,0.727537328559568,22166146487.53326,0.01805158020267894,0.2633212313548861,0.0027040243828295005,0.003902398190727067,1.3154638278838344,-0.018718896026876625,-0.022020735330418317,9.143689631739099,0.06318421758757879,19.801639381383104,0.7361200067721485,0.05600600332864207,0.00630596752929585,0.002839140354657262
2022-11-18,AEM,0.7423228325105033,21724643637.135895,0.01805158020267894,0.2633212313548861,0.0027040243828295005,0.003902398190727067,1.3154638278838344,-0.018718896026876625,-0.022020735330418317,9.143689631739099,0.06318421758757879,19.801639381383104,0.7361200067721485,0.05600600332864207,0.00643412165164648,0.00289683927852438
2022-11-25,AEM,0.7104686026625272,22698679349.88844,0.01805158020267894,0.2633212313548861,0.0027040243828295005,0.003902398190727067,1.3154638278838344,-0.018718896026876625,-0.022020735330418317,9.143689631739099,0.06318421758757879,19.801639381383104,0.7361200067721485,0.05600600332864207,0.006158023462307158,0.0027725313895986333
2022-12-02,AEM,0.6843938215690027,23563478353.777126,0.01805158020267894,0.2633212313548861,0.0027040243828295005,0.003902398190727067,1.3154638278838344,-0.018718896026876625,-0.022020735330418317,9.143689631739099,0.06318421758757879,19.801639381383104,0.7361200067721485,0.05600600332864207,0.0059320189448003975,0.002670777211035659
2022-12-09,AEM,0.6958183371955876,23176593857.81169,0.01805158020267894,0.2633212313548861,0.0027040243828295005,0.003902398190727067,1.3154638278838344,-0.018718896026876625,-0.022020735330418317,9.143689631739099,0.06318421758757879,19.801639381383104,0.7361200067721485,0.05600600332864207,0.006031041526530757,0.002715360220146777
2022-12-16,AEM,0.6939104485502725,23240317296.98281,0.01805158020267894,0.2633212313548861,0.0027040243828295005,0.003902398190727067,1.3154638278838344,-0.018718896026876625,-0.022020735330418317,9.143689631739099,0.06318421758757879,19.801639381383104,0.7361200067721485,0.05600600332864207,0.006014504802744104,0.0027079148789491913
2022-12-23,AEM,0.6733384487860309,23950361113.456387,0.01805158020267894,0.2633212313548861,0.0027040243828295005,0.003902398190727067,1.3154638278838344,-0.018718896026876625,-0.022020735330418317,9.143689631739099,0.06318421758757879,19.801639381383104,0.7361200067721485,0.05600600332864207,0.005836195927812792,0.002627634744289577
2022-12-30,AEM,0.6814977363348063,23663613450.47414,0.01805158020267894,0.2633212313548861,0.0027040243828295005,0.003902398190727067,1.2781470210227202,-0.018718896026876625,-0.022020735330418317,9.143689631739099,0.06318421758757879,19.801639381383104,0.7361200067721485,0.05600600332864207,0.005906916975826415,0.0026594755332575394
2023-01-06,AEM,0.6409383002589233,25161078677.128845,0.01805158020267894,0.2633212313548861,0.0027040243828295005,0.003902398190727067,1.2781470210227202,-0.018718896026876625,-0.022020735330418317,9.143689631739099,0.06318421758757879,19.801639381383104,0.7361200067721485,0.05600600332864207,0.005555365960007813,0.0025011964632981037
2023-01-13,AEM,0.6332630558137002,25466034773.303303,0.01805158020267894,0.2633212313548861,0.0027040243828295005,0.003902398190727067,1.2781470210227202,-0.018718896026876625,-0.022020735330418317,9.143689631739099,0.06318421758757879,19.801639381383104,0.7361200067721485,0.05600600332864207,0.0054888403806993115,0.002471244603261677
2023-01-20,AEM,0.6299976422206218,25598030721.44279,0.01805158020267894,0.2633212313548861,0.0027040243828295005,0.003902398190727067,1.2781470210227202,-0.018718896026876625,-0.022020735330418317,9.143689631739099,0.06318421758757879,19.801639381383104,0.7361200067721485,0.05600600332864207,0.005460537239019361,0.0024585016591640724
2023-01-27,AEM,0.6268954040069317,25907583460.0,0.01607971774019179,0.22547607123310345,0.008738897334253594,0.012641731026586776,1.2997847513089646,-0.01706040755898069,-0.0074561701036245966,1.8532163519531086,0.06356349028261904,15.577558853239672,0.6959104923596451,0.05250679213892703,-0.0007847509217287686,0.00792504307925908
2023-02-03,AEM,0.6798539643385778,23889461343.070965,0.01607971774019179,0.22547607123310345,0.008738897334253594,0.012641731026586776,1.2997847513089646,-0.01706040755898069,-0.0074561701036245966,1.8532163519531086,0.06356349028261904,15.577558853239672,0.6959104923596451,0.05250679213892703,-0.0008510447225256051,0.008594530954527018
2023-02-10,AEM,0.6959114049354018,23338236569.793835,0.01607971774019179,0.22547607123310345,0.008738897334253594,0.012641731026586776,1.2997847513089646,-0.01706040755898069,-0.0074561701036245966,1.8532163519531086,0.06356349028261904,15.577558853239672,0.6959104923596451,0.05250679213892703,-0.0008711455100388333,0.008797524799527463
2023-02-17,AEM,0.7711776186306462,21060446527.01307,0.01607971774019179,0.22547607123310345,0.008738897334253594,0.012641731026586776,1.2997847513089646,-0.01706040755898069,-0.0074561701036245966,1.8532163519531086,0.06356349028261904,15.577558853239672,0.6959104923596451,0.05250679213892703,-0.0009653641471429655,0.009749020028452344
2023-02-24,AEM,0.7849304798222877,20691443914.468864,0.01607971774019179,0.22547607123310345,0.008738897334253594,0.012641731026586776,1.2997847513089646,-0.01706040755898069,-0.0074561701036245966,1.8532163519531086,0.06356349028261904,15.577558853239672,0.6959104923596451,0.05250679213892703,-0.0009825800501908513,0.00992288000048306
2023-03-03,AEM,0.7470984921268274,21739228724.40073,0.01607971774019179,0.22547607123310345,0.008738897334253594,0.012641731026586776,1.2997847513089646,-0.01706040755898069,-0.0074561701036245966,1.8532163519531086,0.06356349028261904,15.577558853239672,0.6959104923596451,0.05250679213892703,-0.0009352217715608239,0.00944461818783591
2023-03-10,AEM,0.7849304798222877,20691443914.468864,0.01607971774019179,0.22547607123310345,0.008738897334253594,0.012641731026586776,1.2997847513089646,-0.01706040755898069,-0.0074561701036245966,1.8532163519531086,0.06356349028261904,15.577558853239672,0.6959104923596451,0.05250679213892703,-0.0009825800501908513,0.00992288000048306
2023-03-17,AEM,0.7012498200093517,23160569224.50748,0.01607971774019179,0.22547607123310345,0.008738897334253594,0.012641731026586776,1.2997847513089646,-0.01706040755898069,-0.0074561701036245966,1.8532163519531086,0.06356349028261904,15.577558853239672,0.6959104923596451,0.05250679213892703,-0.0008778281657467487,0.008865011607000614
2023-03-24,AEM,0.6898517946159367,23543238021.207283,0.01607971774019179,0.22547607123310345,0.008738897334253594,0.012641731026586776,1.2997847513089646,-0.01706040755898069,-0.0074561701036245966,1.8532163519531086,0.06356349028261904,15.577558853239672,0.6959104923596451,0.05250679213892703,-0.0008635600583779613,0.008720920835742855
2023-03-31,AEM,0.827753567953534,23903298960.0,0.01863827317271673,0.29140810552832724,0.06129001124452953,0.09183389289449062,0.27071395196994974,-0.012984166450339224,0.03937798653300959,0.35751379819620616,0.0847835367350981,18.760406098427435,0.7473984157636734,0.04422861771891753,0.011072906733205164,0.0760158325024773
2023-04-07,AEM,0.746207988784209,26515450514.32275,0.01863827317271673,0.29140810552832724,0.06129001124452953,0.09183389289449062,0.27071395196994974,-0.012984166450339224,0.03937798653300959,0.35751379819620616,0.0847835367350981,18.760406098427435,0.7473984157636734,0.04422861771891753,0.009982066865393418,0.0685271845190223
2023-04-14,AEM,0.7229369418743541,27368972110.763706,0.01863827317271673,0.29140810552832724,0.06129001124452953,0.09183389289449062,0.27071395196994974,-0.012984166450339224,0.03937798653300959,0.35751379819620616,0.0847835367350981,18.760406098427435,0.7473984157636734,0.04422861771891753,0.009670768742385713,0.06639011368956002
2023-04-21,AEM,0.7497885200960913,26388828942.67875,0.01863827317271673,0.29140810552832724,0.06129001124452953,0.09183389289449062,0.27071395196994974,-0.012984166450339224,0.03937798653300959,0.35751379819620616,0.0847835367350981,18.760406098427435,0.7473984157636734,0.04422861771891753,0.010029963837157384,0.06885599864802307
2023-04-28,AEM,0.7437088085576568,26604553788.159237,0.01863827317271673,0.29140810552832724,0.06129001124452953,0.09183389289449062,0.27071395196994974,-0.012984166450339224,0.03937798653300959,0.35751379819620616,0.0847835367350981,18.760406098427435,0.7473984157636734,0.04422861771891753,0.009948635188829946,0.06829767506977308
2023-05-05,AEM,0.7054104564504121,28048976052.272182,0.01863827317271673,0.29140810552832724,0.06129001124452953,0.09183389289449062,0.27071395196994974,-0.012984166450339224,0.03937798653300959,0.35751379819620616,0.0847835367350981,18.760406098427435,0.7473984157636734,0.04422861771891753,0.009436315946319865,0.06478058830432089
2023-05-12,AEM,0.7434467025380265,26613933362.61111,0.01863827317271673,0.29140810552832724,0.06129001124452953,0.09183389289449062,0.27071395196994974,-0.012984166450339224,0.03937798653300959,0.35751379819620616,0.0847835367350981,18.760406098427435,0.7473984157636734,0.04422861771891753,0.009945128981642275,0.06827360485363934
2023-05-19,AEM,0.7808736132194679,25338339860.690166,0.01863827317271673,0.29140810552832724,0.06129001124452953,0.09183389289449062,0.27071395196994974,-0.012984166450339224,0.03937798653300959,0.35751379819620616,0.0847835367350981,18.760406098427435,0.7473984157636734,0.04422861771891753,0.010445790902450649,0.07171066376053051
2023-05-26,AEM,0.8271045237659376,23922056319.932854,0.01863827317271673,0.29140810552832724,0.06129001124452953,0.09183389289449062,0.27071395196994974,-0.012984166450339224,0.03937798653300959,0.35751379819620616,0.0847835367350981,18.760406098427435,0.7473984157636734,0.04422861771891753,0.011064224432055134,0.07595622824806977
2023-06-02,AEM,0.812138589979219,24362887374.3166,0.01863827317271673,0.29140810552832724,0.06129001124452953,0.09183389289449062,0.27071395196994974,-0.012984166450339224,0.03937798653300959,0.35751379819620616,0.0847835367350981,18.760406098427435,0.7473984157636734,0.04422861771891753,0.010864024281416869,0.07458184828763423
2023-06-09,AEM,0.827753567953534,23903298960.0,0.01863827317271673,0.29140810552832724,0.06129001124452953,0.09183389289449062,0.27071395196994974,-0.012984166450339224,0.03937798653300959,0.35751379819620616,0.0847835367350981,18.760406098427435,0.7473984157636734,0.04422861771891753,0.011072906733205164,0.0760158325024773
2023-06-16,AEM,0.8272666739026079,23917367427.192364,0.01863827317271673,0.29140810552832724,0.06129001124452953,0.09183389289449062,0.27071395196994974,-0.012984166450339224,0.03937798653300959,0.35751379819620616,0.0847835367350981,18.760406098427435,0.7473984157636734,0.04422861771891753,0.011066393523690179,0.07597111912635358
2023-06-23,AEM,0.8591040489651294,23031018214.655285,0.01863827317271673,0.29140810552832724,0.06129001124452953,0.09183389289449062,0.27071395196994974,-0.012984166450339224,0.03937798653300959,0.35751379819620616,0.0847835367350981,18.760406098427435,0.7473984157636734,0.04422861771891753,0.01149228390742956,0.07889486921788691
2023-06-30,AEM,0.8079195477777461,24697017240.0,0.01846570841520635,0.27872531506564047,0.011188143643353845,0.016435605501532762,0.2641902642737625,-0.01445230722580904,-0.013443699010891642,2.201602288944304,0.07217071900280475,13.363423642993496,0.42996512769942224,0.03764015074960633,0.0120815804232722,0.013278646964251786
2023-07-07,AEM,0.8344661942015557,23911337737.404537,0.01846570841520635,0.27872531506564047,0.011188143643353845,0.016435605501532762,0.2641902642737625,-0.01445230722580904,-0.013443699010891642,2.201602288944304,0.07217071900280475,13.363423642993496,0.42996512769942224,0.03764015074960633,0.01247855738046999,0.013714957172262194
2023-07-14,AEM,0.767677182499581,25991658284.061207,0.01846570841520635,0.27872531506564047,0.011188143643353845,0.016435605501532762,0.2641902642737625,-0.01445230722580904,-0.013443699010891642,2.201602288944304,0.07217071900280475,13.363423642993496,0.42996512769942224,0.03764015074960633,0.011479798508391984,0.012617239324091282
2023-07-21,AEM,0.7751932906471573,25739648731.147297,0.01846570841520635,0.27872531506564047,0.011188143643353845,0.016435605501532762,0.2641902642737625,-0.01445230722580904,-0.013443699010891642,2.201602288944304,0.07217071900280475,13.363423642993496,0.42996512769942224,0.03764015074960633,0.011592193938487377,0.012740771112511703
2023-07-28,AEM,0.7868242180088703,25359162241.464024,0.01846570841520635,0.27872531506564047,0.011188143643353845,0.016435605501532762,0.2641902642737625,-0.01445230722580904,-0.013443699010891642,2.201602288944304,0.07217071900280475,13.363423642993496,0.42996512769942224,0.03764015074960633,0.011766122128124928,0.012931932446245801
2023-08-04,AEM,0.8315448411479093,23995342178.367104,0.01846570841520635,0.27872531506564047,0.011188143643353845,0.016435605501532762,0.2641902642737625,-0.01445230722580904,-0.013443699010891642,2.201602288944304,0.07217071900280475,13.363423642993496,0.42996512769942224,0.03764015074960633,0.012434871642255733,0.013666942965941764
2023-08-11,AEM,0.8232379053246934,24237468744.992073,0.01846570841520635,0.27872531506564047,0.011188143643353845,0.016435605501532762,0.2641902642737625,-0.01445230722580904,-0.013443699010891642,2.201602288944304,0.07217071900280475,13.363423642993496,0.42996512769942224,0.03764015074960633,0.012310650222567108,0.013530413445824837
2023-08-18,AEM,0.8736438243538681,22839059172.377308,0.01846570841520635,0.27872531506564047,0.011188143643353845,0.016435605501532762,0.2641902642737625,-0.01445230722580904,-0.013443699010891642,2.201602288944304,0.07217071900280475,13.363423642993496,0.42996512769942224,0.03764015074960633,0.013064417310187381,0.014358865245930556
2023-08-25,AEM,0.8535154820539081,23377669672.709877,0.01846570841520635,0.27872531506564047,0.011188143643353845,0.016435605501532762,0.2641902642737625,-0.01445230722580904,-0.013443699010891642,2.201602288944304,0.07217071900280475,13.363423642993496,0.42996512769942224,0.03764015074960633,0.012763419287608263,0.0140280437524886
2023-09-01,AEM,0.838973981549442,23782862685.622066,0.01846570841520635,0.27872531506564047,0.011188143643353845,0.016435605501532762,0.2641902642737625,-0.01445230722580904,-0.013443699010891642,2.201602288944304,0.07217071900280475,13.363423642993496,0.42996512769942224,0.03764015074960633,0.012545966561896903,0.013789045386796855
2023-09-08,AEM,0.8524344424444532,23407316746.589813,0.01846570841520635,0.27872531506564047,0.011188143643353845,0.016435605501532762,0.2641902642737625,-0.01445230722580904,-0.013443699010891642,2.201602288944304,0.07217071900280475,13.363423642993496,0.42996512769942224,0.03764015074960633,0.012747253486176304,0.014010276211936068
2023-09-15,AEM,0.8227346601797754,24252294166.918938,0.01846570841520635,0.27872531506564047,0.011188143643353845,0.016435605501532762,0.2641902642737625,-0.01445230722580904,-0.013443699010891642,2.201602288944304,0.07217071900280475,13.363423642993496,0.42996512769942224,0.03764015074960633,0.012303124724876562,0.013522142307152403
2023-09-22,AEM,0.8232379053246934,24237468744.992073,0.01846570841520635,0.27872531506564047,0.011188143643353845,0.016435605501532762,0.2641902642737625,-0.01445230722580904,-0.013443699010891642,2.201602288944304,0.07217071900280475,13.363423642993496,0.42996512769942224,0.03764015074960633,0.012310650222567108,0.013530413445824837
2023-09-29,AEM,0.8854999123152221,22510748700.0,0.013523434885914207,0.21135635365075106,0.005905192115112733,0.008658052373354172,0.25573552699166935,-0.01473984472765579,-0.011274493107619974,2.9092508571848112,0.0721231782417662,9.722552164484407,0.3222771200116041,0.03726547894641018,0.003167642309471475,0.007666704617425719
2023-10-06,AEM,0.8923719080257458,22337397469.29024,0.013523434885914207,0.21135635365075106,0.005905192115112733,0.008658052373354172,0.25573552699166935,-0.01473984472765579,-0.011274493107619974,2.9092508571848112,0.0721231782417662,9.722552164484407,0.3222771200116041,0.03726547894641018,0.0031922250610453818,0.007726202716196899
2023-10-13,AEM,0.8281064393806548,24070898440.19109,0.013523434885914207,0.21135635365075106,0.005905192115112733,0.008658052373354172,0.25573552699166935,-0.01473984472765579,-0.011274493107619974,2.9092508571848112,0.0721231782417662,9.722552164484407,0.3222771200116041,0.03726547894641018,0.002962332302517659,0.00716978892286955
2023-10-20,AEM,0.8081520543550352,24665242008.087467,0.013523434885914207,0.21135635365075106,0.005905192115112733,0.008658052373354172,0.25573552699166935,-0.01473984472765579,-0.011274493107619974,2.9092508571848112,0.0721231782417662,9.722552164484407,0.3222771200116041,0.03726547894641018,0.0028909507547754663,0.006997022812239661
2023-10-27,AEM,0.8248815522670229,24165003987.805744,0.013523434885914207,0.21135635365075106,0.005905192115112733,0.008658052373354172,0.25573552699166935,-0.01473984472765579,-0.011274493107619974,2.9092508571848112,0.0721231782417662,9.722552164484407,0.3222771200116041,0.03726547894641018,0.0029507961197102538,0.00714186768134157
2023-11-03,AEM,0.8137074895932292,24496844695.3396,0.013523434885914207,0.21135635365075106,0.005905192115112733,0.008658052373354172,0.25573552699166935,-0.01473984472765579,-0.011274493107619974,2.9092508571848112,0.0721231782417662,9.722552164484407,0.3222771200116041,0.03726547894641018,0.0029108238586157834,0.007045122061488723
2023-11-10,AEM,0.8552054933247694,23308159448.912968,0.013523434885914207,0.21135635365075106,0.005905192115112733,0.008658052373354172,0.25573552699166935,-0.01473984472765579,-0.011274493107619974,2.9092508571848112,0.0721231782417662,9.722552164484407,0.3222771200116041,0.03726547894641018,0.003059272018294243,0.007404413951186044
2023-11-17,AEM,0.8318720711404389,23961936806.789143,0.013523434885914207,0.21135635365075106,0.005905192115112733,0.008658052373354172,0.25573552699166935,-0.01473984472765579,-0.011274493107619974,2.9092508571848112,0.0721231782417662,9.722552164484407,0.3222771200116041,0.03726547894641018,0.00297580285662872,0.007202391959864527
2023-11-24,AEM,0.8078276181621656,24675147954.64512,0.013523434885914207,0.21135635365075106,0.005905192115112733,0.008658052373354172,0.25573552699166935,-0.01473984472765579,-0.011274493107619974,2.9092508571848112,0.0721231782417662,9.722552164484407,0.3222771200116041,0.03726547894641018,0.0028897901698934528,0.0069942138266899856
2023-12-01,AEM,0.7399516849042165,26938604785.500656,0.013523434885914207,0.21135635365075106,0.005905192115112733,0.008658052373354172,0.25573552699166935,-0.01473984472765579,-0.011274493107619974,2.9092508571848112,0.0721231782417662,9.722552164484407,0.3222771200116041,0.03726547894641018,0.0026469819267841035,0.006406540441652369
2023-12-08,AEM,0.7854404834499198,25378455045.309563,0.013523434885914207,0.21135635365075106,0.005905192115112733,0.008658052373354172,0.25573552699166935,-0.01473984472765579,-0.011274493107619974,2.9092508571848112,0.0721231782417662,9.722552164484407,0.3222771200116041,0.03726547894641018,0.0028097061019945243,0.006800384841862026
2023-12-15,AEM,0.7451578030185576,26750395579.63748,0.013523434885914207,0.21135635365075106,0.005905192115112733,0.008658052373354172,0.25573552699166935,-0.01473984472765579,-0.011274493107619974,2.9092508571848112,0.0721231782417662,9.722552164484407,0.3222771200116041,0.03726547894641018,0.0026656054407763015,0.006451615284948202
2023-12-22,AEM,0.7277752666466207,27389314962.360237,0.013523434885914207,0.21135635365075106,0.005905192115112733,0.008658052373354172,0.25573552699166935,-0.01473984472765579,-0.011274493107619974,2.9092508571848112,0.0721231782417662,9.722552164484407,0.3222771200116041,0.03726547894641018,0.002603424003046161,0.006301116374658239
2023-12-29,AEM,0.7132132445714886,27232970150.0,0.01940396888974772,0.25643102708236587,-0.013649720834434812,-0.020158742701597572,0.23250197486396157,-0.014841999544778692,-0.03902403821599962,-1.858962369219434,0.06988452376192128,12.834264272596029,0.32312938801136615,0.0398510731185194,0.011093868877904969,-0.014377482288688221
2024-01-05,AEM,0.7432974459916735,26130743627.252525,0.01940396888974772,0.25643102708236587,-0.013649720834434812,-0.020158742701597572,0.23250197486396157,-0.014841999544778692,-0.03902403821599962,-1.858962369219434,0.06988452376192128,12.834264272596029,0.32312938801136615,0.0398510731185194,0.011561821749493235,-0.014983941964500763
2024-01-12,AEM,0.7441458170736994,26100953004.586163,0.01940396888974772,0.25643102708236587,-0.013649720834434812,-0.020158742701597572,0.23250197486396157,-0.014841999544778692,-0.03902403821599962,-1.858962369219434,0.06988452376192128,12.834264272596029,0.32312938801136615,0.0398510731185194,0.01157501796761655,-0.0150010440588588
2024-01-19,AEM,0.7928606658996386,24497261417.25207,0.01940396888974772,0.25643102708236587,-0.013649720834434812,-0.020158742701597572,0.23250197486396157,-0.014841999544778692,-0.03902403821599962,-1.858962369219434,0.06988452376192128,12.834264272596029,0.32312938801136615,0.0398510731185194,0.012332766298000732,-0.015983074162088128
2024-01-26,AEM,0.7922183987502747,24517121832.36298,0.01940396888974772,0.25643102708236587,-0.013649720834434812,-0.020158742701597572,0.22090586992666636,-0.014841999544778692,-0.03902403821599962,-1.858962369219434,0.06988452376192128,12.834264272596029,0.32312938801136615,0.0398510731185194,0.012322775979405473,-0.015970126863878414
2024-02-02,AEM,0.8046019382121903,24139781521.229412,0.01940396888974772,0.25643102708236587,-0.013649720834434812,-0.020158742701597572,0.22090586992666636,-0.014841999544778692,-0.03902403821599962,-1.858962369219434,0.06988452376192128,12.834264272596029,0.32312938801136615,0.0398510731185194,0.01251539910310727,-0.01621976344962625
2024-02-09,AEM,0.8391193966697836,23146783493.60508,0.01940396888974772,0.25643102708236587,-0.013649720834434812,-0.020158742701597572,0.22090586992666636,-0.014841999544778692,-0.03902403821599962,-1.858962369219434,0.06988452376192128,12.834264272596029,0.32312938801136615,0.0398510731185194,0.013052310273842951,-0.01691559201338596
2024-02-16,AEM,0.8184047280515137,23732652481.422913,0.01940396888974772,0.25643102708236587,-0.013649720834434812,-0.020158742701597572,0.22090586992666636,-0.014841999544778692,-0.03902403821599962,-1.858962369219434,0.06988452376192128,12.834264272596029,0.32312938801136615,0.0398510731185194,0.012730098341788308,-0.016498010338561398
2024-02-23,AEM,0.7882277762351603,24641246585.816025,0.01940396888974772,0.25643102708236587,-0.013649720834434812,-0.020158742701597572,0.22090586992666636,-0.014841999544778692,-0.03902403821599962,-1.858962369219434,0.06988452376192128,12.834264272596029,0.32312938801136615,0.0398510731185194,0.012260702759003496,-0.01588968093137702
2024-03-01,AEM,0.7883866630100143,24636280535.04158,0.01940396888974772,0.25643102708236587,-0.013649720834434812,-0.020158742701597572,0.22090586992666636,-0.014841999544778692,-0.03902403821599962,-1.858962369219434,0.06988452376192128,12.834264272596029,0.32312938801136615,0.0398510731185194,0.012263174206442365,-0.01589288388898999
2024-03-08,AEM,0.7176618341779611,27064160409.54413,0.01940396888974772,0.25643102708236587,-0.013649720834434812,-0.020158742701597572,0.22090586992666636,-0.014841999544778692,-0.03902403821599962,-1.858962369219434,0.06988452376192128,12.834264272596029,0.32312938801136615,0.0398510731185194,0.011163065671656982,-0.014467160261950102
2024-03-15,AEM,0.6993161661929517,27774154150.815,0.01940396888974772,0.25643102708236587,-0.013649720834434812,-0.020158742701597572,0.22090586992666636,-0.014841999544778692,-0.03902403821599962,-1.858962369219434,0.06988452376192128,12.834264272596029,0.32312938801136615,0.0398510731185194,0.010877703002564154,-0.014097334661351359
2024-03-22,AEM,0.7030867326671314,27625204825.470036,0.01940396888974772,0.25643102708236587,-0.013649720834434812,-0.020158742701597572,0.22090586992666636,-0.014841999544778692,-0.03902403821599962,-1.858962369219434,0.06988452376192128,12.834264272596029,0.32312938801136615,0.0398510731185194,0.010936353301585322,-0.01417334454074362
2024-03-29,AEM,0.6439267380171391,30504044700.0,0.022045281474580576,0.31524852395715586,0.012000409756936921,0.01759671027477845,-0.028468027973431932,-0.013532260060874702,-0.015069398701311462,2.2557403460828067,0.06915209026901574,15.906494041326866,0.5166031857319542,0.04269179824029498,0.012782384855343462,0.011330992247070763
2024-04-05,AEM,0.6195198533109125,31705795859.527153,0.022045281474580576,0.31524852395715586,0.012000409756936921,0.01759671027477845,-0.028468027973431932,-0.013532260060874702,-0.015069398701311462,2.2557403460828067,0.06915209026901574,15.906494041326866,0.5166031857319542,0.04269179824029498,0.012297891550413049,0.010901511368185374
2024-04-12,AEM,0.6250647750755085,31424535157.37978,0.022045281474580576,0.31524852395715586,0.012000409756936921,0.01759671027477845,-0.028468027973431932,-0.013532260060874702,-0.015069398701311462,2.2557403460828067,0.06915209026901574,15.906494041326866,0.5166031857319542,0.04269179824029498,0.012407962028626283,0.010999083749973281
2024-04-19,AEM,0.601664016501722,32646742137.260227,0.022045281474580576,0.31524852395715586,0.012000409756936921,0.01759671027477845,-0.028468027973431932,-0.013532260060874702,-0.015069398701311462,2.2557403460828067,0.06915209026901574,15.906494041326866,0.5166031857319542,0.04269179824029498,0.01194344101352106,0.010587307381140323
2024-04-26,AEM,0.5862367654645064,33505865133.58013,0.022045281474580576,0.31524852395715586,0.012000409756936921,0.01759671027477845,-0.028468027973431932,-0.013532260060874702,-0.015069398701311462,2.2557403460828067,0.06915209026901574,15.906494041326866,0.5166031857319542,0.04269179824029498,0.0116371995603009,0.010315838514302166
2024-05-03,AEM,0.5905631974876971,33260403092.438213,0.022045281474580576,0.31524852395715586,0.012000409756936921,0.01759671027477845,-0.028468027973431932,-0.013532260060874702,-0.015069398701311462,2.2557403460828067,0.06915209026901574,15.906494041326866,0.5166031857319542,0.04269179824029498,0.011723082186236265,0.010391969485137775
2024-05-10,AEM,0.5615530708832542,34978652986.626816,0.022045281474580576,0.31524852395715586,0.012000409756936921,0.01759671027477845,-0.028468027973431932,-0.013532260060874702,-0.015069398701311462,2.2557403460828067,0.06915209026901574,15.906494041326866,0.5166031857319542,0.04269179824029498,0.01114721139058939,0.009881486692244751
2024-05-17,AEM,0.5478566619724918,35853118823.598885,0.022045281474580576,0.31524852395715586,0.012000409756936921,0.01759671027477845,-0.028468027973431932,-0.013532260060874702,-0.015069398701311462,2.2557403460828067,0.06915209026901574,15.906494041326866,0.5166031857319542,0.04269179824029498,0.01087532833387299,0.009640474952837173
2024-05-24,AEM,0.5672756081026865,34625796913.24291,0.022045281474580576,0.31524852395715586,0.012000409756936921,0.01759671027477845,-0.028468027973431932,-0.013532260060874702,-0.015069398701311462,2.2557403460828067,0.06915209026901574,15.906494041326866,0.5166031857319542,0.04269179824029498,0.011260807656700433,0.009982184521731738
2024-05-31,AEM,0.5631173056857627,34881488815.33587,0.022045281474580576,0.31524852395715586,0.012000409756936921,0.01759671027477845,-0.028468027973431932,-0.013532260060874702,-0.015069398701311462,2.2557403460828067,0.06915209026901574,15.906494041326866,0.5166031857319542,0.04269179824029498,0.01117826251810019,0.009909012078866217
2024-06-07,AEM,0.60204124395921,32626286316.906933,0.022045281474580576,0.31524852395715586,0.012000409756936921,0.01759671027477845,-0.028468027973431932,-0.013532260060874702,-0.015069398701311462,2.2557403460828067,0.06915209026901574,15.906494041326866,0.5166031857319542,0.04269179824029498,0.011950929235790666,0.01059394534341743
2024-06-14,AEM,0.5978246055295965,32856409418.94548,0.022045281474580576,0.31524852395715586,0.012000409756936921,0.01759671027477845,-0.028468027973431932,-0.013532260060874702,-0.015069398701311462,2.2557403460828067,0.06915209026901574,15.906494041326866,0.5166031857319542,0.04269179824029498,0.011867226087558115,0.010519746378638025
2024-06-21,AEM,0.5888430005912881,33357567263.729153,0.022045281474580576,0.31524852395715586,0.012000409756936921,0.01759671027477845,-0.028468027973431932,-0.013532260060874702,-0.015069398701311462,2.2557403460828067,0.06915209026901574,15.906494041326866,0.5166031857319542,0.04269179824029498,0.011688935104808064,0.010361699678736094
2024-06-28,AEM,0.615589063494597,32483382480.0,0.02972978879736123,0.38950198432132355,0.016111274250708556,0.023600162979214023,-0.0006975383031976499,-0.013904275569944098,-0.01670867860476622,2.0370798947843243,0.06786695638274505,23.463232401658566,0.5147256847831427,0.031446639650139364,0.01705681359818782,0.014528002226694219
2024-07-05,AEM,0.5767840104821763,34668809531.11637,0.02972978879736123,0.38950198432132355,0.016111274250708556,0.023600162979214023,-0.0006975383031976499,-0.013904275569944098,-0.01670867860476622,2.0370798947843243,0.06786695638274505,23.463232401658566,0.5147256847831427,0.031446639650139364,0.015981598661549388,0.013612196651184051
2024-07-12,AEM,0.5359361584114536,37311188443.17307,0.02972978879736123,0.38950198432132355,0.016111274250708556,0.023600162979214023,-0.0006975383031976499,-0.013904275569944098,-0.01670867860476622,2.0370798947843243,0.06786695638274505,23.463232401658566,0.5147256847831427,0.031446639650139364,0.014849781610249897,0.012648180684964169
2024-07-19,AEM,0.5428006833727754,36839332765.29647,0.02972978879736123,0.38950198432132355,0.016111274250708556,0.023600162979214023,-0.0006975383031976499,-0.013904275569944098,-0.01670867860476622,2.0370798947843243,0.06786695638274505,23.463232401658566,0.5147256847831427,0.031446639650139364,0.015039984668830391,0.012810184592826247
2024-07-26,AEM,0.5484948890316652,36456884831.329,0.02972978879736123,0.38950198432132355,0.016111274250708556,0.023600162979214023,-0.0006975383031976499,-0.013904275569944098,-0.01670867860476622,2.0370798947843243,0.06786695638274505,23.463232401658566,0.5147256847831427,0.031446639650139364,0.015197760383626342,0.012944568774413209
2024-08-02,AEM,0.5359361584114536,37311188443.17307,0.02972978879736123,0.38950198432132355,0.016111274250708556,0.023600162979214023,-0.0006975383031976499,-0.013904275569944098,-0.01670867860476622,2.0370798947843243,0.06786695638274505,23.463232401658566,0.5147256847831427,0.031446639650139364,0.014849781610249897,0.012648180684964169
2024-08-09,AEM,0.5429470649142216,36829400676.7661,0.02972978879736123,0.38950198432132355,0.016111274250708556,0.023600162979214023,-0.0006975383031976499,-0.013904275569944098,-0.01670867860476622,2.0370798947843243,0.06786695638274505,23.463232401658566,0.5147256847831427,0.031446639650139364,0.015044040625660568,0.012813639221061527
2024-08-16,AEM,0.5032440711482626,39735023513.28999,0.02972978879736123,0.38950198432132355,0.016111274250708556,0.023600162979214023,-0.0006975383031976499,-0.013904275569944098,-0.01670867860476622,2.0370798947843243,0.06786695638274505,23.463232401658566,0.5147256847831427,0.031446639650139364,0.013943945441851445,0.011876642097422178
2024-08-23,AEM,0.486284880379924,41120782913.04724,0.02972978879736123,0.38950198432132355,0.016111274250708556,0.023600162979214023,-0.0006975383031976499,-0.013904275569944098,-0.01670867860476622,2.0370798947843243,0.06786695638274505,23.463232401658566,0.5147256847831427,0.031446639650139364,0.013474038205245382,0.011476402431293803
2024-08-30,AEM,0.4941638037146644,40465155176.655045,0.02972978879736123,0.38950198432132355,0.016111274250708556,0.023600162979214023,-0.0006975383031976499,-0.013904275569944098,-0.01670867860476622,2.0370798947843243,0.06786695638274505,23.463232401658566,0.5147256847831427,0.031446639650139364,0.013692348332316473,0.011662346306094409
2024-09-06,AEM,0.5235989857125826,38190324171.05667,0.02972978879736123,0.38950198432132355,0.016111274250708556,0.023600162979214023,-0.0006975383031976499,-0.013904275569944098,-0.01670867860476622,2.0370798947843243,0.06786695638274505,23.463232401658566,0.5147256847831427,0.031446639650139364,0.01450794178960932,0.012357021398568105
2024-09-13,AEM,0.48406308258034136,41309522910.541595,0.02972978879736123,0.38950198432132355,0.016111274250708556,0.023600162979214023,-0.0006975383031976499,-0.013904275569944098,-0.01670867860476622,2.0370798947843243,0.06786695638274505,23.463232401658566,0.5147256847831427,0.031446639650139364,0.013412476372575368,0.011423967641116793
2024-09-20,AEM,0.48429600652014576,41289654944.0537,0.02972978879736123,0.38950198432132355,0.016111274250708556,0.023600162979214023,-0.0006975383031976499,-0.013904275569944098,-0.01670867860476622,2.0370798947843243,0.06786695638274505,23.463232401658566,0.5147256847831427,0.031446639650139364,0.013418930256277013,0.011429464684057937
2024-09-27,AEM,0.49204993695945654,40638995146.64026,0.02972978879736123,0.38950198432132355,0.016111274250708556,0.023600162979214023,0.002242035010236374,-0.013904275569944098,-0.01670867860476622,2.0370798947843243,0.06786695638274505,23.463232401658566,0.5147256847831427,0.031446639650139364,0.013633777065617381,0.011612458706155161
2024-10-04,AEM,0.5107780493242591,39148931764.891884,0.02972978879736123,0.38950198432132355,0.016111274250708556,0.023600162979214023,0.002242035010236374,-0.013904275569944098,-0.01670867860476622,2.0370798947843243,0.06786695638274505,23.463232401658566,0.5147256847831427,0.031446639650139364,0.014152697788215885,0.012054445210257534
2024-10-11,AEM,0.5066640593471661,39466811649.84403,0.02972978879736123,0.38950198432132355,0.016111274250708556,0.023600162979214023,0.002242035010236374,-0.013904275569944098,-0.01670867860476622,2.0370798947843243,0.06786695638274505,23.463232401658566,0.5147256847831427,0.031446639650139364,0.014038706873910591,0.011957354376303285
2024-10-18,AEM,0.4672104740321334,42799586292.28998,0.02972978879736123,0.38950198432132355,0.016111274250708556,0.023600162979214023,0.002242035010236374,-0.013904275569944098,-0.01670867860476622,2.0370798947843243,0.06786695638274505,23.463232401658566,0.5147256847831427,0.031446639650139364,0.012945522328560692,0.01102624333275419
2024-10-25,AEM,0.4633923453568842,43152234171.23917,0.02972978879736123,0.38950198432132355,0.016111274250708556,0.023600162979214023,0.002242035010236374,-0.013904275569944098,-0.01670867860476622,2.0370798947843243,0.06786695638274505,23.463232401658566,0.5147256847831427,0.031446639650139364,0.012839729173727958,0.010936134873742698
2024-11-01,AEM,0.4638509740595583,44205945760.0,0.03115013270006405,0.3956060675967704,0.01917328099898013,0.02788006488768016,0.020215371542582704,-0.01577209660735038,-0.017353149996969797,1.9050694035044315,0.054178511762401,29.89350484301412,0.5873402824984058,0.04171872818426073,0.013940070490644333,0.012932195254994132
2024-11-08,AEM,0.47469485601449685,43196109543.20894,0.03115013270006405,0.3956060675967704,0.01917328099898013,0.02788006488768016,0.020215371542582704,-0.01577209660735038,-0.017353149996969797,1.9050694035044315,0.054178511762401,29.89350484301412,0.5873402824984058,0.04171872818426073,0.014265960673694074,0.013234523387532164
2024-11-15,AEM,0.5184785550062696,39548349303.95925,0.03115013270006405,0.3956060675967704,0.01917328099898013,0.02788006488768016,0.020215371542582704,-0.01577209660735038,-0.017353149996969797,1.9050694035044315,0.054178511762401,29.89350484301412,0.5873402824984058,0.04171872818426073,0.015581788136434504,0.014455215756445445
2024-11-22,AEM,0.47210454981165106,43433114567.90785,0.03115013270006405,0.3956060675967704,0.01917328099898013,0.02788006488768016,0.020215371542582704,-0.01577209660735038,-0.017353149996969797,1.9050694035044315,0.054178511762401,29.89350484301412,0.5873402824984058,0.04171872818426073,0.014188114440573116,0.013162305482517863
2024-11-29,AEM,0.4714334974306023,43494938547.54869,0.03115013270006405,0.3956060675967704,0.01917328099898013,0.02788006488768016,0.020215371542582704,-0.01577209660735038,-0.017353149996969797,1.9050694035044315,0.054178511762401,29.89350484301412,0.5873402824984058,0.04171872818426073,0.014167947365331546,0.013143596498591191
2024-12-06,AEM,0.4761145679322234,43067304344.52692,0.03115013270006405,0.3956060675967704,0.01917328099898013,0.02788006488768016,0.020215371542582704,-0.01577209660735038,-0.017353149996969797,1.9050694035044315,0.054178511762401,29.89350484301412,0.5873402824984058,0.04171872818426073,0.014308627144858959,0.013274105047920193
2024-12-13,AEM,0.4753752318392128,43134285563.56811,0.03115013270006405,0.3956060675967704,0.01917328099898013,0.02788006488768016,0.020215371542582704,-0.01577209660735038,-0.017353149996969797,1.9050694035044315,0.054178511762401,29.89350484301412,0.5873402824984058,0.04171872818426073,0.014286407945527232,0.013253492309673254
2024-12-20,AEM,0.5091915701785532,40269659202.74313,0.03115013270006405,0.3956060675967704,0.01917328099898013,0.02788006488768016,0.020215371542582704,-0.01577209660735038,-0.017353149996969797,1.9050694035044315,0.054178511762401,29.89350484301412,0.5873402824984058,0.04171872818426073,0.01530268723898271,0.01419629401683781
2024-12-27,AEM,0.5060192526096228,40522116291.52955,0.03115013270006405,0.3956060675967704,0.01917328099898013,0.02788006488768016,0.039447167920709916,-0.01577209660735038,-0.017353149996969797,1.9050694035044315,0.054178511762401,29.89350484301412,0.5873402824984058,0.04171872818426073,0.015207349872020704,0.014107849597171701
2025-01-03,AEM,0.532844922258829,39097491840.0,0.0335669179242831,0.4248662135864081,0.01650325474176859,0.023754897157860885,0.045392062576091734,-0.018913617886246643,-0.021241378619241167,2.2871023898989282,0.04275790276979191,34.38921969572796,0.6127330989804658,0.04312919677441752,0.01444302366788345,0.01265767632934686
2025-01-10,AEM,0.5124918826620752,40650204822.34001,0.0335669179242831,0.4248662135864081,0.01650325474176859,0.023754897157860885,0.045392062576091734,-0.018913617886246643,-0.021241378619241167,2.2871023898989282,0.04275790276979191,34.38921969572796,0.6127330989804658,0.04312919677441752,0.013891344520106014,0.012174191966876103
2025-01-17,AEM,0.5080920603627379,41002215199.20414,0.0335669179242831,0.4248662135864081,0.01650325474176859,0.023754897157860885,0.045392062576091734,-0.018913617886246643,-0.021241378619241167,2.2871023898989282,0.04275790276979191,34.38921969572796,0.6127330989804658,0.04312919677441752,0.01377208517287526,0.012069674640642484
2025-01-24,AEM,0.48035430397680734,43369862261.09856,0.0335669179242831,0.4248662135864081,0.01650325474176859,0.023754897157860885,0.045392062576091734,-0.018913617886246643,-0.021241378619241167,2.2871023898989282,0.04275790276979191,34.38921969572796,0.6127330989804658,0.04312919677441752,0.013020239644766087,0.011410767090304903
2025-01-31,AEM,0.4648490008341812,44816488714.86209,0.0335669179242831,0.4248662135864081,0.01650325474176859,0.023754897157860885,0.045392062576091734,-0.018913617886246643,-0.021241378619241167,2.2871023898989282,0.04275790276979191,34.38921969572796,0.6127330989804658,0.04312919677441752,0.012599960777666596,0.011042440208750361
2025-02-07,AEM,0.4392787792852086,47425236506.755806,0.0335669179242831,0.4248662135864081,0.01650325474176859,0.023754897157860885,0.045392062576091734,-0.018913617886246643,-0.021241378619241167,2.2871023898989282,0.04275790276979191,34.38921969572796,0.6127330989804658,0.04312919677441752,0.011906867347294294,0.010435022225550799
2025-02-14,AEM,0.45073623328307727,46219714461.95285,0.0335669179242831,0.4248662135864081,0.01650325474176859,0.023754897157860885,0.045392062576091734,-0.018913617886246643,-0.021241378619241167,2.2871023898989282,0.04275790276979191,34.38921969572796,0.6127330989804658,0.04312919677441752,0.012217427272616283,0.010707192866961092
2025-02-21,AEM,0.4495636624182493,46340266666.43314,0.0335669179242831,0.4248662135864081,0.01650325474176859,0.023754897157860885,0.045392062576091734,-0.018913617886246643,-0.021241378619241167,2.2871023898989282,0.04275790276979191,34.38921969572796,0.6127330989804658,0.04312919677441752,0.012185644162661536,0.0106793385666568
2025-02-28,AEM,0.44872318051694887,46427064400.817406,0.0335669179242831,0.4248662135864081,0.01650325474176859,0.023754897157860885,0.045392062576091734,-0.018913617886246643,-0.021241378619241167,2.2871023898989282,0.04275790276979191,34.38921969572796,0.6127330989804658,0.04312919677441752,0.01216286248738264,0.010659373005528366
2025-03-07,AEM,0.4373222681651336,47637409563.908745,0.0335669179242831,0.4248662135864081,0.01650325474176859,0.023754897157860885,0.045392062576091734,-0.018913617886246643,-0.021241378619241167,2.2871023898989282,0.04275790276979191,34.38921969572796,0.6127330989804658,0.04312919677441752,0.011853835151183783,0.010388545505105207
2025-03-14,AEM,0.4170180300070759,49956832800.841995,0.0335669179242831,0.4248662135864081,0.01650325474176859,0.023754897157860885,0.045392062576091734,-0.018913617886246643,-0.021241378619241167,2.2871023898989282,0.04275790276979191,34.38921969572796,0.6127330989804658,0.04312919677441752,0.011303478790402471,0.009906220415791832
2025-03-21,AEM,0.4140604637602909,50313666295.9945,0.0335669179242831,0.4248662135864081,0.01650325474176859,0.023754897157860885,0.045392062576091734,-0.018913617886246643,-0.021241378619241167,2.2871023898989282,0.04275790276979191,34.38921969572796,0.6127330989804658,0.04312919677441752,0.011223312502769351,0.009835963733761893
2025-03-28,AEM,0.3976496445589067,54424421840.0,0.040470463099687444,0.46979476935612674,0.02654986339851626,0.037532336973748824,0.062205248506541515,-0.01483779358271123,-0.007582399471479864,1.285590903337891,0.041862183641658536,51.665033516660685,0.9200279973942379,0.05540995742186142,0.010846178609584289,0.014924720457076334
2025-04-04,AEM,0.42914821714845436,50429784245.17951,0.040470463099687444,0.46979476935612674,0.02654986339851626,0.037532336973748824,0.062205248506541515,-0.01483779358271123,-0.007582399471479864,1.285590903337891,0.041862183641658536,51.665033516660685,0.9200279973942379,0.05540995742186142,0.011705324717038133,0.016106935497699326
2025-04-11,AEM,0.3628700852431322,59640771945.96906,0.040470463099687444,0.46979476935612674,0.02654986339851626,0.037532336973748824,0.062205248506541515,-0.01483779358271123,-0.007582399471479864,1.285590903337891,0.041862183641658536,51.665033516660685,0.9200279973942379,0.05540995742186142,0.009897541241330233,0.013619362317038199
2025-04-18,AEM,0.3512850037963055,61607674014.31444,0.040470463099687444,0.46979476935612674,0.02654986339851626,0.037532336973748824,0.062205248506541515,-0.01483779358271123,-0.007582399471479864,1.285590903337891,0.041862183641658536,51.665033516660685,0.9200279973942379,0.05540995742186142,0.009581549854695788,0.013184547136307574
2025-04-25,AEM,0.36023681809975056,60076735393.56911,0.040470463099687444,0.46979476935612674,0.02654986339851626,0.037532336973748824,0.062205248506541515,-0.01483779358271123,-0.007582399471479864,1.285590903337891,0.041862183641658536,51.665033516660685,0.9200279973942379,0.05540995742186142,0.009825716995653997,0.013520529647270898
2025-05-02,AEM,0.38419424970598703,56330494317.81422,0.040470463099687444,0.46979476935612674,0.02654986339851626,0.037532336973748824,0.062205248506541515,-0.01483779358271123,-0.007582399471479864,1.285590903337891,0.041862183641658536,51.665033516660685,0.9200279973942379,0.05540995742186142,0.010479173086420471,0.014419708043341707
2025-05-09,AEM,0.36389077901125944,59473482836.81121,0.040470463099687444,0.46979476935612674,0.02654986339851626,0.037532336973748824,0.062205248506541515,-0.01483779358271123,-0.007582399471479864,1.285590903337891,0.041862183641658536,51.665033516660685,0.9200279973942379,0.05540995742186142,0.009925381394254494,0.013657671339490557
2025-05-16,AEM,0.4010490118032387,53963110151.279594,0.040470463099687444,0.46979476935612674,0.02654986339851626,0.037532336973748824,0.062205248506541515,-0.01483779358271123,-0.007582399471479864,1.285590903337891,0.041862183641658536,51.665033516660685,0.9200279973942379,0.05540995742186142,0.01093889878372777,0.015052306653988125
2025-05-23,AEM,0.3629626346339368,59625564548.33629,0.040470463099687444,0.46979476935612674,0.02654986339851626,0.037532336973748824,0.062205248506541515,-0.01483779358271123,-0.007582399471479864,1.285590903337891,0.041862183641658536,51.665033516660685,0.9200279973942379,0.05540995742186142,0.009900065592191878,0.013622835911960594
2025-05-30,AEM,0.3618244499999214,59813127609.27212,0.040470463099687444,0.46979476935612674,0.02654986339851626,0.037532336973748824,0.062205248506541515,-0.01483779358271123,-0.007582399471479864,1.285590903337891,0.041862183641658536,51.665033516660685,0.9200279973942379,0.05540995742186142,0.009869020791825193,0.013580117182738386
2025-06-06,AEM,0.36188578147660594,59802990633.38313,0.040470463099687444,0.46979476935612674,0.02654986339851626,0.037532336973748824,0.062205248506541515,-0.01483779358271123,-0.007582399471479864,1.285590903337891,0.041862183641658536,51.665033516660685,0.9200279973942379,0.05540995742186142,0.009870693651739974,0.013582419096388406
2025-06-13,AEM,0.34301515664944615,63092990442.1614,0.040470463099687444,0.46979476935612674,0.02654986339851626,0.037532336973748824,0.062205248506541515,-0.01483779358271123,-0.007582399471479864,1.285590903337891,0.041862183641658536,51.665033516660685,0.9200279973942379,0.05540995742186142,0.009355983855942555,0.012874160446470252
2025-06-20,AEM,0.3527653880908964,61349136651.76126,0.040470463099687444,0.46979476935612674,0.02654986339851626,0.037532336973748824,0.062205248506541515,-0.01483779358271123,-0.007582399471479864,1.285590903337891,0.041862183641658536,51.665033516660685,0.9200279973942379,0.05540995742186142,0.00962192839567944,0.013240109418502807
2025-06-27,AEM,0.37714300044808463,59771720470.0,0.05205996589890776,0.5362208244661679,0.03372028755628181,0.047408746311298586,0.08201120158726138,-0.017530109489943543,-0.025927974371204515,1.7689132047859524,0.023149479041591387,54.16069081411439,0.9065028608210973,0.055843812088019674,0.022332768565194356,0.017879876831325213
2025-07-04,AEM,0.3647663429820807,61799797140.56954,0.05205996589890776,0.5362208244661679,0.03372028755628181,0.047408746311298586,0.08201120158726138,-0.017530109489943543,-0.025927974371204515,1.7689132047859524,0.023149479041591387,54.16069081411439,0.9065028608210973,0.055843812088019674,0.02159987672716328,0.017293115017337594
2025-07-11,AEM,0.36531404113489135,61707143612.57262,0.05205996589890776,0.5362208244661679,0.03372028755628181,0.047408746311298586,0.08201120158726138,-0.017530109489943543,-0.025927974371204515,1.7689132047859524,0.023149479041591387,54.16069081411439,0.9065028608210973,0.055843812088019674,0.021632309030230744,0.01731908070011936
2025-07-18,AEM,0.37198543276272306,60600453712.87184,0.05205996589890776,0.5362208244661679,0.03372028755628181,0.047408746311298586,0.08201120158726138,-0.017530109489943543,-0.025927974371204515,1.7689132047859524,0.023149479041591387,54.16069081411439,0.9065028608210973,0.055843812088019674,0.02202735983338797,0.017635363013346554
2025-07-25,AEM,0.3452412043727399,65294888658.950424,0.05205996589890776,0.5362208244661679,0.03372028755628181,0.047408746311298586,0.08201120158726138,-0.017530109489943543,-0.025927974371204515,1.7689132047859524,0.023149479041591387,54.16069081411439,0.9065028608210973,0.055843812088019674,0.02044368291938301,0.016367452674314414
2025-08-01,AEM,0.34973523255840033,64455862325.03972,0.05205996589890776,0.5362208244661679,0.03372028755628181,0.047408746311298586,0.08201120158726138,-0.017530109489943543,-0.025927974371204515,1.7689132047859524,0.023149479041591387,54.16069081411439,0.9065028608210973,0.055843812088019674,0.020709799727269065,0.016580508916484216
2025-08-08,AEM,0.3229396508427038,69804020476.19698,0.05205996589890776,0.5362208244661679,0.03372028755628181,0.047408746311298586,0.08201120158726138,-0.017530109489943543,-0.025927974371204515,1.7689132047859524,0.023149479041591387,54.16069081411439,0.9065028608210973,0.055843812088019674,0.019123081892613723,0.015310163980661089
2025-08-15,AEM,0.3284127802280708,68640708757.87799,0.05205996589890776,0.5362208244661679,0.03372028755628181,0.047408746311298586,0.08201120158726138,-0.017530109489943543,-0.025927974371204515,1.7689132047859524,0.023149479041591387,54.16069081411439,0.9065028608210973,0.055843812088019674,0.019447176816145495,0.015569638183220866
2025-08-22,AEM,0.31905761329244936,70653339901.14656,0.05205996589890776,0.5362208244661679,0.03372028755628181,0.047408746311298586,0.08201120158726138,-0.017530109489943543,-0.025927974371204515,1.7689132047859524,0.023149479041591387,54.16069081411439,0.9065028608210973,0.055843812088019674,0.01889320450905305,0.015126121447270139
2025-08-29,AEM,0.3037653242983749,74210201747.24597,0.05205996589890776,0.5362208244661679,0.03372028755628181,0.047408746311298586,0.08201120158726138,-0.017530109489943543,-0.025927974371204515,1.7689132047859524,0.023149479041591387,54.16069081411439,0.9065028608210973,0.055843812088019674,0.01798766164989625,0.014401133197831
2025-09-05,AEM,0.28840200518682674,78163416323.67287,0.05205996589890776,0.5362208244661679,0.03372028755628181,0.047408746311298586,0.08201120158726138,-0.017530109489943543,-0.025927974371204515,1.7689132047859524,0.023149479041591387,54.16069081411439,0.9065028608210973,0.055843812088019674,0.017077912696041114,0.013672777499572087
2025-09-12,AEM,0.2857673490889774,78884050511.24684,0.05205996589890776,0.5362208244661679,0.03372028755628181,0.047408746311298586,0.08201120158726138,-0.017530109489943543,-0.025927974371204515,1.7689132047859524,0.023149479041591387,54.16069081411439,0.9065028608210973,0.055843812088019674,0.016921899818134745,0.013547871757011632
2025-09-19,AEM,0.2716908343233332,82971094906.98788,0.05205996589890776,0.5362208244661679,0.03372028755628181,0.047408746311298586,0.08201120158726138,-0.017530109489943543,-0.025927974371204515,1.7689132047859524,0.023149479041591387,54.16069081411439,0.9065028608210973,0.055843812088019674,0.01608834982226535,0.012880521839539957
2025-09-26,AEM,0.26798339700512813,84118965025.16768,0.05205996589890776,0.5362208244661679,0.03372028755628181,0.047408746311298586,0.08201120158726138,-0.017530109489943543,-0.025927974371204515,1.7689132047859524,0.023149479041591387,54.16069081411439,0.9065028608210973,0.055843812088019674,0.015868811505236884,0.012704756884256133
2025-10-03,AEM,0.2774405190515506,84647123680.0,0.052409813509371204,0.5368911356486081,0.03194797274802637,0.044423376198251444,0.11484142363411053,-0.019016938294702915,-0.02318809316498315,1.7258079674684719,0.010957199980533228,68.00670863618221,1.117201444189937,0.07221920896340686,0.013933986882518014,0.012324844550465178
2025-10-10,AEM,0.2859470180890574,82128997486.82045,0.052409813509371204,0.5368911356486081,0.03194797274802637,0.044423376198251444,0.11484142363411053,-0.019016938294702915,-0.02318809316498315,1.7258079674684719,0.010957199980533228,68.00670863618221,1.117201444189937,0.07221920896340686,0.014361211595079732,0.012702731957338408
2025-10-17,AEM,0.2693791664276519,87180245753.36758,0.052409813509371204,0.5368911356486081,0.03194797274802637,0.044423376198251444,0.11484142363411053,-0.019016938294702915,-0.02318809316498315,1.7258079674684719,0.010957199980533228,68.00670863618221,1.117201444189937,0.07221920896340686,0.01352911890540799,0.011966732050186966
2025-10-24,AEM,0.2877500488118642,81614380351.86775,0.052409813509371204,0.5368911356486081,0.03194797274802637,0.044423376198251444,0.11484142363411053,-0.019016938294702915,-0.02318809316498315,1.7258079674684719,0.010957199980533228,68.00670863618221,1.117201444189937,0.07221920896340686,0.014451765802973564,0.012782828669434662
2025-10-31,AEM,0.29229508701769785,80345318731.19736,0.052409813509371204,0.5368911356486081,0.03194797274802637,0.044423376198251444,0.09520104117557235,-0.019016938294702915,-0.02318809316498315,1.7258079674684719,0.010957199980533228,68.00670863618221,1.117201444189937,0.07221920896340686,0.014680032758921917,0.012984734611487832
2025-11-07,AEM,0.29120854447225947,80645099107.78781,0.052409813509371204,0.5368911356486081,0.03194797274802637,0.044423376198251444,0.09520104117557235,-0.019016938294702915,-0.02318809316498315,1.7258079674684719,0.010957199980533228,68.00670863618221,1.117201444189937,0.07221920896340686,0.014625462973559662,0.01293646672323642
2025-11-14,AEM,0.27960247492147483,83992611068.96687,0.052409813509371204,0.5368911356486081,0.03194797274802637,0.044423376198251444,0.09520104117557235,-0.019016938294702915,-0.02318809316498315,1.7258079674684719,0.010957199980533228,68.00670863618221,1.117201444189937,0.07221920896340686,0.014042567506700417,0.01242088592939884
2025-11-21,AEM,0.29377482643565583,79940620559.4124,0.052409813509371204,0.5368911356486081,0.03194797274802637,0.044423376198251444,0.09520104117557235,-0.019016938294702915,-0.02318809316498315,1.7258079674684719,0.010957199980533228,68.00670863618221,1.117201444189937,0.07221920896340686,0.014754350200764437,0.013050469632327163
2025-11-28,AEM,0.2694718466053757,87150261616.7232,0.052409813509371204,0.5368911356486081,0.03194797274802637,0.044423376198251444,0.09520104117557235,-0.019016938294702915,-0.02318809316498315,1.7258079674684719,0.010957199980533228,68.00670863618221,1.117201444189937,0.07221920896340686,0.013533773612604645,0.011970849216588112
2025-12-05,AEM,0.27841006764153814,84352344471.38277,0.052409813509371204,0.5368911356486081,0.03194797274802637,0.044423376198251444,0.09520104117557235,-0.019016938294702915,-0.02318809316498315,1.7258079674684719,0.010957199980533228,68.00670863618221,1.117201444189937,0.07221920896340686,0.013982680841789118,0.012367915172220679
2025-12-12,AEM,0.27933660804807864,84072553519.2219,0.052409813509371204,0.5368911356486081,0.03194797274802637,0.044423376198251444,0.09520104117557235,-0.019016938294702915,-0.02318809316498315,1.7258079674684719,0.010957199980533228,68.00670863618221,1.117201444189937,0.07221920896340686,0.014029214786848742,0.012409075225263308
2025-12-19,AEM,0.26981212570014446,87040350277.28714,0.052409813509371204,0.5368911356486081,0.03194797274802637,0.044423376198251444,0.09520104117557235,-0.019016938294702915,-0.02318809316498315,1.7258079674684719,0.010957199980533228,68.00670863618221,1.117201444189937,0.07221920896340686,0.013550863562043578,0.011985965562827423
2025-12-26,AEM,0.25655788716341554,91537010183.75409,0.052409813509371204,0.5368911356486081,0.03194797274802637,0.044423376198251444,0.09520104117557235,-0.019016938294702915,-0.02318809316498315,1.7258079674684719,0.010957199980533228,68.00670863618221,1.117201444189937,0.07221920896340686,0.012885191559482808,0.011397167538088953
2026-01-02,AEM,0.2914267836624157,84901132590.0,0.0637613485378311,0.5587503047862596,0.04418346269653782,0.06155656122203512,0.14954047781610028,-0.023435211637417352,-0.017070523990528816,1.386355503817641,0.009325731374551652,114.57089227538494,1.1593099442360386,0.07315467239100502,0.015355060176824432,0.017939230650256276
2026-01-09,AEM,0.2598812103406597,95206821484.19608,0.0637613485378311,0.5587503047862596,0.04418346269653782,0.06155656122203512,0.14954047781610028,-0.023435211637417352,-0.017070523990528816,1.386355503817641,0.009325731374551652,114.57089227538494,1.1593099442360386,0.07315467239100502,0.013692947413609458,0.015997393634791406
2026-01-16,AEM,0.25153785426666225,98364773255.04189,0.0637613485378311,0.5587503047862596,0.04418346269653782,0.06155656122203512,0.14954047781610028,-0.023435211637417352,-0.017070523990528816,1.386355503817641,0.009325731374551652,114.57089227538494,1.1593099442360386,0.07315467239100502,0.013253342196192966,0.015483805325825141
2026-01-23,AEM,0.23153582520926436,106862356949.0273,0.0637613485378311,0.5587503047862596,0.04418346269653782,0.06155656122203512,0.14954047781610028,-0.023435211637417352,-0.017070523990528816,1.386355503817641,0.009325731374551652,114.57089227538494,1.1593099442360386,0.07315467239100502,0.012199450182647936,0.014252549199588503
2026-01-30,AEM,0.26075430123829285,94888037829.10127,0.0637613485378311,0.5587503047862596,0.04418346269653782,0.06155656122203512,0.14954047781610028,-0.023435211637417352,-0.017070523990528816,1.386355503817641,0.009325731374551652,114.57089227538494,1.1593099442360386,0.07315467239100502,0.013738949922728606,0.01605113810808396
2026-02-06,AEM,0.25266374793366053,97926450479.53767,0.0637613485378311,0.5587503047862596,0.04418346269653782,0.06155656122203512,0.14954047781610028,-0.023435211637417352,-0.017070523990528816,1.386355503817641,0.009325731374551652,114.57089227538494,1.1593099442360386,0.07315467239100502,0.013312664694942742,0.015553111468267227
2026-02-13,AEM,0.22934436135453584,107883463338.13477,0.0637613485378311,0.5587503047862596,0.04418346269653782,0.06155656122203512,0.14954047781610028,-0.023435211637417352,-0.017070523990528816,1.386355503817641,0.009325731374551652,114.57089227538494,1.1593099442360386,0.07315467239100502,0.012083983584342163,0.014117650220649031
2026-02-20,AEM,0.21761892395212143,113696288680.4992,0.0637613485378311,0.5587503047862596,0.04418346269653782,0.06155656122203512,0.14954047781610028,-0.023435211637417352,-0.017070523990528816,1.386355503817641,0.009325731374551652,114.57089227538494,1.1593099442360386,0.07315467239100502,0.01146617902070184,0.013395872615332167
2026-02-27,AEM,0.19743121296053381,125321946965.6299,0.0637613485378311,0.5587503047862596,0.04418346269653782,0.06155656122203512,0.14954047781610028,-0.023435211637417352,-0.017070523990528816,1.386355503817641,0.009325731374551652,114.57089227538494,1.1593099442360386,0.07315467239100502,0.010402503564340053,0.012153186547745753
2026-03-06,AEM,0.22476784789997642,110080085880.47969,0.0637613485378311,0.5587503047862596,0.04418346269653782,0.06155656122203512,0.14954047781610028,-0.023435211637417352,-0.017070523990528816,1.386355503817641,0.009325731374551652,114.57089227538494,1.1593099442360386,0.07315467239100502,0.011842850499003618,0.013835935789999976
2026-03-13,AEM,0.23934516716212031,103375657396.25194,0.0637613485378311,0.5587503047862596,0.04418346269653782,0.06155656122203512,0.14954047781610028,-0.023435211637417352,-0.017070523990528816,1.386355503817641,0.009325731374551652,114.57089227538494,1.1593099442360386,0.07315467239100502,0.012610918593754612,0.014733265435613289
2026-03-20,AEM,0.27730527009359207,89224643987.65044,0.0637613485378311,0.5587503047862596,0.04418346269653782,0.06155656122203512,0.14954047781610028,-0.023435211637417352,-0.017070523990528816,1.386355503817641,0.009325731374551652,114.57089227538494,1.1593099442360386,0.07315467239100502,0.014611008144570906,0.017069958835709186
2026-03-27,AEM,0.26980443333452403,91705179541.36955,0.0637613485378311,0.5587503047862596,0.04418346269653782,0.06155656122203512,0.12672987579567618,-0.023435211637417352,-0.017070523990528816,1.386355503817641,0.009325731374551652,114.57089227538494,1.1593099442360386,0.07315467239100502,0.014215794642350588,0.016608233118533124
