WeekEndingFriday,symbol,revenue,netIncome,operatingIncome,ebitda,totalStockholdersEquity,totalAssets,totalDebt,totalCurrentAssets,totalCurrentLiabilities,sm-revenue,sm-netIncome,sm-operatingIncome,sm-ebitda,sm-totalStockholdersEquity,sm-totalAssets,sm-totalDebt,sm-totalCurrentAssets,sm-totalCurrentLiabilities
2021-01-22,AVGO,6467000000.0,1324000000.0,1526000000.0,3285000000.0,23901000000.0,75933000000.0,41689000000.0,11895000000.0,6371000000.0,6467000000.0,1324000000.0,1526000000.0,3285000000.0,23901000000.0,75933000000.0,41689000000.0,11895000000.0,6371000000.0
2021-01-29,AVGO,6655000000.0,1378000000.0,1837000000.0,3487000000.0,23999000000.0,76972000000.0,41932000000.0,14300000000.0,6694000000.0,6655000000.0,1378000000.0,1837000000.0,3487000000.0,23999000000.0,76972000000.0,41932000000.0,14300000000.0,6694000000.0
2021-02-05,AVGO,6655000000.0,1378000000.0,1837000000.0,3487000000.0,23999000000.0,76972000000.0,41932000000.0,14300000000.0,6694000000.0,6804460819.128905,1421466150.3360617,2088160315.9830704,3647587456.403325,24076119159.811317,77773675777.38383,42097385703.49301,16217657115.011497,6946848010.096223
2021-02-12,AVGO,6655000000.0,1378000000.0,1837000000.0,3487000000.0,23999000000.0,76972000000.0,41932000000.0,14300000000.0,6694000000.0,6911392822.546271,1453522239.913918,2273193631.848936,3762515628.911778,24130291294.321857,78314313950.61539,42177948106.53389,17597875331.84798,7122450950.61731
2021-02-19,AVGO,6655000000.0,1378000000.0,1837000000.0,3487000000.0,23999000000.0,76972000000.0,41932000000.0,14300000000.0,6694000000.0,6980443761.919317,1475706467.2817204,2399200723.476485,3836829228.0517807,24164153882.188652,78623603848.42851,42184079528.31793,18499870355.27344,7229480469.450009
2021-02-26,AVGO,6655000000.0,1378000000.0,1837000000.0,3487000000.0,23999000000.0,76972000000.0,41932000000.0,14300000000.0,6694000000.0,7016261388.915258,1489557030.9876196,2473282366.744606,3875572964.349756,24180344402.068745,78731234799.55711,42126172288.04046,18982857890.051876,7276608214.481068
2021-03-05,AVGO,6655000000.0,1378000000.0,1837000000.0,3487000000.0,23999000000.0,76972000000.0,41932000000.0,14300000000.0,6694000000.0,7023493455.201314,1496612129.5797668,2502539337.532187,3883791548.332127,24181500332.619183,78666896132.73503,42014618704.89676,19106053640.94727,7272505833.597231
2021-03-12,AVGO,6655000000.0,1378000000.0,1837000000.0,3487000000.0,23999000000.0,76972000000.0,41932000000.0,14300000000.0,6694000000.0,7006787712.444701,1498409961.606313,2494072411.7181163,3866529690.5253153,24170259152.497005,78460277176.69618,41859811098.08214,18928673312.723618,7225844974.685247
2021-03-19,AVGO,6655000000.0,1378000000.0,1837000000.0,3487000000.0,23999000000.0,76972000000.0,41932000000.0,14300000000.0,6694000000.0,6970791912.312639,1496488725.6154094,2454982365.1812825,3828832101.455743,24149258340.35925,78141067260.17442,41672141786.79192,18509932610.14491,7145297285.631865
2021-03-26,AVGO,6655000000.0,1378000000.0,1837000000.0,3487000000.0,23999000000.0,76972000000.0,41932000000.0,14300000000.0,6694000000.0,6920153806.472343,1492386620.1552072,2392369973.8005743,3775743491.6498327,24121135374.86297,77738955711.90364,41462003090.2214,17909047237.975136,7039534414.32383
2021-04-02,AVGO,6655000000.0,1378000000.0,1837000000.0,3487000000.0,23999000000.0,76972000000.0,41932000000.0,14300000000.0,6694000000.0,6859521146.591034,1487641843.7738566,2313336013.454879,3712308571.6340075,24088527734.665188,77283631860.61769,41239787327.56589,17185232900.97829,6917228008.647888
2021-04-09,AVGO,6655000000.0,1378000000.0,1837000000.0,3487000000.0,23999000000.0,76972000000.0,41932000000.0,14300000000.0,6694000000.0,6793541684.335926,1483792595.01951,2224981260.0230856,3643572051.9346895,24054072898.42296,76804785035.05049,41015886818.02068,16397705303.918356,6787049716.490786
2021-04-16,AVGO,6655000000.0,1378000000.0,1837000000.0,3487000000.0,23999000000.0,76972000000.0,41932000000.0,14300000000.0,6694000000.0,6726863171.37424,1482377072.4403176,2134406489.384082,3574578643.0783005,24020408344.793324,76332104563.93588,40800693880.78109,15605680151.559336,6657671185.739273
2021-04-23,AVGO,6655000000.0,1378000000.0,1837000000.0,3487000000.0,23999000000.0,76972000000.0,41932000000.0,14300000000.0,6694000000.0,6664133359.373192,1484933474.5844307,2048712477.4167569,3510373055.591262,23990171552.433327,75895279776.00777,40604600835.04243,14868373148.665222,6537764064.280096
2021-04-30,AVGO,6610000000.0,1493000000.0,1975000000.0,3456000000.0,23966000000.0,75524000000.0,40438000000.0,14245000000.0,6436000000.0,6610000000.0,1493000000.0,1975000000.0,3456000000.0,23966000000.0,75524000000.0,40438000000.0,14245000000.0,6436000000.0
2021-05-07,AVGO,6610000000.0,1493000000.0,1975000000.0,3456000000.0,23966000000.0,75524000000.0,40438000000.0,14245000000.0,6436000000.0,6568189010.362998,1507694653.1580203,1918907880.1394258,3415459464.951392,23950059268.362206,75241449965.8433,40308904320.45144,13782115383.714184,6359134989.827098
2021-05-14,AVGO,6610000000.0,1493000000.0,1975000000.0,3456000000.0,23966000000.0,75524000000.0,40438000000.0,14245000000.0,6436000000.0,6538738969.334987,1528454662.2208576,1880227129.3475642,3388572551.574159,23942627347.236042,75044796008.25569,40215809243.60373,13475629871.504412,6306262426.85495
2021-05-21,AVGO,6610000000.0,1493000000.0,1975000000.0,3456000000.0,23966000000.0,75524000000.0,40438000000.0,14245000000.0,6436000000.0,6520766621.229879,1554297061.2737222,1857286806.2636745,3374115639.1174765,23943510328.54943,74924699863.15202,40154830842.266205,13308793008.453848,6274560053.218484
2021-05-28,AVGO,6610000000.0,1493000000.0,1975000000.0,3456000000.0,23966000000.0,75524000000.0,40438000000.0,14245000000.0,6436000000.0,6513388710.361593,1584238884.4018233,1848415969.527014,3370865106.8305225,23952514304.23028,74871823266.44716,40122085189.24815,13264854339.645649,6261205611.052624
2021-06-04,AVGO,6610000000.0,1493000000.0,1975000000.0,3456000000.0,23966000000.0,75524000000.0,40438000000.0,14245000000.0,6436000000.0,6515721981.044043,1617297165.6903713,1851943677.7768416,3377597333.9624753,23969445366.206516,74876827954.05595,40113688357.3589,13327063410.162977,6263376842.492298
2021-06-11,AVGO,6610000000.0,1493000000.0,1975000000.0,3456000000.0,23966000000.0,75524000000.0,40438000000.0,14245000000.0,6436000000.0,6526883177.5911455,1652488939.2245755,1866198989.6524148,3393088699.7625113,23994109606.406044,74930375661.89323,40125756419.40778,13478669765.088995,6278251489.672431
2021-06-18,AVGO,6610000000.0,1493000000.0,1975000000.0,3456000000.0,23966000000.0,75524000000.0,40438000000.0,14245000000.0,6436000000.0,6545989044.316813,1688831239.0896459,1889510963.7929924,3416115583.4798074,24026313116.756794,75023128125.87387,40154405448.204094,13702922949.506866,6303007294.727949
2021-06-25,AVGO,6610000000.0,1493000000.0,1975000000.0,3456000000.0,23966000000.0,75524000000.0,40438000000.0,14245000000.0,6436000000.0,6572156325.534965,1725341099.3707917,1920208658.837832,3445454364.363543,24065861989.18666,75145747081.91273,40195751516.557175,13983072508.49975,6334821999.793778
2021-07-02,AVGO,6610000000.0,1493000000.0,1975000000.0,3456000000.0,23966000000.0,75524000000.0,40438000000.0,14245000000.0,6436000000.0,6604501765.559513,1761035554.1532233,1956621133.4261925,3479881421.6628933,24112562315.623577,75288894265.92464,40245910697.27633,14302367987.150806,6370873347.004845
2021-07-09,AVGO,6610000000.0,1493000000.0,1975000000.0,3456000000.0,23966000000.0,75524000000.0,40438000000.0,14245000000.0,6436000000.0,6642142108.704375,1794931637.52215,1997077446.1973307,3518173134.627037,24166220187.99545,75443231413.82448,40300999063.17086,14644058930.543198,6408339078.496074
2021-07-16,AVGO,6610000000.0,1493000000.0,1975000000.0,3456000000.0,23966000000.0,75524000000.0,40438000000.0,14245000000.0,6436000000.0,6684194099.283467,1826046383.5627823,2039906655.7905064,3559105882.505151,24226641698.2302,75599420261.52707,40357132687.05011,14991394883.760088,6444396936.402392
2021-07-23,AVGO,6610000000.0,1493000000.0,1975000000.0,3456000000.0,23966000000.0,75524000000.0,40438000000.0,14245000000.0,6436000000.0,6729774481.610703,1853396826.3603287,2083437820.8449762,3601456044.5464125,24293632938.25575,75748122544.9473,40410427641.72338,15327625391.884634,6476224662.858726
2021-07-30,AVGO,6778000000.0,1876000000.0,2126000000.0,3644000000.0,24367000000.0,75880000000.0,40457000000.0,15636000000.0,6501000000.0,6778000000.0,1876000000.0,2126000000.0,3644000000.0,24367000000.0,75880000000.0,40457000000.0,15636000000.0,6501000000.0
2021-08-06,AVGO,6778000000.0,1876000000.0,2126000000.0,3644000000.0,24367000000.0,75880000000.0,40457000000.0,15636000000.0,6501000000.0,6828061701.094111,1893190831.0236647,2166263693.727776,3685717150.7915606,24446174035.28788,75987423767.52698,40493689322.39354,15902998782.994762,6516530555.857109
2021-08-13,AVGO,6778000000.0,1876000000.0,2126000000.0,3644000000.0,24367000000.0,75880000000.0,40457000000.0,15636000000.0,6501000000.0,6879447840.8511505,1905575815.7998297,2204265169.832268,3726398989.5526247,24529086435.532333,76069602608.07782,40520229120.23461,16128023934.979156,6523143402.044823
2021-08-20,AVGO,6778000000.0,1876000000.0,2126000000.0,3644000000.0,24367000000.0,75880000000.0,40457000000.0,15636000000.0,6501000000.0,6931720977.558068,1914079343.1536598,2240382137.9503837,3766040031.5911946,24613293652.043304,76127454687.12906,40537076392.55811,16313708179.86884,6521795476.0738735
2021-08-27,AVGO,6778000000.0,1876000000.0,2126000000.0,3644000000.0,24367000000.0,75880000000.0,40457000000.0,15636000000.0,6501000000.0,6984443669.501817,1919625801.910321,2274992307.7190266,3804634792.215271,24696352136.130737,76161898170.15723,40544688138.39891,16462684241.57946,6513443715.455001
2021-09-03,AVGO,6778000000.0,1876000000.0,2126000000.0,3644000000.0,24367000000.0,75880000000.0,40457000000.0,15636000000.0,6501000000.0,7037178474.96935,1923139580.8949792,2308473388.775103,3842177786.732856,24775818339.10459,76173851222.63884,40543521356.79189,16577584844.02667,6499045057.698938
2021-09-10,AVGO,6778000000.0,1876000000.0,2126000000.0,3644000000.0,24367000000.0,75880000000.0,40457000000.0,15636000000.0,6501000000.0,7089487952.247615,1925545068.9327998,2341203090.7555194,3878663530.4519496,24849248712.274807,76164232010.05043,40534033046.77194,16661042711.126131,6479556440.316426
2021-09-17,AVGO,6778000000.0,1876000000.0,2126000000.0,3644000000.0,24367000000.0,75880000000.0,40457000000.0,15636000000.0,6501000000.0,7140934659.623569,1927766654.8489482,2373559123.29718,3914086538.680556,24914199706.951324,76133958697.86856,40516680207.37393,16715690566.79348,6455934800.818195
2021-09-24,AVGO,6778000000.0,1876000000.0,2126000000.0,3644000000.0,24367000000.0,75880000000.0,40457000000.0,15636000000.0,6501000000.0,7191081155.38416,1930728727.46859,2405919196.036991,3948441326.726673,24968227774.444103,76083949451.56972,40491919837.632744,16744161134.944386,6429137076.714986
2021-10-01,AVGO,6778000000.0,1876000000.0,2126000000.0,3644000000.0,24367000000.0,75880000000.0,40457000000.0,15636000000.0,6501000000.0,7239489997.81634,1935355675.6168914,2438661018.6118584,3981722409.8983054,25008889366.063087,76015122436.63051,40460208936.58326,16749087139.494492,6400120205.517531
2021-10-08,AVGO,6778000000.0,1876000000.0,2126000000.0,3644000000.0,24367000000.0,75880000000.0,40457000000.0,15636000000.0,6501000000.0,7285723745.207063,1942571888.1190171,2472162300.6586876,4013924303.5034523,25033740933.11822,75928395818.52737,40422004503.26036,16733101304.359453,6369841124.73657
2021-10-15,AVGO,6778000000.0,1876000000.0,2126000000.0,3644000000.0,24367000000.0,75880000000.0,40457000000.0,15636000000.0,6501000000.0,7329344955.84328,1953301753.8001337,2506800751.814384,4045041522.8501163,25040338926.919445,75824687762.7369,40377763536.69894,16698836353.454924,6339256771.882837
2021-10-22,AVGO,6778000000.0,1876000000.0,2126000000.0,3644000000.0,24367000000.0,75880000000.0,40457000000.0,15636000000.0,6501000000.0,7369916188.011941,1968469661.485406,2542954081.7158523,4075068583.2462983,25026239798.77673,75704916434.73558,40327943035.93385,16648925010.696556,6309324084.467068
2021-10-29,AVGO,7407000000.0,1989000000.0,2581000000.0,4104000000.0,24989000000.0,75570000000.0,40273000000.0,16586000000.0,6281000000.0,7407000000.0,1989000000.0,2581000000.0,4104000000.0,24989000000.0,75570000000.0,40273000000.0,16586000000.0,6281000000.0
2021-11-05,AVGO,7407000000.0,1989000000.0,2581000000.0,4104000000.0,24989000000.0,75570000000.0,40273000000.0,16586000000.0,6281000000.0,7440310657.723004,2015501968.1273842,2621182998.1128755,4131831695.195976,24926952828.993324,75421024285.85124,40213484498.303955,16512493489.768763,6255146974.272912
2021-11-12,AVGO,7407000000.0,1989000000.0,2581000000.0,4104000000.0,24989000000.0,75570000000.0,40273000000.0,16586000000.0,6281000000.0,7470169257.610889,2047324004.4842393,2663214694.7371078,4158565218.025994,24841538972.53722,75259745766.98878,40150318881.739105,16430035426.357748,6232249536.199264
2021-11-19,AVGO,7407000000.0,1989000000.0,2581000000.0,4104000000.0,24989000000.0,75570000000.0,40273000000.0,16586000000.0,6281000000.0,7497048603.722189,2083499357.6455486,2706673490.364468,4184203524.4585752,24734975964.5063,75088088579.95671,40084518571.57055,16340055200.609715,6212697732.97305
2021-11-26,AVGO,7407000000.0,1989000000.0,2581000000.0,4104000000.0,24989000000.0,75570000000.0,40273000000.0,16586000000.0,6281000000.0,7521421500.115433,2123061276.186296,2751137785.486729,4208749570.46224,24609481338.7752,74907976861.29906,40017098989.06336,16243982203.36742,6196881611.788274
2021-12-03,AVGO,7407000000.0,1989000000.0,2581000000.0,4104000000.0,24989000000.0,75570000000.0,40273000000.0,16586000000.0,6281000000.0,7543760750.849154,2165043008.681464,2796185980.595663,4232206312.005511,24467272629.218536,74721334747.55989,39949075555.48263,16143245825.473623,6185191219.838936
2021-12-10,AVGO,7407000000.0,1989000000.0,2581000000.0,4104000000.0,24989000000.0,75570000000.0,40273000000.0,16586000000.0,6281000000.0,7564539159.981887,2208477803.7060375,2841396476.183041,4254576705.0569086,24310567369.71094,74530086375.28328,39881463692.093445,16039275457.771078,6178016604.319036
2021-12-17,AVGO,7407000000.0,1989000000.0,2581000000.0,4104000000.0,24989000000.0,75570000000.0,40273000000.0,16586000000.0,6281000000.0,7584229531.572161,2252398909.8349996,2886347672.7406363,4275863705.5849524,24141583094.12703,74336155881.01329,39815278820.160904,15933500491.102543,6175747812.422572
2021-12-24,AVGO,7407000000.0,1989000000.0,2581000000.0,4104000000.0,24989000000.0,75570000000.0,40273000000.0,16586000000.0,6281000000.0,7603304669.678511,2295839575.6433325,2930617970.76022,4296070269.558166,23962537336.34143,74141467401.294,39751536360.95009,15827350316.310781,6178774891.343547
2021-12-31,AVGO,7407000000.0,1989000000.0,2581000000.0,4104000000.0,24989000000.0,75570000000.0,40273000000.0,16586000000.0,6281000000.0,7622237378.359467,2337833049.706021,2973785770.733565,4315199352.94507,23775647630.228767,73947945072.66946,39691251735.7261,15722254324.238543,6187487888.275962
2022-01-07,AVGO,7407000000.0,1989000000.0,2581000000.0,4104000000.0,24989000000.0,75570000000.0,40273000000.0,16586000000.0,6281000000.0,7641500461.673561,2377412580.5980487,3015429473.1524434,4333253911.714183,23583131509.663673,73757513031.68372,39635440365.754,15619641905.728588,6202276850.413814
2022-01-14,AVGO,7407000000.0,1989000000.0,2581000000.0,4104000000.0,24989000000.0,75570000000.0,40273000000.0,16586000000.0,6281000000.0,7661566723.679326,2413611416.8943987,3055127478.5086274,4350236901.834028,23387206508.520763,73572095414.88086,39585117672.29889,15520942451.623674,6223531824.951103
2022-01-21,AVGO,7407000000.0,1989000000.0,2581000000.0,4104000000.0,24989000000.0,75570000000.0,40273000000.0,16586000000.0,6281000000.0,7682908968.435296,2445462807.1700544,3092458187.2938886,4366151279.273128,23190090160.674664,73393616358.80492,39541299076.62586,15427585352.76656,6251642859.081832
2022-01-28,AVGO,7706000000.0,2472000000.0,3127000000.0,4381000000.0,22994000000.0,73224000000.0,39505000000.0,15341000000.0,6287000000.0,7706000000.0,2472000000.0,3127000000.0,4381000000.0,22994000000.0,73224000000.0,39505000000.0,15341000000.0,6287000000.0
2022-02-04,AVGO,7706000000.0,2472000000.0,3127000000.0,4381000000.0,22994000000.0,73224000000.0,39505000000.0,15341000000.0,6287000000.0,7731186337.10809,2492573258.2328424,3158459935.1224957,4394828621.906556,22800899946.87263,73064723513.2829,39476911145.92911,15262309916.100424,6329686735.945186
2022-02-11,AVGO,7706000000.0,2472000000.0,3127000000.0,4381000000.0,22994000000.0,73224000000.0,39505000000.0,15341000000.0,6287000000.0,7758309357.19869,2507800901.8116884,3187059483.1719623,4407853110.578266,22611739467.673367,72915476226.56148,39456424346.89179,15191415151.578928,6378560319.339284
2022-02-18,AVGO,7706000000.0,2472000000.0,3127000000.0,4381000000.0,22994000000.0,73224000000.0,39505000000.0,15341000000.0,6287000000.0,7787084152.387041,2518618264.953267,3213148752.662749,4420332033.523982,22427214415.284245,72775500506.01637,39442606717.60941,15127909888.88029,6432171443.649768
2022-02-25,AVGO,7706000000.0,2472000000.0,3127000000.0,4381000000.0,22994000000.0,73224000000.0,39505000000.0,15341000000.0,6287000000.0,7817225814.788384,2525960681.874309,3237077852.109204,4432523958.252564,22248020642.587307,72644038717.82822,39434525372.80329,15071388310.449266,6489070802.344111
2022-03-04,AVGO,7706000000.0,2472000000.0,3127000000.0,4381000000.0,22994000000.0,73224000000.0,39505000000.0,15341000000.0,6287000000.0,7848449436.5179615,2530763486.7915444,3259196890.025677,4444687452.272865,22074854002.464596,72520333228.1776,39431247427.194756,15021444598.730637,6547809088.889788
2022-03-11,AVGO,7706000000.0,2472000000.0,3127000000.0,4381000000.0,22994000000.0,73224000000.0,39505000000.0,15341000000.0,6287000000.0,7880470109.691015,2533962013.9217033,3279855974.926518,4457081083.093745,21908410347.798153,72403626403.2452,39431839995.50515,14977672936.169168,6606936996.75427
2022-03-18,AVGO,7706000000.0,2472000000.0,3127000000.0,4381000000.0,22994000000.0,73224000000.0,39505000000.0,15341000000.0,6287000000.0,7913002926.422785,2536491597.4815154,3299405215.3260746,4469963418.224057,21749385531.470016,72293160609.21158,39435370192.45581,14939667505.209631,6665005219.405033
2022-03-25,AVGO,7706000000.0,2472000000.0,3127000000.0,4381000000.0,22994000000.0,73224000000.0,39505000000.0,15341000000.0,6287000000.0,7945762978.828515,2539287571.6877112,3318194719.738696,4483593025.172659,21598475406.362232,72188178212.25742,39440905132.768074,14907022488.29679,6720564450.309548
2022-04-01,AVGO,7706000000.0,2472000000.0,3127000000.0,4381000000.0,22994000000.0,73224000000.0,39505000000.0,15341000000.0,6287000000.0,7978465359.023444,2543285270.757021,3336574596.6787324,4498228471.448409,21456375825.356834,72087921578.56331,39447511931.16325,14879332067.875418,6772165382.935291
2022-04-08,AVGO,7706000000.0,2472000000.0,3127000000.0,4381000000.0,22994000000.0,73224000000.0,39505000000.0,15341000000.0,6287000000.0,8010825159.122817,2549420028.9061747,3354894954.6605315,4514128324.560161,21323782641.33587,71991633074.30989,39454257702.36271,14856190426.390282,6818358710.749734
2022-04-15,AVGO,7706000000.0,2472000000.0,3127000000.0,4381000000.0,22994000000.0,73224000000.0,39505000000.0,15341000000.0,6287000000.0,8042557471.241872,2558627180.3519025,3373505902.1984434,4531551152.016773,21201391707.181385,71898555065.67778,39460209561.08775,14837191746.286154,6857695127.22035
2022-04-22,AVGO,7706000000.0,2472000000.0,3127000000.0,4381000000.0,22994000000.0,73224000000.0,39505000000.0,15341000000.0,6287000000.0,8073377387.495852,2571842059.310934,3392757547.8068166,4550755521.3271,21089898875.775414,71807929918.84761,39464434622.059746,14821930210.007805,6888725325.814614
2022-04-29,AVGO,8103000000.0,2590000000.0,3413000000.0,4572000000.0,20990000000.0,71719000000.0,39466000000.0,14810000000.0,6910000000.0,8103000000.0,2590000000.0,3413000000.0,4572000000.0,20990000000.0,71719000000.0,39466000000.0,14810000000.0,6910000000.0
2022-05-06,AVGO,8103000000.0,2590000000.0,3413000000.0,4572000000.0,20990000000.0,71719000000.0,39466000000.0,14810000000.0,6910000000.0,8131238031.168257,2613750743.1378765,3434497516.2901773,4595456001.975247,20902318116.333622,71631441697.43047,39464280112.33557,14801353782.561455,6920553510.257678
2022-05-13,AVGO,8103000000.0,2590000000.0,3413000000.0,4572000000.0,20990000000.0,71719000000.0,39466000000.0,14810000000.0,6910000000.0,8158294724.609369,2642601655.451529,3457170950.180869,4620946326.916291,20827184995.6405,71546667487.89412,39459878587.316376,14797378159.406647,6921354885.123622
2022-05-20,AVGO,8103000000.0,2590000000.0,3413000000.0,4572000000.0,20990000000.0,71719000000.0,39466000000.0,14810000000.0,6910000000.0,8184470954.230784,2675774510.169967,3480855304.1734304,4648206620.917502,20764859592.381298,71466523870.26093,39453706355.89803,14799818216.104002,6913856820.147499
2022-05-27,AVGO,8103000000.0,2590000000.0,3413000000.0,4572000000.0,20990000000.0,71719000000.0,39466000000.0,14810000000.0,6910000000.0,8210067593.93995,2712491080.522203,3505385580.769217,4676972530.073251,20715600861.016674,71392857343.40088,39446674349.03619,14810419038.221947,6899512010.878979
2022-06-03,AVGO,8103000000.0,2590000000.0,3413000000.0,4572000000.0,20990000000.0,71719000000.0,39466000000.0,14810000000.0,6910000000.0,8235385517.644313,2751973139.7372465,3530596782.469584,4706979700.477902,20679667756.00729,71327514406.18396,39439693497.68646,14830925711.328909,6879773152.867734
2022-06-10,AVGO,8103000000.0,2590000000.0,3413000000.0,4572000000.0,20990000000.0,71719000000.0,39466000000.0,14810000000.0,6910000000.0,8260725599.251321,2793442461.0441093,3556323911.7758846,4737963778.225829,20657319231.8138,71272341557.48016,39433674732.80446,14863083320.993305,6856092941.663431
2022-06-17,AVGO,8103000000.0,2590000000.0,3413000000.0,4572000000.0,20990000000.0,71719000000.0,39466000000.0,14810000000.0,6910000000.0,8286388712.668421,2836120817.6718016,3582401971.189476,4769660409.4114,20648814242.896873,71229185296.1595,39429528985.34584,14908636952.783564,6829924072.815742
2022-06-24,AVGO,8103000000.0,2590000000.0,3413000000.0,4572000000.0,20990000000.0,71719000000.0,39466000000.0,14810000000.0,6910000000.0,8312675731.80306,2879229982.8493357,3608665963.2117124,4801805240.128982,20654411743.717163,71199892121.0919,39428167186.266205,14969331692.26811,6802719241.874336
2022-07-01,AVGO,8103000000.0,2590000000.0,3413000000.0,4572000000.0,20990000000.0,71719000000.0,39466000000.0,14810000000.0,6910000000.0,8339887530.562686,2921991729.8057203,3634950890.3439493,4834133916.472945,20674370688.735332,71186308531.1474,39430500266.5212,15046912625.015368,6775931144.388884
2022-07-08,AVGO,8103000000.0,2590000000.0,3413000000.0,4572000000.0,20990000000.0,71719000000.0,39466000000.0,14810000000.0,6910000000.0,8368324982.854744,2963627831.769969,3661091755.087541,4866382084.537661,20708950032.41204,71190281025.19598,39437439157.06645,15143124836.59376,6751012475.909053
2022-07-15,AVGO,8103000000.0,2590000000.0,3413000000.0,4572000000.0,20990000000.0,71719000000.0,39466000000.0,14810000000.0,6910000000.0,8398288962.586685,3003360061.9710913,3686923559.943844,4898285390.417495,20758408729.20795,71213656102.10762,39449894788.85759,15259713412.571712,6729415931.984517
2022-07-22,AVGO,8103000000.0,2590000000.0,3413000000.0,4572000000.0,20990000000.0,71719000000.0,39466000000.0,14810000000.0,6910000000.0,8430080343.665955,3040410193.638098,3712281307.4142118,4929579480.206819,20823005733.583717,71258280260.75229,39468778092.85023,15398423438.517653,6712594208.164943
2022-07-29,AVGO,8464000000.0,3074000000.0,3737000000.0,4960000000.0,20903000000.0,71326000000.0,39495000000.0,15561000000.0,6702000000.0,8464000000.0,3074000000.0,3737000000.0,4960000000.0,20903000000.0,71326000000.0,39495000000.0,15561000000.0,6702000000.0
2022-08-05,AVGO,8464000000.0,3074000000.0,3737000000.0,4960000000.0,20903000000.0,71326000000.0,39495000000.0,15561000000.0,6702000000.0,8500209740.312647,3103586718.692209,3760942352.9257164,4989321880.888859,20998307788.065983,71417797361.99295,39529043507.14098,15748215782.056133,6698749200.265793
2022-08-12,AVGO,8464000000.0,3074000000.0,3737000000.0,4960000000.0,20903000000.0,71326000000.0,39495000000.0,15561000000.0,6702000000.0,8538315112.593236,3129569444.975732,3784081932.3084755,5017477193.955021,21107474577.984936,71531196561.9622,39569679874.621025,15956953867.59922,6702610490.644155
2022-08-19,AVGO,8464000000.0,3074000000.0,3737000000.0,4960000000.0,20903000000.0,71326000000.0,39495000000.0,15561000000.0,6702000000.0,8577782599.6474905,3152582738.517978,3806420016.988544,5044437295.277558,21228703155.108635,71662857358.41104,39615252428.66643,16183124939.011395,6713015750.043353
2022-08-26,AVGO,8464000000.0,3074000000.0,3737000000.0,4960000000.0,20903000000.0,71326000000.0,39495000000.0,15561000000.0,6702000000.0,8618078684.281128,3173261158.986356,3827957885.8061886,5070173540.935548,21360196304.788876,71809439509.84276,39664104495.50349,16422639678.674776,6729396857.371653
2022-09-02,AVGO,8464000000.0,3074000000.0,3737000000.0,4960000000.0,20903000000.0,71326000000.0,39495000000.0,15561000000.0,6702000000.0,8658669849.299871,3192239266.0482726,3848696817.601678,5094657287.00806,21500156812.377438,71967602774.76065,39714579401.358475,16671408768.971485,6751185691.537322
2022-09-09,AVGO,8464000000.0,3074000000.0,3737000000.0,4960000000.0,20903000000.0,71326000000.0,39495000000.0,15561000000.0,6702000000.0,8699022577.509438,3210151619.371136,3868638091.215277,5117859889.574172,21646787463.22611,72134006911.668,39765020472.45771,16925342892.283651,6777814131.448628
2022-09-16,AVGO,8464000000.0,3074000000.0,3737000000.0,4960000000.0,20903000000.0,71326000000.0,39495000000.0,15561000000.0,6702000000.0,8738603351.71555,3227632778.622356,3887782985.487255,5139752704.71296,21798291042.686684,72305311679.06805,39813771035.02749,17180352730.993397,6808714056.013838
2022-09-23,AVGO,8464000000.0,3074000000.0,3737000000.0,4960000000.0,20903000000.0,71326000000.0,39495000000.0,15561000000.0,6702000000.0,8776878654.723925,3245317303.46934,3906132779.257877,5160307088.503494,21952870336.11094,72478176835.46416,39859174415.2941,17432348967.482845,6843317344.141217
2022-09-30,AVGO,8464000000.0,3074000000.0,3737000000.0,4960000000.0,20903000000.0,71326000000.0,39495000000.0,15561000000.0,6702000000.0,8813314969.340288,3263839753.5794954,3923688751.36741,5179494397.024853,22108728128.850666,72649262139.35956,39899573939.48384,17677242284.13412,6881055874.739033
2022-10-07,AVGO,8464000000.0,3074000000.0,3737000000.0,4960000000.0,20903000000.0,71326000000.0,39495000000.0,15561000000.0,6702000000.0,8847378778.370358,3283834688.6202307,3940452180.656122,5197285986.356107,22264067206.257645,72815227349.25758,39933312933.823006,17910943363.329353,6921361526.715552
2022-10-14,AVGO,8464000000.0,3074000000.0,3737000000.0,4960000000.0,20903000000.0,71326000000.0,39495000000.0,15561000000.0,6702000000.0,8878536564.619852,3305936668.2589545,3956424345.9642797,5213653212.576333,22417090353.683674,72972732223.66145,39958734724.537895,18129362887.450657,6963666178.979042
2022-10-21,AVGO,8464000000.0,3074000000.0,3737000000.0,4960000000.0,20903000000.0,71326000000.0,39495000000.0,15561000000.0,6702000000.0,8906254810.894491,3330780252.163075,3971606526.13215,5228567431.764606,22566000356.48053,73118436521.07451,39974182637.85479,18328411538.880165,7007401710.43777
2022-10-28,AVGO,8930000000.0,3359000000.0,3986000000.0,5242000000.0,22709000000.0,73249000000.0,39978000000.0,18504000000.0,7052000000.0,8930000000.0,3359000000.0,3986000000.0,5242000000.0,22709000000.0,73249000000.0,39978000000.0,18504000000.0,7052000000.0
2022-11-04,AVGO,8930000000.0,3359000000.0,3986000000.0,5242000000.0,22709000000.0,73249000000.0,39978000000.0,18504000000.0,7052000000.0,8949366339.39727,3390981125.834755,3999606535.82125,5253926479.020976,22844336484.702396,73361504494.10617,39969015590.55247,18652969707.32963,7096907130.645468
2022-11-11,AVGO,8930000000.0,3359000000.0,3986000000.0,5242000000.0,22709000000.0,73249000000.0,39978000000.0,18504000000.0,7052000000.0,8964458935.167889,3426111461.3228307,4012429859.5019345,5264339253.203542,22970434671.482124,73454720137.7209,39948000002.50175,18775885113.93793,7141626001.639769
2022-11-18,AVGO,8930000000.0,3359000000.0,3986000000.0,5242000000.0,22709000000.0,73249000000.0,39978000000.0,18504000000.0,7052000000.0,8975510618.048622,3463529492.517337,4024474186.3612423,5273234912.583096,23085763836.34211,73527839140.33705,39916209282.19001,18874241427.03112,7185673716.319966
2022-11-25,AVGO,8930000000.0,3359000000.0,3986000000.0,5242000000.0,22709000000.0,73249000000.0,39978000000.0,18504000000.0,7052000000.0,8982754218.776228,3502373705.471382,4035743731.7183614,5280610047.195031,23188793255.28527,73580053711.44745,39874899475.95946,18949533853.815414,7228567378.023122
2022-12-02,AVGO,8930000000.0,3359000000.0,3986000000.0,5242000000.0,22709000000.0,73249000000.0,39978000000.0,18504000000.0,7052000000.0,8986422568.087477,3541782586.2380757,4046242710.89248,5286461247.074745,23277992204.31455,73610556060.54492,39825326630.1523,19003257601.49703,7269824090.086299
2022-12-09,AVGO,8930000000.0,3359000000.0,3986000000.0,5242000000.0,22709000000.0,73249000000.0,39978000000.0,18504000000.0,7052000000.0,8986748496.719124,3580894620.870526,4055975339.2027864,5290785102.257635,23351829959.43286,73618538397.12231,39768746791.11071,19036907877.2822,7308960955.8465605
2022-12-16,AVGO,8930000000.0,3359000000.0,3986000000.0,5242000000.0,22709000000.0,73249000000.0,39978000000.0,18504000000.0,7052000000.0,8983964835.407938,3618848295.421841,4064945831.9684687,5293578202.779095,23408775796.643143,73603192930.67245,39706416005.176895,19051979888.377125,7345495078.640967
2022-12-23,AVGO,8930000000.0,3359000000.0,3986000000.0,5242000000.0,22709000000.0,73249000000.0,39978000000.0,18504000000.0,7052000000.0,8978304414.890678,3654782095.9451313,4073158404.508715,5294837138.6745205,23447298991.948315,73563711870.68819,39639590318.69305,19049968841.988033,7378943561.806585
2022-12-30,AVGO,8930000000.0,3359000000.0,3986000000.0,5242000000.0,22709000000.0,73249000000.0,39978000000.0,18504000000.0,7052000000.0,8970000065.904112,3687834508.493504,4080617272.1427145,5294558499.979308,23465868821.35131,73499287426.66238,39569525778.00134,19032369945.321148,7408823508.680474
2023-01-06,AVGO,8930000000.0,3359000000.0,3986000000.0,5242000000.0,22709000000.0,73249000000.0,39978000000.0,18504000000.0,7052000000.0,8959284619.184996,3717144019.120068,4087326650.1896544,5292738876.728855,23462954560.85504,73409111808.0878,39497478429.444,19000678405.582684,7434652022.599697
2023-01-13,AVGO,8930000000.0,3359000000.0,3986000000.0,5242000000.0,22709000000.0,73249000000.0,39978000000.0,18504000000.0,7052000000.0,8946390905.470098,3741849113.877933,4093290753.968723,5289374858.958554,23437025486.462452,73292377224.45734,39424704319.3632,18956389429.97886,7455946206.901319
2023-01-20,AVGO,8930000000.0,3359000000.0,3986000000.0,5242000000.0,22709000000.0,73249000000.0,39978000000.0,18504000000.0,7052000000.0,8931551755.496176,3761088278.8202076,4098513798.7991085,5284463036.703804,23386550874.17646,73148275885.26378,39352459494.10113,18900998225.71589,7472223164.922398
2023-01-27,AVGO,8915000000.0,3774000000.0,4103000000.0,5278000000.0,23310000000.0,72976000000.0,39282000000.0,18836000000.0,7483000000.0,8915000000.0,3774000000.0,4103000000.0,5278000000.0,23310000000.0,72976000000.0,39282000000.0,18836000000.0,7483000000.0
2023-02-03,AVGO,8915000000.0,3774000000.0,4103000000.0,5278000000.0,23310000000.0,72976000000.0,39282000000.0,18836000000.0,7483000000.0,8897006285.80333,3779953502.5932612,4106713433.6936994,5269986313.1774435,23207099117.912777,72776499636.54825,39214677926.73471,18762923595.27077,7488070615.795941
2023-02-10,AVGO,8915000000.0,3774000000.0,4103000000.0,5278000000.0,23310000000.0,72976000000.0,39282000000.0,18836000000.0,7483000000.0,8877992524.067936,3779240968.2673106,4109457619.214965,5260438437.746059,23082602393.801636,72557756296.34856,39152229537.31101,18683432394.901215,7488336117.271052
2023-02-17,AVGO,8915000000.0,3774000000.0,4103000000.0,5278000000.0,23310000000.0,72976000000.0,39282000000.0,18836000000.0,7483000000.0,8858418442.040594,3772385317.8123093,4110995936.701671,5249376809.510679,22942520971.530224,72329509339.23027,39096487138.0674,18599223417.497723,7484974409.710921
2023-02-24,AVGO,8915000000.0,3774000000.0,4103000000.0,5278000000.0,23310000000.0,72976000000.0,39282000000.0,18836000000.0,7483000000.0,8838743766.968079,3759909472.0184193,4111091766.2916894,5236821864.276135,22792865994.962162,72101498125.0229,39049283035.34233,18511993681.66667,7479163398.40113
2023-03-03,AVGO,8915000000.0,3774000000.0,4103000000.0,5278000000.0,23310000000.0,72976000000.0,39282000000.0,18836000000.0,7483000000.0,8819428226.097157,3742336351.6758013,4109508488.122895,5222794037.847258,22639648607.961086,71883462013.55579,39012449535.474304,18423440206.014442,7472080988.627266
2023-03-10,AVGO,8915000000.0,3774000000.0,4103000000.0,5278000000.0,23310000000.0,72976000000.0,39282000000.0,18836000000.0,7483000000.0,8800931546.674604,3720188877.574616,4106009482.333158,5207313766.028879,22488879954.39063,71685140364.6584,38987818944.801765,18335260009.14742,7464905085.674914
2023-03-17,AVGO,8915000000.0,3774000000.0,4103000000.0,5278000000.0,23310000000.0,72976000000.0,39282000000.0,18836000000.0,7483000000.0,8783713455.947193,3693989970.5050254,4100358129.060354,5190401484.62583,22346571178.11443,71516272538.16013,38977223569.6632,18249150109.671978,7458813594.829662
2023-03-24,AVGO,8915000000.0,3774000000.0,4103000000.0,5278000000.0,23310000000.0,72976000000.0,39282000000.0,18836000000.0,7483000000.0,8768233681.161697,3664262551.2571907,4092317808.4423556,5172077629.44294,22218733422.996117,71386597893.89044,38982495716.397095,18166807526.194508,7454984421.377094
2023-03-31,AVGO,8915000000.0,3774000000.0,4103000000.0,5278000000.0,23310000000.0,72976000000.0,39282000000.0,18836000000.0,7483000000.0,8754951949.564892,3631529540.621273,4081651900.6170354,5152362636.285043,22111377832.89932,71305855791.67871,39005467691.34192,18089929277.32138,7454595470.602795
2023-04-07,AVGO,8915000000.0,3774000000.0,4103000000.0,5278000000.0,23310000000.0,72976000000.0,39282000000.0,18836000000.0,7483000000.0,8744327988.403545,3596313859.387434,4068123785.722266,5131276940.956969,22030515551.687675,71283785591.35439,39047971800.83614,18020212381.65899,7458824647.792349
2023-04-14,AVGO,8915000000.0,3774000000.0,4103000000.0,5278000000.0,23310000000.0,72976000000.0,39282000000.0,18836000000.0,7483000000.0,8736821524.924433,3559138428.3458347,4051496843.8959227,5108840979.263551,21982157723.224823,71330126652.74687,39111840351.21825,17959353857.813705,7468849858.231345
2023-04-21,AVGO,8915000000.0,3774000000.0,4103000000.0,5278000000.0,23310000000.0,72976000000.0,39282000000.0,18836000000.0,7483000000.0,8732892286.374327,3520526168.2866364,4031534455.2758756,5085075187.009617,21972315491.374382,71454618335.68561,39198905648.826706,17909050724.39192,7485849007.205368
2023-04-28,AVGO,8733000000.0,3481000000.0,4008000000.0,5060000000.0,22007000000.0,71667000000.0,39311000000.0,17871000000.0,7511000000.0,8733000000.0,3481000000.0,4008000000.0,5060000000.0,22007000000.0,71667000000.0,39311000000.0,17871000000.0,7511000000.0
2023-05-05,AVGO,8733000000.0,3481000000.0,4008000000.0,5060000000.0,22007000000.0,71667000000.0,39311000000.0,17871000000.0,7511000000.0,8737406423.62519,3441165264.3383994,3980923889.622433,5033766866.357554,22088960716.83721,71970064096.7058,39447889907.788635,17846475192.424797,7544674766.662347
2023-05-12,AVGO,8733000000.0,3481000000.0,4008000000.0,5060000000.0,22007000000.0,71667000000.0,39311000000.0,17871000000.0,7511000000.0,8745581437.381483,3401956982.4035563,3951404661.3623743,5007051283.477219,22207900405.109226,72338815441.56401,39601078662.09125,17835055766.175003,7584021336.285579
2023-05-19,AVGO,8733000000.0,3481000000.0,4008000000.0,5060000000.0,22007000000.0,71667000000.0,39311000000.0,17871000000.0,7511000000.0,8756796951.977436,3364392595.359505,3920807883.8552876,4980659761.071956,22350260151.91115,72741311941.52196,39760003749.518555,17835897674.93976,7625381762.724381
2023-05-26,AVGO,8733000000.0,3481000000.0,4008000000.0,5060000000.0,22007000000.0,71667000000.0,39311000000.0,17871000000.0,7511000000.0,8770324878.121603,3329489544.370279,3890499125.7366376,4955398808.854727,22502481044.338093,73145611503.52698,39914102656.68121,17848156872.408215,7665098099.833442
2023-06-02,AVGO,8733000000.0,3481000000.0,4008000000.0,5060000000.0,22007000000.0,71667000000.0,39311000000.0,17871000000.0,7511000000.0,8785437126.522535,3298265270.5999126,3861843955.6418877,4932074936.538496,22651004169.48517,73519772034.52641,40052812870.18993,17870989312.26951,7699512401.467449
2023-06-09,AVGO,8733000000.0,3481000000.0,4008000000.0,5060000000.0,22007000000.0,71667000000.0,39311000000.0,17871000000.0,7511000000.0,8801405607.88879,3271737215.2124395,3836207942.206502,4911494653.836224,22782270614.447487,73831851441.46758,40165571876.65539,17903550948.212803,7724966721.481088
2023-06-16,AVGO,8733000000.0,3481000000.0,4008000000.0,5060000000.0,22007000000.0,71667000000.0,39311000000.0,17871000000.0,7511000000.0,8817502232.928913,3250922819.371894,3814956654.065945,4894464470.460874,22882721466.320168,74049907631.2978,40241817162.68827,17944997733.92723,7737803113.729048
2023-06-23,AVGO,8733000000.0,3481000000.0,4008000000.0,5060000000.0,22007000000.0,71667000000.0,39311000000.0,17871000000.0,7511000000.0,8832998912.351465,3236839524.24231,3799455659.855682,4881790896.125407,22938797812.198315,74141998510.96442,40270986214.89927,17994485623.101948,7734363632.066013
2023-06-30,AVGO,8733000000.0,3481000000.0,4008000000.0,5060000000.0,22007000000.0,71667000000.0,39311000000.0,17871000000.0,7511000000.0,8847167556.864998,3230504770.987721,3791070528.2111745,4874280440.542786,22936940739.177044,74076181987.41476,40242516519.89907,18051170569.426098,7710990330.346675
2023-07-07,AVGO,8733000000.0,3481000000.0,4008000000.0,5060000000.0,22007000000.0,71667000000.0,39311000000.0,17871000000.0,7511000000.0,8859280077.178064,3232936000.7721615,3791166827.7678885,4872739613.425972,22863591334.351463,73820515967.59619,40145845564.298355,18114208526.588833,7664025262.425715
2023-07-14,AVGO,8733000000.0,3481000000.0,4008000000.0,5060000000.0,22007000000.0,71667000000.0,39311000000.0,17871000000.0,7511000000.0,8868608383.999218,3245150654.759666,3801110127.1612887,4877974924.487928,22705190684.81669,73343058358.45596,39970410834.70781,18182755448.279293,7589810482.157825
2023-07-21,AVGO,8733000000.0,3481000000.0,4008000000.0,5060000000.0,22007000000.0,71667000000.0,39311000000.0,17871000000.0,7511000000.0,8874424388.037014,3268166174.114267,3822265995.0268373,4890792883.441618,22448179877.66783,72611867066.94145,39705649817.73813,18255967288.186638,7484688043.397692
2023-07-28,AVGO,8876000000.0,3303000000.0,3856000000.0,4912000000.0,22079000000.0,71595000000.0,39341000000.0,18333000000.0,7345000000.0,8876000000.0,3303000000.0,3856000000.0,4912000000.0,22079000000.0,71595000000.0,39341000000.0,18333000000.0,7345000000.0
2023-08-04,AVGO,8876000000.0,3303000000.0,3856000000.0,4912000000.0,22079000000.0,71595000000.0,39341000000.0,18333000000.0,7345000000.0,8873114947.3245,3349863819.661698,3902849087.0154753,4941941214.56485,21594599662.439777,70285556220.59761,38874521204.05889,18413714551.734623,7170131546.503238
2023-08-11,AVGO,8876000000.0,3303000000.0,3856000000.0,4912000000.0,22079000000.0,71595000000.0,39341000000.0,18333000000.0,7345000000.0,8867580224.357882,3405746304.6673937,3960035706.2049046,4979115190.2931795,21033957569.739605,68776799415.77504,38338762596.29941,18500791968.710094,6971640440.18108
2023-08-18,AVGO,8876000000.0,3303000000.0,3856000000.0,4912000000.0,22079000000.0,71595000000.0,39341000000.0,18333000000.0,7345000000.0,8861714642.175282,3466830372.66592,4023953683.999162,5021559021.030812,20446559950.1834,67187034428.59176,37774895679.06095,18597618290.572098,6764127578.99101
2023-08-25,AVGO,8876000000.0,3303000000.0,3856000000.0,4912000000.0,22079000000.0,71595000000.0,39341000000.0,18333000000.0,7345000000.0,8857837011.851837,3529298941.3061085,4090996846.829125,5067309800.623571,19881893032.055065,65634566102.10722,37224091954.68292,18707579556.966297,6562193860.8905
2023-09-01,AVGO,8876000000.0,3303000000.0,3856000000.0,4912000000.0,22079000000.0,71595000000.0,39341000000.0,18333000000.0,7345000000.0,8858266144.462677,3589334928.236793,4157559021.1256685,5114404622.917282,19389443043.638523,64237699279.38089,36727522925.50471,18834061807.53838,6380440183.83703
2023-09-08,AVGO,8876000000.0,3303000000.0,3856000000.0,4912000000.0,22079000000.0,71595000000.0,39341000000.0,18333000000.0,7345000000.0,8865320851.082943,3643121251.1068053,4220034033.319669,5160880581.757767,19018696213.21768,63114738803.47221,36326360093.865715,18980451081.93402,6233467445.788077
2023-09-15,AVGO,8876000000.0,3303000000.0,3856000000.0,4912000000.0,22079000000.0,71595000000.0,39341000000.0,18333000000.0,7345000000.0,8881319942.787766,3686840827.5649776,4274815709.8420005,5204774770.990849,18819138769.07645,62383989517.44063,36061774962.10533,19150133419.798897,6135876544.70112
2023-09-22,AVGO,8876000000.0,3303000000.0,3856000000.0,4912000000.0,22079000000.0,71595000000.0,39341000000.0,18333000000.0,7345000000.0,8908582230.652283,3716676575.260143,4318297877.123539,5244124284.46235,18840256939.49875,62163756264.34562,35974939032.56294,19346494860.778683,6102268378.533634
2023-09-29,AVGO,8876000000.0,3303000000.0,3856000000.0,4912000000.0,22079000000.0,71595000000.0,39341000000.0,18333000000.0,7345000000.0,8949426525.751627,3728811411.8411336,4346874361.595162,5276966216.018098,19131536952.76848,62572343887.24663,36107023807.577965,19572921444.51906,6147243845.243098
2023-10-06,AVGO,8876000000.0,3303000000.0,3856000000.0,4912000000.0,22079000000.0,71595000000.0,39341000000.0,18333000000.0,7345000000.0,9006171639.16094,3719428254.9567823,4356938989.687743,5301337659.503912,19742465037.169556,63728057229.20312,36499200789.489784,19832799210.6657,6285403842.78699
2023-10-13,AVGO,8876000000.0,3303000000.0,3856000000.0,4912000000.0,22079000000.0,71595000000.0,39341000000.0,18333000000.0,7345000000.0,9081136381.955345,3684710022.2559204,4344885587.83216,5315275708.765619,20722527420.985893,65749201133.274536,37192641480.6378,20129514198.86429,6531349269.122786
2023-10-20,AVGO,8876000000.0,3303000000.0,3856000000.0,4912000000.0,22079000000.0,71595000000.0,39341000000.0,18333000000.0,7345000000.0,9176639565.20999,3620839631.387383,4307107982.459288,5316817457.64904,22121210332.501404,68754080442.52036,38228517383.36141,20466452448.76049,6899681022.207964
2023-10-27,AVGO,9295000000.0,3524000000.0,4240000000.0,5304000000.0,23988000000.0,72861000000.0,39648000000.0,20847000000.0,7405000000.0,9295000000.0,3524000000.0,4240000000.0,5304000000.0,23988000000.0,72861000000.0,39648000000.0,20847000000.0,7405000000.0
2023-11-03,AVGO,9295000000.0,3524000000.0,4240000000.0,5304000000.0,23988000000.0,72861000000.0,39648000000.0,20847000000.0,7405000000.0,9437556325.498056,3392107315.134207,4141370065.4810977,5275624055.225304,26351718456.225433,78139265810.5869,41475149133.5839,21272553889.108955,8055831799.020698
2023-11-10,AVGO,9295000000.0,3524000000.0,4240000000.0,5304000000.0,23988000000.0,72861000000.0,39648000000.0,20847000000.0,7405000000.0,9601726493.266993,3230010841.3968463,4014684998.3130727,5233544844.975682,29158530951.760822,84462188526.41013,43665577789.9072,21736555140.13541,8836400810.04915
2023-11-17,AVGO,9295000000.0,3524000000.0,4240000000.0,5304000000.0,23988000000.0,72861000000.0,39648000000.0,20847000000.0,7405000000.0,9783948282.967186,3044293112.786362,3864826216.502338,5180381216.462851,32333938541.64913,91654079961.41281,46157787275.45489,22230455774.007885,9724856122.42878
2023-11-24,AVGO,9295000000.0,3524000000.0,4240000000.0,5304000000.0,23988000000.0,72861000000.0,39648000000.0,20847000000.0,7405000000.0,9980659474.259014,2841536663.3011994,3696675138.0553083,5118752016.898524,35803442280.93331,99539251929.53795,48890278896.71196,22745707811.654903,10699346825.502998
2023-12-01,AVGO,9295000000.0,3524000000.0,4240000000.0,5304000000.0,23988000000.0,72861000000.0,39648000000.0,20847000000.0,7405000000.0,10188297846.802855,2628324026.9398017,3515113180.9783993,5051276093.494413,39492543224.65635,107942016244.72867,51801553960.16343,23273763274.00499,11738022008.615234
2023-12-08,AVGO,9295000000.0,3524000000.0,4240000000.0,5304000000.0,23988000000.0,72861000000.0,39648000000.0,20847000000.0,7405000000.0,10403301180.259079,2411237737.7006145,3325021763.2780237,4980572293.462235,43326742427.861176,116686684720.92798,54830113772.294304,23806074181.98666,12819030761.1089
2023-12-15,AVGO,9295000000.0,3524000000.0,4240000000.0,5304000000.0,23988000000.0,72861000000.0,39648000000.0,20847000000.0,7405000000.0,10622107254.288067,2196860329.582081,3131282302.9605975,4909259464.013701,47231540945.59077,125597569172.07898,57914459639.58957,24334092556.528446,13920522172.327415
2023-12-22,AVGO,9295000000.0,3524000000.0,4240000000.0,5304000000.0,23988000000.0,72861000000.0,39648000000.0,20847000000.0,7405000000.0,10841153848.550198,1991774336.5826464,2938776218.0325356,4839956452.360527,51132439832.88808,134498981412.12468,60993092868.534256,24849270418.55887,15020645331.614199
2023-12-29,AVGO,9295000000.0,3524000000.0,4240000000.0,5304000000.0,23988000000.0,72861000000.0,39648000000.0,20847000000.0,7405000000.0,11056878742.705841,1802562292.7007554,2752384926.50025,4775282105.714425,54954940144.7961,143215233255.0082,64004514765.613335,25343059789.006447,16097549328.312668
2024-01-05,AVGO,9295000000.0,3524000000.0,4240000000.0,5304000000.0,23988000000.0,72861000000.0,39648000000.0,20847000000.0,7405000000.0,11265719716.41538,1635806731.9348514,2576989846.3701572,4717855271.287111,58624542936.35773,151570636514.6726,66887226637.31183,25806912688.799706,17129383251.766247
2024-01-12,AVGO,9295000000.0,3524000000.0,4240000000.0,5304000000.0,23988000000.0,72861000000.0,39648000000.0,20847000000.0,7405000000.0,11464114549.339191,1498090188.2833798,2417472395.6486716,4670294796.2902975,62066749262.61598,159389503005.06094,69579729790.11475,26232281138.867165,18094296191.318348
2024-01-19,AVGO,9295000000.0,3524000000.0,4240000000.0,5304000000.0,23988000000.0,72861000000.0,39648000000.0,20847000000.0,7405000000.0,11648501021.137646,1395995195.744784,2278713992.342207,4635219527.935699,65207060178.61381,166496144540.1162,72020525530.50706,26610617160.137356,18970437236.3124
2024-01-26,AVGO,9295000000.0,3524000000.0,4240000000.0,5304000000.0,23988000000.0,72861000000.0,39648000000.0,20847000000.0,7405000000.0,11815316911.471123,1336104288.31751,2165596054.4571786,4615248313.435028,67970976739.39415,172714872933.78156,74148115164.97383,26933372773.53879,19735955476.091805
2024-02-02,AVGO,11961000000.0,1325000000.0,2083000000.0,4613000000.0,70284000000.0,177870000000.0,75901000000.0,27192000000.0,20369000000.0,11961000000.0,1325000000.0,2083000000.0,4613000000.0,70284000000.0,177870000000.0,75901000000.0,27192000000.0,20369000000.0
2024-02-09,AVGO,11961000000.0,1325000000.0,2083000000.0,4613000000.0,70284000000.0,177870000000.0,75901000000.0,27192000000.0,20369000000.0,12082978514.75419,1366308888.6595426,2034422272.9775827,4630271344.990873,72091902298.0794,181834563175.65167,77234707987.24269,27379986754.734932,20853896362.41554
2024-02-16,AVGO,11961000000.0,1325000000.0,2083000000.0,4613000000.0,70284000000.0,177870000000.0,75901000000.0,27192000000.0,20369000000.0,12182642477.241753,1451833607.6387935,2017819421.3988228,4665570746.362082,73421541101.701,184676502389.365,78172873659.04733,27498964530.09925,21199675977.857582
2024-02-23,AVGO,11961000000.0,1325000000.0,2083000000.0,4613000000.0,70284000000.0,177870000000.0,75901000000.0,27192000000.0,20369000000.0,12262372357.340282,1570420834.149252,2029763019.2731118,4716584512.216608,74320045161.53844,186512483192.70538,78756158192.93146,27552600712.734062,21421546725.88044
2024-03-01,AVGO,11961000000.0,1325000000.0,2083000000.0,4613000000.0,70284000000.0,177870000000.0,75901000000.0,27192000000.0,20369000000.0,12324548624.927378,1710917245.4024165,2066824640.6098425,4780998950.657433,74834543228.2654,187459171137.23834,79025222766.4126,27544562689.28045,21534716486.0384
2024-03-08,AVGO,11961000000.0,1325000000.0,2083000000.0,4613000000.0,70284000000.0,177870000000.0,75901000000.0,27192000000.0,20369000000.0,12371551749.880632,1862169518.6097863,2125575859.418407,4856500369.787534,75012164052.55566,187633231774.5293,79020728557.00826,27478517846.37952,21554393137.88577
2024-03-15,AVGO,11961000000.0,1325000000.0,2083000000.0,4613000000.0,70284000000.0,177870000000.0,75901000000.0,27192000000.0,20369000000.0,12405762202.077644,2013024330.9828598,2202588249.708197,4940775077.709894,74900036385.08292,187151330656.1437,78783336742.23598,27358133570.67236,21495784560.976856
2024-03-22,AVGO,11961000000.0,1325000000.0,2083000000.0,4613000000.0,70284000000.0,177870000000.0,75901000000.0,27192000000.0,20369000000.0,12429560451.39601,2152328359.733137,2294433385.488605,5031509382.5274935,74545288976.52083,186130133333.64706,78353708499.6133,27187077248.80007,21374098634.865967
2024-03-29,AVGO,11961000000.0,1325000000.0,2083000000.0,4613000000.0,70284000000.0,177870000000.0,75901000000.0,27192000000.0,20369000000.0,12445326967.713324,2268928282.072116,2397682840.7690244,5126389592.343311,73995050577.54314,184686305358.60477,77772505006.65773,26969016267.40375,21204543239.1074
2024-04-05,AVGO,11961000000.0,1325000000.0,2083000000.0,4613000000.0,70284000000.0,177870000000.0,75901000000.0,27192000000.0,20369000000.0,12455442220.907185,2351670775.211296,2508908189.558845,5223102015.260328,73296449938.82352,182936512282.58234,77080387440.8868,26707618013.124496,21002326253.25546
2024-04-12,AVGO,11961000000.0,1325000000.0,2083000000.0,4613000000.0,70284000000.0,177870000000.0,75901000000.0,27192000000.0,20369000000.0,12462286680.855186,2389402516.362175,2624681005.867461,5319332959.381526,72496615811.03569,180997419657.14514,76318016979.81802,26406549872.603394,20782655556.86444
2024-04-19,AVGO,11961000000.0,1325000000.0,2083000000.0,4613000000.0,70284000000.0,177870000000.0,75901000000.0,27192000000.0,20369000000.0,12468240817.434925,2370970182.736253,2741572863.7042646,5412768732.809884,71642676944.85335,178985693033.85873,75526054800.96895,26069479232.48155,20560739029.48866
2024-04-26,AVGO,11961000000.0,1325000000.0,2083000000.0,4613000000.0,70284000000.0,177870000000.0,75901000000.0,27192000000.0,20369000000.0,12475685100.523998,2285220451.545028,2856155337.078646,5501095643.648381,70781762090.95023,177017997964.28854,74745162081.85712,25700073479.40005,20351784550.68241
2024-05-03,AVGO,12487000000.0,2121000000.0,2965000000.0,5582000000.0,69961000000.0,175211000000.0,74016000000.0,25302000000.0,20171000000.0,12487000000.0,2121000000.0,2965000000.0,5582000000.0,69961000000.0,175211000000.0,74016000000.0,25302000000.0,20171000000.0
2024-05-10,AVGO,12487000000.0,2121000000.0,2965000000.0,5582000000.0,69961000000.0,175211000000.0,74016000000.0,25302000000.0,20171000000.0,12504111987.752953,1871868506.3554752,3065356666.7867637,5653845590.913956,69218990712.70692,173657941711.67227,73371134049.39378,24879272133.314613,20029914217.62495
2024-05-17,AVGO,12487000000.0,2121000000.0,2965000000.0,5582000000.0,69961000000.0,175211000000.0,74016000000.0,25302000000.0,20171000000.0,12527131543.722572,1550237653.0369937,3157188112.99356,5717706129.224404,68560219429.89743,172358373746.43948,72810746989.94893,24437287027.94559,19925339886.257656
2024-05-24,AVGO,12487000000.0,2121000000.0,2965000000.0,5582000000.0,69961000000.0,175211000000.0,74016000000.0,25302000000.0,20171000000.0,12555715149.860994,1173232123.512903,3241135354.4840593,5775332808.711739,67980642642.42845,171288423770.54935,72326925898.05466,23981787784.88676,19850410649.22774
2024-05-31,AVGO,12487000000.0,2121000000.0,2965000000.0,5582000000.0,69961000000.0,175211000000.0,74016000000.0,25302000000.0,20171000000.0,12589519288.120358,757976601.2515509,3317839407.121931,5828476823.15635,67476216841.15698,170424219450.24957,71911757850.10004,23518517505.131943,19798260149.86482
2024-06-07,AVGO,12487000000.0,2121000000.0,2965000000.0,5582000000.0,69961000000.0,175211000000.0,74016000000.0,25302000000.0,20171000000.0,12628200440.452806,321595769.7212853,3387941286.770844,5878889366.338631,67042898516.93998,169741888451.78796,71557329922.4742,23053219289.674957,19762022031.4985
2024-06-14,AVGO,12487000000.0,2121000000.0,2965000000.0,5582000000.0,69961000000.0,175211000000.0,74016000000.0,25302000000.0,20171000000.0,12671415088.810472,-118785687.60954666,3452082009.2944684,5928321632.038974,66676644160.63439,169217558441.41226,71255729191.56631,22591636239.509636,19734829937.458412
2024-06-21,AVGO,12487000000.0,2121000000.0,2965000000.0,5582000000.0,69961000000.0,175211000000.0,74016000000.0,25302000000.0,20171000000.0,12718819715.1455,-546043087.2725966,3510902590.556474,5978524814.037768,66373410263.09719,168827357085.37027,70999042733.76547,22139511455.629795,19709817511.074173
2024-06-28,AVGO,12487000000.0,2121000000.0,2965000000.0,5582000000.0,69961000000.0,175211000000.0,74016000000.0,25302000000.0,20171000000.0,12770070801.410027,-943051745.7995167,3565044046.4205303,6031250106.115408,66129153315.18533,168547412049.9097,70779357625.46082,21702588039.02926,19680118395.67539
2024-07-05,AVGO,12487000000.0,2121000000.0,2965000000.0,5582000000.0,69961000000.0,175211000000.0,74016000000.0,25302000000.0,20171000000.0,12824824829.55619,-1292686979.7219586,3615147392.750306,6088248702.052285,65939829807.75579,168353851001.27832,70588760943.04147,21286609090.701855,19638866234.591682
2024-07-12,AVGO,12487000000.0,2121000000.0,2965000000.0,5582000000.0,69961000000.0,175211000000.0,74016000000.0,25302000000.0,20171000000.0,12882738281.536129,-1577824105.5715756,3661853645.409471,6151271795.628791,65801396231.66552,168222801605.7239,70419339762.89662,20897317711.641403,19579194671.15268
2024-07-19,AVGO,12487000000.0,2121000000.0,2965000000.0,5582000000.0,69961000000.0,175211000000.0,74016000000.0,25302000000.0,20171000000.0,12943467639.301987,-1781338439.8800206,3705803820.2616954,6222070580.625317,65709809077.77149,168130391529.4942,70263181161.41531,20540457002.84173,19494237348.68798
2024-07-26,AVGO,12487000000.0,2121000000.0,2965000000.0,5582000000.0,69961000000.0,175211000000.0,74016000000.0,25302000000.0,20171000000.0,13006669384.805897,-1886105299.1789436,3747638933.170649,6302396250.822256,65661024836.930664,168052748438.83698,70112372214.98672,20221770065.29665,19377127910.527218
2024-08-02,AVGO,13072000000.0,-1875000000.0,3788000000.0,6394000000.0,65651000000.0,167966000000.0,69959000000.0,19947000000.0,19221000000.0,13072000000.0,-1875000000.0,3788000000.0,6394000000.0,65651000000.0,167966000000.0,69959000000.0,19947000000.0,19221000000.0
2024-08-09,AVGO,13072000000.0,-1875000000.0,3788000000.0,6394000000.0,65651000000.0,167966000000.0,69959000000.0,19947000000.0,19221000000.0,13139159333.050568,-1736487966.4255493,3827599398.5189686,6497669004.143473,65675904992.19438,167851051862.04688,69796714850.23001,19720347106.18049,19021800431.172054
2024-08-16,AVGO,13072000000.0,-1875000000.0,3788000000.0,6394000000.0,65651000000.0,167966000000.0,69959000000.0,19947000000.0,19221000000.0,13208020696.98039,-1481395052.7407963,3867434954.118972,6610334368.055728,65732765976.160385,167707921605.30487,69625420128.99486,19539840476.006405,18786728701.053524
2024-08-23,AVGO,13072000000.0,-1875000000.0,3788000000.0,6394000000.0,65651000000.0,167966000000.0,69959000000.0,19947000000.0,19221000000.0,13278500771.026398,-1126137220.7816556,3908575854.096978,6727963178.744354,65818823048.90251,167541404792.91705,69446582456.9983,19401966399.88093,18525797477.390667
2024-08-30,AVGO,13072000000.0,-1875000000.0,3788000000.0,6394000000.0,65651000000.0,167966000000.0,69959000000.0,19947000000.0,19221000000.0,13350516234.425512,-687130432.3840406,3952091285.749954,6846522523.216937,65931316307.42526,167356296988.02652,69261668454.94424,19303211168.207256,18249019427.92974
2024-09-06,AVGO,13072000000.0,-1875000000.0,3788000000.0,6394000000.0,65651000000.0,167966000000.0,69959000000.0,19947000000.0,19221000000.0,13423983766.41466,-180790649.38386565,3999050436.374867,6961979488.481062,66067485848.73312,167157393753.77634,69072144743.53644,19240061071.388554,17966407220.416996
2024-09-13,AVGO,13072000000.0,-1875000000.0,3788000000.0,6394000000.0,65651000000.0,167966000000.0,69959000000.0,19947000000.0,19221000000.0,13498820046.230762,376466166.38295496,4050522493.2686844,7070301161.544315,66224571769.830605,166949490653.30963,68879477943.47878,19209002399.828014,17687973522.598682
2024-09-20,AVGO,13072000000.0,-1875000000.0,3788000000.0,6394000000.0,65651000000.0,167966000000.0,69959000000.0,19947000000.0,19221000000.0,13574941753.110748,968224053.0805076,4107576643.7283745,7167454629.414287,66399814167.72219,166737383249.76947,68685134675.475044,19206521443.928814,17423731002.221054
2024-09-27,AVGO,13072000000.0,-1875000000.0,3788000000.0,6394000000.0,65651000000.0,167966000000.0,69959000000.0,19947000000.0,19221000000.0,13652265566.291544,1578067048.8728776,4171282075.0509033,7249406979.098561,66590453139.4124,166525867106.299,68490581560.229095,19229104494.094135,17183692327.030373
2024-10-04,AVGO,13072000000.0,-1875000000.0,3788000000.0,6394000000.0,65651000000.0,167966000000.0,69959000000.0,19947000000.0,19221000000.0,13730708165.010069,2189579191.9241514,4242707974.5332394,7312125297.604723,66793728781.90571,166319737786.04135,68297285218.444756,19273237840.727165,16977870164.772886
2024-10-11,AVGO,13072000000.0,-1875000000.0,3788000000.0,6394000000.0,65651000000.0,167966000000.0,69959000000.0,19947000000.0,19221000000.0,13810186228.503254,2786344520.398414,4322923529.47235,7351576671.940362,67006881192.20663,166123790852.1395,68106712270.82585,19335407774.231087,16816277183.194853
2024-10-18,AVGO,13072000000.0,-1875000000.0,3788000000.0,6394000000.0,65651000000.0,167966000000.0,69959000000.0,19947000000.0,19221000000.0,13890616436.00802,3351947072.459753,4412997927.165202,7363728189.113064,67227150467.31966,165942821867.73657,67920329338.076195,19412100585.009075,16708926050.042526
2024-10-25,AVGO,13072000000.0,-1875000000.0,3788000000.0,6394000000.0,65651000000.0,167966000000.0,69959000000.0,19947000000.0,19221000000.0,13971915466.761295,3869970886.272254,4514000354.908763,7344546936.130413,67451776704.249275,165781626395.9757,67739603040.899635,19499802563.464317,16665829433.062157
2024-11-01,AVGO,14054000000.0,4324000000.0,4627000000.0,7290000000.0,67678000000.0,165645000000.0,67566000000.0,19595000000.0,16697000000.0,14054000000.0,4324000000.0,4627000000.0,7290000000.0,67678000000.0,165645000000.0,67566000000.0,19595000000.0,16697000000.0
2024-11-08,AVGO,14054000000.0,4324000000.0,4627000000.0,7290000000.0,67678000000.0,165645000000.0,67566000000.0,19595000000.0,16697000000.0,14136678081.046146,4701518953.338529,4752422343.597991,7198208478.993719,67903188135.083595,165536405232.49332,67400966039.90006,19694668071.91337,16809033807.345463
2024-11-15,AVGO,14054000000.0,4324000000.0,4627000000.0,7290000000.0,67678000000.0,165645000000.0,67566000000.0,19595000000.0,16697000000.0,14219323219.562054,5005614292.109169,4888118042.310251,7075909516.440709,68125219624.04092,165453972604.30273,67245863800.39847,19797737504.07794,16994860466.560558
2024-11-22,AVGO,14054000000.0,4324000000.0,4627000000.0,7290000000.0,67678000000.0,165645000000.0,67566000000.0,19595000000.0,16697000000.0,14301200291.295135,5243273063.664698,5031294046.606408,6931994266.934421,68342100664.920074,165394499615.81616,67102035125.11278,19903627908.26133,17243992977.850456
2024-11-29,AVGO,14054000000.0,4324000000.0,4627000000.0,7290000000.0,67678000000.0,165645000000.0,67566000000.0,19595000000.0,16697000000.0,14381574171.992794,5421482315.357894,5179157306.956087,6775353885.068301,68551837455.769196,165354783767.42142,66970821857.6606,20011758896.231117,17545944341.420315
2024-12-06,AVGO,14054000000.0,4324000000.0,4627000000.0,7290000000.0,67678000000.0,165645000000.0,67566000000.0,19595000000.0,16697000000.0,14459709737.402445,5547229094.5415325,5328914773.828914,6614879525.4358015,68752436194.63641,165331622559.50635,66853565841.6595,20121550079.754887,17890227557.47531
2024-12-13,AVGO,14054000000.0,4324000000.0,4627000000.0,7290000000.0,67678000000.0,165645000000.0,67566000000.0,19595000000.0,16697000000.0,14534871863.271484,5627500448.568396,5477773397.694516,6459462342.630371,68941903079.56982,165321813492.45892,66751608920.72707,20232421070.60025,18266355626.220604
2024-12-20,AVGO,14054000000.0,4324000000.0,4627000000.0,7290000000.0,67678000000.0,165645000000.0,67566000000.0,19595000000.0,16697000000.0,14606325425.347326,5669283424.791259,5622940129.022518,6317993491.245456,69118244308.6176,165322154066.6669,66666292938.48091,20343791480.534786,18663841547.861362
2024-12-27,AVGO,14054000000.0,4324000000.0,4627000000.0,7290000000.0,67678000000.0,165645000000.0,67566000000.0,19595000000.0,16697000000.0,14673335299.377377,5679565070.562901,5761621918.282546,6199364125.87451,69279466079.8278,165329441782.51825,66598959738.538574,20455080921.3261,19072198322.602753
2025-01-03,AVGO,14054000000.0,4324000000.0,4627000000.0,7290000000.0,67678000000.0,165645000000.0,67566000000.0,19595000000.0,16697000000.0,14735166361.109041,5665332433.236097,5891025715.944228,6112465401.110979,69423574591.2486,165340474140.40073,66550951164.51768,20565709004.74177,19480938950.649944
2025-01-10,AVGO,14054000000.0,4324000000.0,4627000000.0,7290000000.0,67678000000.0,165645000000.0,67566000000.0,19595000000.0,16697000000.0,14791083486.289728,5633572560.163628,6008358472.477187,6066188471.548313,69548576040.92807,165352048640.70227,66523609060.03578,20675095342.54941,19879576432.20809
2025-01-17,AVGO,14054000000.0,4324000000.0,4627000000.0,7290000000.0,67678000000.0,165645000000.0,67566000000.0,19595000000.0,16697000000.0,14840351550.666847,5591272498.698269,6110827138.351051,6069424491.779962,69652476626.9144,165360962783.81076,66518275268.71048,20782659546.516598,20257623767.482376
2025-01-24,AVGO,14054000000.0,4324000000.0,4627000000.0,7290000000.0,67678000000.0,165645000000.0,67566000000.0,19595000000.0,16697000000.0,14882235429.9878,5545419296.192801,6195638664.035447,6131064616.399374,69733282547.25566,165364014070.11404,66536291634.15936,20887821228.410927,20604593956.677956
2025-01-31,AVGO,14916000000.0,5503000000.0,6260000000.0,6260000000.0,69789000000.0,165358000000.0,66579000000.0,20990000000.0,20910000000.0,14916000000.0,5503000000.0,6260000000.0,6260000000.0,69789000000.0,165358000000.0,66579000000.0,20990000000.0,20910000000.0
2025-02-07,AVGO,14916000000.0,5503000000.0,6260000000.0,6260000000.0,69789000000.0,165358000000.0,66579000000.0,20990000000.0,20910000000.0,14941238948.135817,5469418525.397332,6301966575.291162,6461520748.520704,69818665180.26141,165340461026.8237,66646508837.23389,21088796719.04725,21165298750.005947
2025-02-14,AVGO,14916000000.0,5503000000.0,6260000000.0,6260000000.0,69789000000.0,165358000000.0,66579000000.0,20990000000.0,20910000000.0,14958861208.567478,5443746259.361017,6322987733.262689,6726512773.282026,69825434271.41745,165311909415.8091,66733993126.39809,21184537227.29947,21369722468.662365
2025-02-21,AVGO,14916000000.0,5503000000.0,6260000000.0,6260000000.0,69789000000.0,165358000000.0,66579000000.0,20990000000.0,20910000000.0,14970104527.152187,5423471456.79196,6325361295.845162,7042260936.949917,69813493453.91153,165273600385.14743,66835394475.41356,21277728612.499325,21524447270.288074
2025-02-28,AVGO,14916000000.0,5503000000.0,6260000000.0,6260000000.0,69789000000.0,165358000000.0,66579000000.0,20990000000.0,20910000000.0,14976206649.747135,5406082372.591066,6311385084.969165,7396050102.190331,69787028908.18709,165226789153.0298,66944654492.20127,21368877962.389458,21630649269.201912
2025-03-07,AVGO,14916000000.0,5503000000.0,6260000000.0,6260000000.0,69789000000.0,165358000000.0,66579000000.0,20990000000.0,20910000000.0,14978405322.209524,5389067261.659245,6283356922.565278,7775165131.669224,69750226814.68758,165172730937.64746,67055714784.682175,21458492364.712513,21689504579.72272
2025-03-14,AVGO,14916000000.0,5503000000.0,6260000000.0,6260000000.0,69789000000.0,165358000000.0,66579000000.0,20990000000.0,20910000000.0,14977938290.396545,5369914378.8974,6243574630.564084,8166890888.052546,69707273353.8564,165112680957.19153,67162516960.77724,21547078907.21114,21702189316.16933
2025-03-21,AVGO,14916000000.0,5503000000.0,6260000000.0,6260000000.0,69789000000.0,165358000000.0,66579000000.0,20990000000.0,20910000000.0,14976043300.165401,5346111979.206439,6194336030.896165,8558512234.006254,69662354706.13701,165047894429.85327,67259002628.407425,21635144677.62799,21669879592.860565
2025-03-28,AVGO,14916000000.0,5503000000.0,6260000000.0,6260000000.0,69789000000.0,165358000000.0,66579000000.0,20990000000.0,20910000000.0,14973958097.373281,5315148317.487268,6137938945.492102,8937314032.1963,69619657051.97281,164979626573.8238,67339113395.4937,21723196763.705704,21593751524.115273
2025-04-04,AVGO,14916000000.0,5503000000.0,6260000000.0,6260000000.0,69789000000.0,165358000000.0,66579000000.0,20990000000.0,20910000000.0,14972920427.87739,5274511648.640795,6076681196.282478,9290581145.28864,69583366571.80725,164909132607.29434,67396790869.957016,21811742253.18694,21474981224.25228
2025-04-11,AVGO,14916000000.0,5503000000.0,6260000000.0,6260000000.0,69789000000.0,165358000000.0,66579000000.0,20990000000.0,20910000000.0,14974168037.534918,5221690227.567925,6012860605.197872,9605598435.949226,69557669446.08377,164837667748.456,67425976659.71834,21901288233.81434,21314744807.590424
2025-04-18,AVGO,14916000000.0,5503000000.0,6260000000.0,6260000000.0,69789000000.0,165358000000.0,66579000000.0,20990000000.0,20910000000.0,14978938672.203066,5154172309.169566,5948774994.168871,9869650766.844013,69546751855.24577,164766487215.5001,67420612372.69865,21992341793.330547,21114218388.448532
2025-04-25,AVGO,14916000000.0,5503000000.0,6260000000.0,6260000000.0,69789000000.0,165358000000.0,66579000000.0,20990000000.0,20910000000.0,14988470077.739025,5069446148.346621,5886722185.126053,10070023000.638952,69554799979.73671,164696846226.61768,67374639616.81888,22085410019.478218,20874578081.14545
2025-05-02,AVGO,15004000000.0,4965000000.0,5829000000.0,10194000000.0,69586000000.0,164630000000.0,67282000000.0,22181000000.0,20597000000.0,15004000000.0,4965000000.0,5829000000.0,10194000000.0,69586000000.0,164630000000.0,67282000000.0,22181000000.0,20597000000.0
2025-05-09,AVGO,15004000000.0,4965000000.0,5829000000.0,10194000000.0,69586000000.0,164630000000.0,67282000000.0,22181000000.0,20597000000.0,15026600992.136583,4839901619.628354,5777618956.5118265,10232944758.147858,69644207584.47159,164567674647.46725,67138981314.85123,22280125934.919952,20283858584.528778
2025-05-16,AVGO,15004000000.0,4965000000.0,5829000000.0,10194000000.0,69586000000.0,164630000000.0,67282000000.0,22181000000.0,20597000000.0,15056684836.472994,4699536765.121321,5733440355.544774,10194532790.522219,69731956353.55742,164513479855.35568,66951256092.73472,22385830473.3878,19942321575.03942
2025-05-23,AVGO,15004000000.0,4965000000.0,5829000000.0,10194000000.0,69586000000.0,164630000000.0,67282000000.0,22181000000.0,20597000000.0,15094498122.626844,4550870694.966282,5697038193.7726145,10090517743.117527,69851449415.65594,164471496203.6306,66726843049.70089,22501663376.83467,19580755037.037308
2025-05-30,AVGO,15004000000.0,4965000000.0,5829000000.0,10194000000.0,69586000000.0,164630000000.0,67282000000.0,22181000000.0,20597000000.0,15140287440.215744,4400868667.650623,5668986467.86912,9932653261.928225,70004889879.16565,164445804272.25732,66473760901.80014,22631174406.691715,19207525036.027824
2025-06-06,AVGO,15004000000.0,4965000000.0,5829000000.0,10194000000.0,69586000000.0,164630000000.0,67282000000.0,22181000000.0,20597000000.0,15194299378.85732,4256495941.661727,5649859174.50806,9732692992.948751,70194480852.48495,164440484641.20108,66200028365.0829,22777913324.390053,18830997637.516365
2025-06-13,AVGO,15004000000.0,4965000000.0,5829000000.0,10194000000.0,69586000000.0,164630000000.0,67282000000.0,22181000000.0,20597000000.0,15256780528.169184,4124717775.486976,5640230310.363211,9502390582.173553,70422425444.0123,164459617890.42722,65913664155.59956,22945429891.36084,18459538907.008316
2025-06-20,AVGO,15004000000.0,4965000000.0,5829000000.0,10194000000.0,69586000000.0,164630000000.0,67282000000.0,22181000000.0,20597000000.0,15327977477.768951,4012499427.6137543,5640673872.108343,9253499675.597073,70690926762.1462,164507284599.9009,65622686989.400536,23137273869.03519,18101514910.009064
2025-06-27,AVGO,15004000000.0,4965000000.0,5829000000.0,10194000000.0,69586000000.0,164630000000.0,67282000000.0,22181000000.0,20597000000.0,15408136817.274237,3926806156.529445,5651763856.41723,8997773919.213749,71002187915.28506,164587565349.58762,65335115582.53625,23356995018.844254,17765291712.023994
2025-07-04,AVGO,15004000000.0,4965000000.0,5829000000.0,10194000000.0,69586000000.0,164630000000.0,67282000000.0,22181000000.0,20597000000.0,15497505136.302656,3874603220.7214313,5674074259.963641,8746966959.018028,71358412011.82736,164704540719.45255,65058968651.05709,23608143102.219166,17459235378.558502
2025-07-11,AVGO,15004000000.0,4965000000.0,5829000000.0,10194000000.0,69586000000.0,164630000000.0,67282000000.0,22181000000.0,20597000000.0,15596329024.471825,3862855878.6770964,5708179079.421353,8512832441.004352,71761802160.17154,164862291289.4609,64802264911.013466,23894267880.59106,17191711975.117966
2025-07-18,AVGO,15004000000.0,4965000000.0,5829000000.0,10194000000.0,69586000000.0,164630000000.0,67282000000.0,22181000000.0,20597000000.0,15704855071.399364,3898529388.8838243,5754652311.464135,8307124011.167158,72214561468.71608,165064897639.5781,64573023078.45581,24218919115.39107,16971087567.207775
2025-07-25,AVGO,15004000000.0,4965000000.0,5829000000.0,10194000000.0,69586000000.0,164630000000.0,67282000000.0,22181000000.0,20597000000.0,15823329866.702883,3988589009.8289976,5814067952.76576,8141595315.500894,72718893045.85942,165316440349.76935,64379261869.43451,24585646568.05034,16805728220.33333
2025-08-01,AVGO,15952000000.0,4140000000.0,5887000000.0,8028000000.0,73277000000.0,165621000000.0,64229000000.0,24998000000.0,16704000000.0,15952000000.0,4140000000.0,5887000000.0,8028000000.0,73277000000.0,165621000000.0,64229000000.0,24998000000.0,16704000000.0
2025-08-08,AVGO,15952000000.0,4140000000.0,5887000000.0,8028000000.0,73277000000.0,165621000000.0,64229000000.0,24998000000.0,16704000000.0,16090816345.948708,4356840722.079239,5973649997.387064,7975013828.355319,73888747540.56868,165980304197.59952,64128095716.743095,25457456937.72265,16671326538.642696
2025-08-15,AVGO,15952000000.0,4140000000.0,5887000000.0,8028000000.0,73277000000.0,165621000000.0,64229000000.0,24998000000.0,16704000000.0,16238546919.368494,4631641955.529216,6072729679.332907,7979001035.043298,74544649281.12576,166386668659.35437,64073765388.416336,25957205967.90673,16701361736.414368
2025-08-22,AVGO,15952000000.0,4140000000.0,5887000000.0,8028000000.0,73277000000.0,165621000000.0,64229000000.0,24998000000.0,16704000000.0,16393664020.119236,4954047584.007454,6182578327.789915,8033247972.236777,75232880936.26395,166830056129.41522,64061064914.3127,26488363442.292164,16784817060.39748
2025-08-29,AVGO,15952000000.0,4140000000.0,5887000000.0,8028000000.0,73277000000.0,165621000000.0,64229000000.0,24998000000.0,16704000000.0,16554639948.060795,5313701491.171483,6301535224.710484,8131040992.108604,75941618220.57591,167300429351.9327,64085050193.725136,27042045712.618835,16912403977.674496
2025-09-05,AVGO,15952000000.0,4140000000.0,5887000000.0,8028000000.0,73277000000.0,165621000000.0,64229000000.0,24998000000.0,16704000000.0,16719947003.053041,5700247560.678828,6427939652.046997,8265666446.831622,76659036848.6544,167787751071.05756,64140777125.946625,27609369130.62667,17074833955.327883
2025-09-12,AVGO,15952000000.0,4140000000.0,5887000000.0,8028000000.0,73277000000.0,165621000000.0,64229000000.0,24998000000.0,16704000000.0,16888057484.955845,6103329676.187012,6560130891.751848,8430410688.578675,77373312535.0921,168281984030.94034,64223301610.27011,28181450048.05558,17262818460.440105
2025-09-19,AVGO,15952000000.0,4140000000.0,5887000000.0,8028000000.0,73277000000.0,165621000000.0,64229000000.0,24998000000.0,16704000000.0,17057443693.629074,6512591721.353562,6696448225.777428,8618560069.52261,78072620994.48167,168773090975.73184,64327679545.988594,28749404816.645454,17467068960.09362
2025-09-26,AVGO,15952000000.0,4140000000.0,5887000000.0,8028000000.0,73277000000.0,165621000000.0,64229000000.0,24998000000.0,16704000000.0,17226577928.932594,6917677579.836006,6835230936.076122,8823400941.83627,78745137941.41583,169251034649.58264,64448966832.395004,29304349788.136215,17678296921.3709
2025-10-03,AVGO,15952000000.0,4140000000.0,5887000000.0,8028000000.0,73277000000.0,165621000000.0,64229000000.0,24998000000.0,16704000000.0,17393932490.72628,7308231135.291867,6974818304.600325,9038219657.6925,79379039090.4873,169705777796.64346,64582219368.78233,29837401314.26776,17887213811.354404
2025-10-10,AVGO,15952000000.0,4140000000.0,5887000000.0,8028000000.0,73277000000.0,165621000000.0,64229000000.0,24998000000.0,16704000000.0,17557979678.86999,7673896271.378672,7113549613.3024235,9256302569.264141,79962500156.28876,170127283161.0649,64722493054.44353,30339675746.780006,18084531097.126606
2025-10-17,AVGO,15952000000.0,4140000000.0,5887000000.0,8028000000.0,73277000000.0,165621000000.0,64229000000.0,24998000000.0,16704000000.0,17717191793.223602,8004316871.753945,7249764144.1348095,9470936028.724043,80483696853.41289,170505513486.99774,64864843788.67156,30802289437.412857,18260960245.769962
2025-10-24,AVGO,15952000000.0,4140000000.0,5887000000.0,8028000000.0,73277000000.0,165621000000.0,64229000000.0,24998000000.0,16704000000.0,17870041133.646984,8289136820.075211,7381801179.049871,9675406388.245049,80930804896.4524,170830431518.59253,65004327470.7594,31216358737.906216,18407212724.36694
2025-10-31,AVGO,18015000000.0,8518000000.0,7508000000.0,9863000000.0,81292000000.0,171092000000.0,65136000000.0,31573000000.0,18514000000.0,18015000000.0,8518000000.0,7508000000.0,9863000000.0,81292000000.0,171092000000.0,65136000000.0,31573000000.0,18514000000.0
2025-11-07,AVGO,18015000000.0,8518000000.0,7508000000.0,9863000000.0,81292000000.0,171092000000.0,65136000000.0,31573000000.0,18514000000.0,18150916054.655754,8683126479.76521,7627072815.43286,10028424598.435413,81558681634.22778,171282795407.8333,65255904821.36257,31865660333.30643,18574206676.467117
2025-11-14,AVGO,18015000000.0,8518000000.0,7508000000.0,9863000000.0,81292000000.0,171092000000.0,65136000000.0,31573000000.0,18514000000.0,18278138410.040283,8787041065.925228,7739223539.777219,10172073447.092484,81735144291.62552,171405849148.55588,65364035562.52119,32097109878.92701,18589409904.428276
2025-11-21,AVGO,18015000000.0,8518000000.0,7508000000.0,9863000000.0,81292000000.0,171092000000.0,65136000000.0,31573000000.0,18514000000.0,18397391541.09285,8834844749.613823,7845029013.957117,10295761191.786068,81828906220.26236,171466806361.0936,65461373396.8262,32272449535.835556,18563359971.258984
2025-11-28,AVGO,18015000000.0,8518000000.0,7508000000.0,9863000000.0,81292000000.0,171092000000.0,65136000000.0,31573000000.0,18514000000.0,18509399922.752724,8831638521.964762,7945066078.896598,10401302478.331032,81847485668.20749,171471312184.3723,65548899497.62794,32396780203.005898,18499807164.33473
2025-12-05,AVGO,18015000000.0,8518000000.0,7508000000.0,9863000000.0,81292000000.0,171092000000.0,65136000000.0,31573000000.0,18514000000.0,18614888029.959183,8782523374.111813,8039911575.519702,10490511952.542238,81798400883.53009,171425011757.31796,65627595038.27672,32475202779.41185,18402501771.031002
2025-12-12,AVGO,18015000000.0,8518000000.0,7508000000.0,9863000000.0,81292000000.0,171092000000.0,65136000000.0,31573000000.0,18514000000.0,18714580337.65149,8692600297.188734,8130142344.75047,10565204260.234547,81689170114.29933,171333550218.8564,65698441192.12287,32512818164.027237,18275194078.72331
2025-12-19,AVGO,18015000000.0,8518000000.0,7508000000.0,9863000000.0,81292000000.0,171092000000.0,65136000000.0,31573000000.0,18514000000.0,18809201320.768917,8566970282.329299,8216335227.512947,10627194047.222818,81527311608.58437,171202572707.91357,65762419132.51672,32514727255.82587,18121634374.787144
2025-12-26,AVGO,18015000000.0,8518000000.0,7508000000.0,9863000000.0,81292000000.0,171092000000.0,65136000000.0,31573000000.0,18514000000.0,18899475454.25073,8410734320.667267,8299067064.731172,10678295959.321918,81320343614.45438,171037724363.41537,65820510032.80862,32486030953.781586,17945572946.598003
2026-01-02,AVGO,18015000000.0,8518000000.0,7508000000.0,9863000000.0,81292000000.0,171092000000.0,65136000000.0,31573000000.0,18514000000.0,18986127213.0362,8228993403.336409,8378914697.329188,10720324642.346706,81075784379.97853,170844650324.28772,65873695066.34887,32431830156.868195,17750760081.53138
2026-01-09,AVGO,18015000000.0,8518000000.0,7508000000.0,9863000000.0,81292000000.0,171092000000.0,65136000000.0,31573000000.0,18514000000.0,19069881072.06459,8026848521.470486,8456454966.231038,10755094742.112045,80801152153.226,170628995729.4564,65922955406.48779,32357225764.05952,17540946066.96277
2026-01-16,AVGO,18015000000.0,8518000000.0,7508000000.0,9863000000.0,81292000000.0,171092000000.0,65136000000.0,31573000000.0,18514000000.0,19151461506.275173,7809400666.203265,8532264712.360763,10784420904.432802,80503965182.26595,170396405717.8474,65969272226.575745,32267318674.329384,17319881190.267673
2026-01-23,AVGO,18015000000.0,8518000000.0,7508000000.0,9863000000.0,81292000000.0,171092000000.0,65136000000.0,31573000000.0,18514000000.0,19231592990.60722,7581750828.668516,8606920776.6424,10810117775.12383,80191741715.16756,170152525428.3867,66013626699.963036,32167209786.651604,17091315738.821583
2026-01-30,AVGO,19311000000.0,7349000000.0,8681000000.0,10834000000.0,79872000000.0,169903000000.0,66057000000.0,32062000000.0,16859000000.0,19311000000.0,7349000000.0,8681000000.0,10834000000.0,79872000000.0,169903000000.0,66057000000.00001,32061999999.999996,16859000000.000002
2026-02-06,AVGO,19311000000.0,7349000000.0,8681000000.0,10834000000.0,79872000000.0,169903000000.0,66057000000.0,32062000000.0,16859000000.0,19390407009.392776,7116249171.331484,8755079223.357597,10857882224.876167,79552258284.83244,169653474571.6133,66100373300.03696,31956790213.348396,16626684261.178415
2026-02-13,AVGO,19311000000.0,7349000000.0,8681000000.0,10834000000.0,79872000000.0,169903000000.0,66057000000.0,32062000000.0,16859000000.0,19470538493.724827,6888599333.796735,8829735287.639238,10883579095.5672,79240034817.73405,169409594282.15256,66144727773.424255,31856681325.670616,16398118809.732327
2026-02-20,AVGO,19311000000.0,7349000000.0,8681000000.0,10834000000.0,79872000000.0,169903000000.0,66057000000.0,32062000000.0,16859000000.0,19552118927.935413,6671151478.529514,8905545033.76896,10912905257.88795,78942847846.774,169177004270.54358,66191044593.51221,31766774235.940483,16177053933.037228
2026-02-27,AVGO,19311000000.0,7349000000.0,8681000000.0,10834000000.0,79872000000.0,169903000000.0,66057000000.0,32062000000.0,16859000000.0,19635872786.963806,6469006596.663592,8983085302.67081,10947675357.653294,78668215620.02148,168961349675.7123,66240304933.65113,31692169843.131805,15967239918.468622
2026-03-06,AVGO,19311000000.0,7349000000.0,8681000000.0,10834000000.0,79872000000.0,169903000000.0,66057000000.0,32062000000.0,16859000000.0,19722524545.74927,6287265679.332732,9062932935.268826,10989704040.678083,78423656385.54564,168768275636.5846,66293489967.19138,31637969046.218414,15772427053.401997
2026-03-13,AVGO,19311000000.0,7349000000.0,8681000000.0,10834000000.0,79872000000.0,169903000000.0,66057000000.0,32062000000.0,16859000000.0,19812798679.23108,6131029717.670703,9145664772.487051,11040805952.777184,78216688391.41563,168603427292.0864,66351580867.48328,31609272744.17413,15596365625.212854
