number,value,datetime_start,datetime_complete,duration,params_learning_rate,params_units_l1,state
0,0.7185567010309278,2026-04-13 16:09:17.755685,2026-04-13 16:09:26.168694,0 days 00:00:08.413009,4.541824337184359e-05,516,COMPLETE
1,0.7154639175257732,2026-04-13 16:09:26.198999,2026-04-13 16:09:35.264567,0 days 00:00:09.065568,6.094407047643474e-05,402,COMPLETE
2,0.7051546391752578,2026-04-13 16:09:35.288732,2026-04-13 16:09:49.562145,0 days 00:00:14.273413,3.124531168107231e-06,360,COMPLETE
3,0.7185567010309278,2026-04-13 16:09:49.597347,2026-04-13 16:09:58.018224,0 days 00:00:08.420877,4.646781570397922e-05,658,COMPLETE
4,0.7185567010309278,2026-04-13 16:09:58.049473,2026-04-13 16:10:05.632999,0 days 00:00:07.583526,0.0016512869240176155,59,COMPLETE
5,0.7175257731958763,2026-04-13 16:10:05.657106,2026-04-13 16:10:14.702343,0 days 00:00:09.045237,2.137659439953813e-05,630,COMPLETE
6,0.7216494845360825,2026-04-13 16:10:14.727332,2026-04-13 16:10:21.780413,0 days 00:00:07.053081,0.0012509539294123164,332,COMPLETE
7,0.7175257731958763,2026-04-13 16:10:21.806611,2026-04-13 16:10:30.164583,0 days 00:00:08.357972,6.1971567571809e-05,397,COMPLETE
8,0.7175257731958763,2026-04-13 16:10:30.188913,2026-04-13 16:10:37.328679,0 days 00:00:07.139766,6.038530356729192e-06,397,COMPLETE
9,0.26804123711340205,2026-04-13 16:10:37.351761,2026-04-13 16:10:44.726432,0 days 00:00:07.374671,4.799073559819552e-06,37,COMPLETE
10,0.722680412371134,2026-04-13 16:10:44.749016,2026-04-13 16:10:53.148111,0 days 00:00:08.399095,0.001321603812323224,206,COMPLETE
11,0.7206185567010309,2026-04-13 16:10:53.185343,2026-04-13 16:11:00.032425,0 days 00:00:06.847082,0.0016233300951817708,213,COMPLETE
12,0.7175257731958763,2026-04-13 16:11:00.056920,2026-04-13 16:11:08.210641,0 days 00:00:08.153721,0.007075386769386319,231,COMPLETE
13,0.7175257731958763,2026-04-13 16:11:08.233201,2026-04-13 16:11:14.949060,0 days 00:00:06.715859,0.00042949669256924254,204,COMPLETE
14,0.7185567010309278,2026-04-13 16:11:14.972604,2026-04-13 16:11:22.890917,0 days 00:00:07.918313,0.0003791825025821494,147,COMPLETE
15,0.7154639175257732,2026-04-13 16:11:22.913441,2026-04-13 16:11:30.660758,0 days 00:00:07.747317,0.007404455206020341,310,COMPLETE
16,0.7164948453608248,2026-04-13 16:11:30.689805,2026-04-13 16:11:38.776211,0 days 00:00:08.086406,0.0003447871255308373,472,COMPLETE
17,0.7195876288659794,2026-04-13 16:11:38.799535,2026-04-13 16:11:46.882849,0 days 00:00:08.083314,0.0011608691731104452,294,COMPLETE
18,0.7175257731958763,2026-04-13 16:11:46.905813,2026-04-13 16:11:53.477967,0 days 00:00:06.572154,0.003521410652205794,126,COMPLETE
19,0.7154639175257732,2026-04-13 16:11:53.501686,2026-04-13 16:12:02.214618,0 days 00:00:08.712932,0.00019452302568436863,509,COMPLETE
20,0.7216494845360825,2026-04-13 16:12:02.238924,2026-04-13 16:12:08.764666,0 days 00:00:06.525742,0.0007054067647598798,133,COMPLETE
21,0.7206185567010309,2026-04-13 16:12:08.790340,2026-04-13 16:12:16.578977,0 days 00:00:07.788637,0.0008382660226506392,123,COMPLETE
22,0.7154639175257732,2026-04-13 16:12:16.603887,2026-04-13 16:12:24.081358,0 days 00:00:07.477471,0.0023827445196474115,273,COMPLETE
23,0.7164948453608248,2026-04-13 16:12:24.107257,2026-04-13 16:12:31.320204,0 days 00:00:07.212947,0.00018740451107636453,171,COMPLETE
24,0.7175257731958763,2026-04-13 16:12:31.345257,2026-04-13 16:12:39.404732,0 days 00:00:08.059475,0.0007325876252382077,82,COMPLETE
25,0.7206185567010309,2026-04-13 16:12:39.429660,2026-04-13 16:12:45.591561,0 days 00:00:06.161901,0.005154812503335823,13,COMPLETE
26,0.7175257731958763,2026-04-13 16:12:45.617220,2026-04-13 16:12:55.142310,0 days 00:00:09.525090,0.00013862000277652662,255,COMPLETE
27,0.7206185567010309,2026-04-13 16:12:55.167964,2026-04-13 16:13:02.407260,0 days 00:00:07.239296,0.0031021656872445287,319,COMPLETE
28,0.7175257731958763,2026-04-13 16:13:02.441826,2026-04-13 16:13:10.431572,0 days 00:00:07.989746,0.0007213054778495873,92,COMPLETE
29,0.7175257731958763,2026-04-13 16:13:10.456853,2026-04-13 16:13:19.041298,0 days 00:00:08.584445,1.674722685346639e-05,182,COMPLETE
30,0.7195876288659794,2026-04-13 16:13:19.065844,2026-04-13 16:13:27.311626,0 days 00:00:08.245782,0.0004393817781300025,566,COMPLETE
31,0.7154639175257732,2026-04-13 16:13:27.338705,2026-04-13 16:13:36.528090,0 days 00:00:09.189385,0.0014472088411857965,219,COMPLETE
32,0.7237113402061855,2026-04-13 16:13:36.553861,2026-04-13 16:13:45.189485,0 days 00:00:08.635624,0.002062816302377098,341,COMPLETE
33,0.7134020618556701,2026-04-13 16:13:45.218400,2026-04-13 16:13:53.068280,0 days 00:00:07.849880,0.003758185985411922,459,COMPLETE
34,0.7175257731958763,2026-04-13 16:13:53.094820,2026-04-13 16:14:01.863856,0 days 00:00:08.769036,0.00917457372013152,333,COMPLETE
35,0.6948453608247422,2026-04-13 16:14:01.895706,2026-04-13 16:14:10.253099,0 days 00:00:08.357393,1.3966617652592923e-06,351,COMPLETE
36,0.7216494845360825,2026-04-13 16:14:10.281767,2026-04-13 16:14:18.673930,0 days 00:00:08.392163,0.002174894049120472,451,COMPLETE
37,0.7144329896907217,2026-04-13 16:14:18.698279,2026-04-13 16:14:27.010551,0 days 00:00:08.312272,0.0011716298571692884,259,COMPLETE
38,0.7195876288659794,2026-04-13 16:14:27.034374,2026-04-13 16:14:34.209819,0 days 00:00:07.175445,8.771731259904859e-05,377,COMPLETE
39,0.7164948453608248,2026-04-13 16:14:34.244398,2026-04-13 16:14:42.624844,0 days 00:00:08.380446,0.0005811507622593554,421,COMPLETE
40,0.7175257731958763,2026-04-13 16:14:42.649206,2026-04-13 16:14:50.729389,0 days 00:00:08.080183,0.0002641604559021062,163,COMPLETE
41,0.7175257731958763,2026-04-13 16:14:50.753759,2026-04-13 16:14:58.735421,0 days 00:00:07.981662,0.001948040738872136,582,COMPLETE
42,0.7175257731958763,2026-04-13 16:14:58.758685,2026-04-13 16:15:07.348544,0 days 00:00:08.589859,0.004819981734164723,431,COMPLETE
43,0.7154639175257732,2026-04-13 16:15:07.372730,2026-04-13 16:15:15.646311,0 days 00:00:08.273581,0.0020876730882089037,534,COMPLETE
44,0.7206185567010309,2026-04-13 16:15:15.672017,2026-04-13 16:15:23.013670,0 days 00:00:07.341653,0.001119708945514506,380,COMPLETE
45,0.7247422680412371,2026-04-13 16:15:23.038473,2026-04-13 16:15:31.825066,0 days 00:00:08.786593,0.002720017098873405,672,COMPLETE
46,0.7164948453608248,2026-04-13 16:15:31.852888,2026-04-13 16:15:39.830921,0 days 00:00:07.978033,0.005115435999835078,614,COMPLETE
47,0.7195876288659794,2026-04-13 16:15:39.856817,2026-04-13 16:15:48.578127,0 days 00:00:08.721310,0.0027232555829459827,680,COMPLETE
48,0.7185567010309278,2026-04-13 16:15:48.602145,2026-04-13 16:15:56.748823,0 days 00:00:08.146678,0.0009972068651980144,283,COMPLETE
49,0.7164948453608248,2026-04-13 16:15:56.773334,2026-04-13 16:16:03.757893,0 days 00:00:06.984559,0.0006007033315593114,238,COMPLETE
50,0.7185567010309278,2026-04-13 16:16:03.782217,2026-04-13 16:16:12.796934,0 days 00:00:09.014717,2.760013732431985e-05,703,COMPLETE
51,0.7175257731958763,2026-04-13 16:16:12.821937,2026-04-13 16:16:20.820966,0 days 00:00:07.999029,0.0015647781776291288,491,COMPLETE
52,0.7175257731958763,2026-04-13 16:16:20.855011,2026-04-13 16:16:29.236653,0 days 00:00:08.381642,0.0021696735298657325,639,COMPLETE
53,0.7134020618556701,2026-04-13 16:16:29.261234,2026-04-13 16:16:37.605431,0 days 00:00:08.344197,0.003813111170944397,355,COMPLETE
54,0.722680412371134,2026-04-13 16:16:37.631682,2026-04-13 16:16:44.099780,0 days 00:00:06.468098,0.0015034722212988719,123,COMPLETE
55,0.7216494845360825,2026-04-13 16:16:44.124522,2026-04-13 16:16:51.875507,0 days 00:00:07.750985,0.001342888471723244,57,COMPLETE
56,0.7154639175257732,2026-04-13 16:16:51.904324,2026-04-13 16:16:58.954209,0 days 00:00:07.049885,0.000495613851003284,124,COMPLETE
57,0.7175257731958763,2026-04-13 16:16:58.983888,2026-04-13 16:17:06.914846,0 days 00:00:07.930958,0.0002930196251938628,187,COMPLETE
58,0.7134020618556701,2026-04-13 16:17:06.939491,2026-04-13 16:17:14.901524,0 days 00:00:07.962033,0.009585334431020524,109,COMPLETE
59,0.7175257731958763,2026-04-13 16:17:14.925530,2026-04-13 16:17:21.610119,0 days 00:00:06.684589,0.0008837366079933477,155,COMPLETE
60,0.7216494845360825,2026-04-13 16:17:21.635290,2026-04-13 16:17:29.534371,0 days 00:00:07.899081,0.0033054350839970895,36,COMPLETE
61,0.7164948453608248,2026-04-13 16:17:29.558581,2026-04-13 16:17:37.808407,0 days 00:00:08.249826,0.0017569061486660798,195,COMPLETE
62,0.7134020618556701,2026-04-13 16:17:37.836185,2026-04-13 16:17:45.852450,0 days 00:00:08.016265,0.005649673276590581,299,COMPLETE
63,0.7195876288659794,2026-04-13 16:17:45.879920,2026-04-13 16:17:53.653309,0 days 00:00:07.773389,0.002670097188586387,140,COMPLETE
64,0.7216494845360825,2026-04-13 16:17:53.677913,2026-04-13 16:18:01.017914,0 days 00:00:07.340001,0.000785382450021106,437,COMPLETE
65,0.7216494845360825,2026-04-13 16:18:01.043400,2026-04-13 16:18:09.647989,0 days 00:00:08.604589,0.0014567445397666774,327,COMPLETE
66,0.7144329896907217,2026-04-13 16:18:09.672887,2026-04-13 16:18:16.641740,0 days 00:00:06.968853,0.006821223680839938,75,COMPLETE
67,0.7164948453608248,2026-04-13 16:18:16.671339,2026-04-13 16:18:25.354755,0 days 00:00:08.683416,0.004095224008108906,404,COMPLETE
68,0.7134020618556701,2026-04-13 16:18:25.383220,2026-04-13 16:18:34.543117,0 days 00:00:09.159897,0.0025588788461742176,718,COMPLETE
69,0.7175257731958763,2026-04-13 16:18:34.568618,2026-04-13 16:18:41.038018,0 days 00:00:06.469400,0.001046784174560714,105,COMPLETE
70,0.7175257731958763,2026-04-13 16:18:41.063390,2026-04-13 16:18:48.983331,0 days 00:00:07.919941,0.001696947471754413,245,COMPLETE
71,0.7185567010309278,2026-04-13 16:18:49.007271,2026-04-13 16:18:55.366471,0 days 00:00:06.359200,0.0012794426018769979,51,COMPLETE
72,0.7195876288659794,2026-04-13 16:18:55.393950,2026-04-13 16:19:03.244544,0 days 00:00:07.850594,0.0006670662484087518,23,COMPLETE
73,0.7164948453608248,2026-04-13 16:19:03.267732,2026-04-13 16:19:11.240118,0 days 00:00:07.972386,0.0021466250221219966,203,COMPLETE
74,0.7164948453608248,2026-04-13 16:19:11.266568,2026-04-13 16:19:18.353428,0 days 00:00:07.086860,0.00038019149858164536,65,COMPLETE
75,0.7041237113402062,2026-04-13 16:19:18.378959,2026-04-13 16:19:26.620294,0 days 00:00:08.241335,9.422668189492297e-06,98,COMPLETE
76,0.7185567010309278,2026-04-13 16:19:26.644979,2026-04-13 16:19:33.139235,0 days 00:00:06.494256,0.0013385906992367997,3,COMPLETE
77,0.7185567010309278,2026-04-13 16:19:33.165240,2026-04-13 16:19:41.416198,0 days 00:00:08.250958,0.0028082620609173716,147,COMPLETE
78,0.7164948453608248,2026-04-13 16:19:41.442674,2026-04-13 16:19:50.583787,0 days 00:00:09.141113,0.0009125058700726181,274,COMPLETE
79,0.7278350515463917,2026-04-13 16:19:50.626015,2026-04-13 16:19:59.658033,0 days 00:00:09.032018,0.0006004297291886548,550,COMPLETE
80,0.7144329896907217,2026-04-13 16:19:59.691406,2026-04-13 16:20:10.100464,0 days 00:00:10.409058,0.0005661523479574036,540,COMPLETE
81,0.7164948453608248,2026-04-13 16:20:10.138414,2026-04-13 16:20:20.683746,0 days 00:00:10.545332,0.0017989471239518346,599,COMPLETE
82,0.7195876288659794,2026-04-13 16:20:20.712814,2026-04-13 16:20:29.308167,0 days 00:00:08.595353,0.00017121407988513615,504,COMPLETE
83,0.7185567010309278,2026-04-13 16:20:29.339069,2026-04-13 16:20:38.926018,0 days 00:00:09.586949,0.0011002636104734342,655,COMPLETE
84,0.7185567010309278,2026-04-13 16:20:38.952213,2026-04-13 16:20:47.973530,0 days 00:00:09.021317,0.0004521656155932127,452,COMPLETE
85,0.7123711340206186,2026-04-13 16:20:48.001552,2026-04-13 16:20:56.926864,0 days 00:00:08.925312,0.0007656061986440965,559,COMPLETE
86,0.7164948453608248,2026-04-13 16:20:56.954111,2026-04-13 16:21:04.456596,0 days 00:00:07.502485,0.00026640596807624714,334,COMPLETE
87,0.7237113402061855,2026-04-13 16:21:04.481958,2026-04-13 16:21:13.090326,0 days 00:00:08.608368,0.0014303882963497834,490,COMPLETE
88,0.711340206185567,2026-04-13 16:21:13.113660,2026-04-13 16:21:21.085689,0 days 00:00:07.972029,0.0032849067445520352,530,COMPLETE
89,0.7195876288659794,2026-04-13 16:21:21.119964,2026-04-13 16:21:29.552419,0 days 00:00:08.432455,0.002020006038699861,482,COMPLETE
90,0.7154639175257732,2026-04-13 16:21:29.576900,2026-04-13 16:21:38.286487,0 days 00:00:08.709587,0.004341093375973118,375,COMPLETE
91,0.7175257731958763,2026-04-13 16:21:38.310625,2026-04-13 16:21:46.150519,0 days 00:00:07.839894,0.0014330176557900923,453,COMPLETE
92,0.7175257731958763,2026-04-13 16:21:46.175728,2026-04-13 16:21:54.215577,0 days 00:00:08.039849,0.0012000760438539856,169,COMPLETE
93,0.7206185567010309,2026-04-13 16:21:54.239834,2026-04-13 16:22:02.967547,0 days 00:00:08.727713,0.0008804209746205159,419,COMPLETE
94,0.7144329896907217,2026-04-13 16:22:02.992015,2026-04-13 16:22:10.230602,0 days 00:00:07.238587,0.0016353682734431912,223,COMPLETE
95,0.7175257731958763,2026-04-13 16:22:10.256872,2026-04-13 16:22:18.883707,0 days 00:00:08.626835,0.002273372811878168,395,COMPLETE
96,0.7185567010309278,2026-04-13 16:22:18.910314,2026-04-13 16:22:25.917377,0 days 00:00:07.007063,9.364446289814782e-05,305,COMPLETE
97,0.7154639175257732,2026-04-13 16:22:25.950952,2026-04-13 16:22:33.713460,0 days 00:00:07.762508,0.0005672838993906662,83,COMPLETE
98,0.7154639175257732,2026-04-13 16:22:33.737916,2026-04-13 16:22:42.162723,0 days 00:00:08.424807,0.0060399430080584635,499,COMPLETE
99,0.7154639175257732,2026-04-13 16:22:42.187607,2026-04-13 16:22:50.119582,0 days 00:00:07.931975,6.516316334831456e-05,681,COMPLETE
100,0.7216494845360825,2026-04-13 16:22:50.145948,2026-04-13 16:22:58.890493,0 days 00:00:08.744545,0.0030774418889192327,518,COMPLETE
101,0.7216494845360825,2026-04-13 16:22:58.915110,2026-04-13 16:23:05.642705,0 days 00:00:06.727595,0.003421411205102311,45,COMPLETE
102,0.7144329896907217,2026-04-13 16:23:05.671970,2026-04-13 16:23:12.868518,0 days 00:00:07.196548,0.002637506231894501,30,COMPLETE
103,0.7195876288659794,2026-04-13 16:23:12.893335,2026-04-13 16:23:20.282670,0 days 00:00:07.389335,0.0010219202605311801,60,COMPLETE
104,0.7206185567010309,2026-04-13 16:23:20.316035,2026-04-13 16:23:27.323755,0 days 00:00:07.007720,0.0018497171663420411,136,COMPLETE
105,0.7164948453608248,2026-04-13 16:23:27.348899,2026-04-13 16:23:35.090725,0 days 00:00:07.741826,0.0024263422039114816,116,COMPLETE
106,0.7154639175257732,2026-04-13 16:23:35.114403,2026-04-13 16:23:41.976498,0 days 00:00:06.862095,0.0013346873992540042,347,COMPLETE
107,0.7134020618556701,2026-04-13 16:23:42.000101,2026-04-13 16:23:50.943788,0 days 00:00:08.943687,0.0047884829959705865,476,COMPLETE
108,0.7144329896907217,2026-04-13 16:23:50.968498,2026-04-13 16:23:59.141351,0 days 00:00:08.172853,0.0007485144226332312,577,COMPLETE
109,0.7268041237113402,2026-04-13 16:23:59.173276,2026-04-13 16:24:06.138918,0 days 00:00:06.965642,0.007922243995018691,74,COMPLETE
110,0.722680412371134,2026-04-13 16:24:06.161487,2026-04-13 16:24:14.054070,0 days 00:00:07.892583,0.007564210123636719,182,COMPLETE
111,0.711340206185567,2026-04-13 16:24:14.077933,2026-04-13 16:24:20.788237,0 days 00:00:06.710304,0.00841789236295646,178,COMPLETE
112,0.722680412371134,2026-04-13 16:24:20.813295,2026-04-13 16:24:28.649987,0 days 00:00:07.836692,0.007232215094940181,88,COMPLETE
113,0.7134020618556701,2026-04-13 16:24:28.676218,2026-04-13 16:24:35.352704,0 days 00:00:06.676486,0.00552003132045849,129,COMPLETE
114,0.7185567010309278,2026-04-13 16:24:35.376800,2026-04-13 16:24:43.348214,0 days 00:00:07.971414,0.00701697286929236,157,COMPLETE
115,0.7144329896907217,2026-04-13 16:24:43.371096,2026-04-13 16:24:49.816611,0 days 00:00:06.445515,0.008078010985722011,92,COMPLETE
116,0.7247422680412371,2026-04-13 16:24:49.841241,2026-04-13 16:24:57.514289,0 days 00:00:07.673048,0.009532780524185793,78,COMPLETE
117,0.7206185567010309,2026-04-13 16:24:57.538281,2026-04-13 16:25:05.431328,0 days 00:00:07.893047,0.009900651123643385,79,COMPLETE
118,0.7206185567010309,2026-04-13 16:25:05.459410,2026-04-13 16:25:13.791373,0 days 00:00:08.331963,0.006353835690309082,629,COMPLETE
119,0.7206185567010309,2026-04-13 16:25:13.813269,2026-04-13 16:25:21.652265,0 days 00:00:07.838996,0.007729586325984951,117,COMPLETE
120,0.722680412371134,2026-04-13 16:25:21.674714,2026-04-13 16:25:28.156780,0 days 00:00:06.482066,0.004435325127596566,107,COMPLETE
121,0.7154639175257732,2026-04-13 16:25:28.181813,2026-04-13 16:25:36.037543,0 days 00:00:07.855730,0.004211076959215526,101,COMPLETE
122,0.7185567010309278,2026-04-13 16:25:36.061176,2026-04-13 16:25:42.630395,0 days 00:00:06.569219,0.004864057107448919,75,COMPLETE
123,0.7175257731958763,2026-04-13 16:25:42.658664,2026-04-13 16:25:51.114178,0 days 00:00:08.455514,0.006755351844760631,137,COMPLETE
124,0.7144329896907217,2026-04-13 16:25:51.141121,2026-04-13 16:25:59.274112,0 days 00:00:08.132991,0.0037649806830302676,153,COMPLETE
125,0.7154639175257732,2026-04-13 16:25:59.299660,2026-04-13 16:26:06.269048,0 days 00:00:06.969388,0.00859915513575386,203,COMPLETE
126,0.7144329896907217,2026-04-13 16:26:06.295941,2026-04-13 16:26:14.090760,0 days 00:00:07.794819,0.005419538893241182,91,COMPLETE
127,0.23917525773195877,2026-04-13 16:26:14.115114,2026-04-13 16:26:20.659781,0 days 00:00:06.544667,1.935197803816748e-06,110,COMPLETE
128,0.7144329896907217,2026-04-13 16:26:20.683580,2026-04-13 16:26:28.574135,0 days 00:00:07.890555,0.00638363897284495,169,COMPLETE
129,0.7175257731958763,2026-04-13 16:26:28.598778,2026-04-13 16:26:35.722947,0 days 00:00:07.124169,0.004479234546514777,129,COMPLETE
130,0.7154639175257732,2026-04-13 16:26:35.751683,2026-04-13 16:26:42.957683,0 days 00:00:07.206000,0.009511932416986849,67,COMPLETE
131,0.7237113402061855,2026-04-13 16:26:42.981712,2026-04-13 16:26:51.361288,0 days 00:00:08.379576,0.0030507529743395625,465,COMPLETE
132,0.722680412371134,2026-04-13 16:26:51.385543,2026-04-13 16:26:58.764256,0 days 00:00:07.378713,0.0030876625521538154,553,COMPLETE
133,0.709278350515464,2026-04-13 16:26:58.787924,2026-04-13 16:27:07.622730,0 days 00:00:08.834806,0.0032140408674882306,605,COMPLETE
134,0.711340206185567,2026-04-13 16:27:07.650896,2026-04-13 16:27:16.011744,0 days 00:00:08.360848,0.003653374661415656,588,COMPLETE
135,0.7195876288659794,2026-04-13 16:27:16.045989,2026-04-13 16:27:23.901445,0 days 00:00:07.855456,0.00269831739593086,538,COMPLETE
136,0.7268041237113402,2026-04-13 16:27:23.927382,2026-04-13 16:27:32.696970,0 days 00:00:08.769588,0.001697521526042511,555,COMPLETE
137,0.7144329896907217,2026-04-13 16:27:32.722955,2026-04-13 16:27:40.386850,0 days 00:00:07.663895,0.002040334887971071,559,COMPLETE
138,0.7175257731958763,2026-04-13 16:27:40.416831,2026-04-13 16:27:48.943979,0 days 00:00:08.527148,0.0016079487699605603,552,COMPLETE
139,0.7195876288659794,2026-04-13 16:27:48.968192,2026-04-13 16:27:56.921061,0 days 00:00:07.952869,0.005618879845719009,45,COMPLETE
140,0.7237113402061855,2026-04-13 16:27:56.945944,2026-04-13 16:28:04.390662,0 days 00:00:07.444718,0.00784105170205835,574,COMPLETE
141,0.7216494845360825,2026-04-13 16:28:04.417695,2026-04-13 16:28:13.233742,0 days 00:00:08.816047,0.007209056668428635,547,COMPLETE
142,0.7206185567010309,2026-04-13 16:28:13.258378,2026-04-13 16:28:21.198025,0 days 00:00:07.939647,0.009951615819465614,518,COMPLETE
143,0.722680412371134,2026-04-13 16:28:21.229123,2026-04-13 16:28:29.400616,0 days 00:00:08.171493,0.004211279058544282,574,COMPLETE
144,0.7103092783505155,2026-04-13 16:28:29.423948,2026-04-13 16:28:37.844836,0 days 00:00:08.420888,0.007754017324490491,465,COMPLETE
145,0.7185567010309278,2026-04-13 16:28:37.869266,2026-04-13 16:28:45.070743,0 days 00:00:07.201477,0.0028850911678887166,523,COMPLETE
146,0.7164948453608248,2026-04-13 16:28:45.095896,2026-04-13 16:28:53.696257,0 days 00:00:08.600361,0.005086241303805439,623,COMPLETE
147,0.7237113402061855,2026-04-13 16:28:53.722054,2026-04-13 16:29:02.409603,0 days 00:00:08.687549,0.0021994721779373906,656,COMPLETE
148,0.7185567010309278,2026-04-13 16:29:02.436940,2026-04-13 16:29:10.380098,0 days 00:00:07.943158,0.0024127719909860495,658,COMPLETE
149,0.7103092783505155,2026-04-13 16:29:10.403030,2026-04-13 16:29:19.456372,0 days 00:00:09.053342,0.0018632121556680648,723,COMPLETE
150,0.7164948453608248,2026-04-13 16:29:19.480483,2026-04-13 16:29:28.303587,0 days 00:00:08.823104,0.006472365389403295,694,COMPLETE
151,0.711340206185567,2026-04-13 16:29:28.331786,2026-04-13 16:29:36.169572,0 days 00:00:07.837786,0.0036299574569877446,671,COMPLETE
152,0.7154639175257732,2026-04-13 16:29:36.194424,2026-04-13 16:29:44.872382,0 days 00:00:08.677958,0.0024609526868216076,639,COMPLETE
153,0.7216494845360825,2026-04-13 16:29:44.897055,2026-04-13 16:29:52.706714,0 days 00:00:07.809659,0.0014717920814968418,600,COMPLETE
154,0.7082474226804124,2026-04-13 16:29:52.745865,2026-04-13 16:30:01.325024,0 days 00:00:08.579159,0.003196758532608688,589,COMPLETE
155,0.7206185567010309,2026-04-13 16:30:01.350818,2026-04-13 16:30:10.308919,0 days 00:00:08.958101,0.00216614468676672,490,COMPLETE
156,0.7144329896907217,2026-04-13 16:30:10.335035,2026-04-13 16:30:18.137118,0 days 00:00:07.802083,0.007880098253159147,569,COMPLETE
157,0.7134020618556701,2026-04-13 16:30:18.170025,2026-04-13 16:30:26.187869,0 days 00:00:08.017844,0.004699338064295694,434,COMPLETE
158,0.7154639175257732,2026-04-13 16:30:26.214443,2026-04-13 16:30:35.221328,0 days 00:00:09.006885,0.0011257270189273607,654,COMPLETE
159,0.7154639175257732,2026-04-13 16:30:35.246040,2026-04-13 16:30:42.707647,0 days 00:00:07.461607,0.0017234052850047107,534,COMPLETE
160,0.7247422680412371,2026-04-13 16:30:42.731861,2026-04-13 16:30:51.041952,0 days 00:00:08.310091,0.00407839688535943,498,COMPLETE
161,0.7185567010309278,2026-04-13 16:30:51.067825,2026-04-13 16:30:58.931777,0 days 00:00:07.863952,0.006229800227394223,505,COMPLETE
162,0.7164948453608248,2026-04-13 16:30:58.967447,2026-04-13 16:31:06.790472,0 days 00:00:07.823025,0.0037173078795123887,485,COMPLETE
163,0.7195876288659794,2026-04-13 16:31:06.813582,2026-04-13 16:31:15.251778,0 days 00:00:08.438196,0.0028883256310849727,469,COMPLETE
164,0.7123711340206186,2026-04-13 16:31:15.278840,2026-04-13 16:31:22.596933,0 days 00:00:07.318093,0.005461174147969873,505,COMPLETE
165,0.7154639175257732,2026-04-13 16:31:22.619836,2026-04-13 16:31:31.075137,0 days 00:00:08.455301,0.0040496829905445385,547,COMPLETE
166,0.7154639175257732,2026-04-13 16:31:31.099018,2026-04-13 16:31:39.825216,0 days 00:00:08.726198,0.008429236431398784,613,COMPLETE
167,0.7154639175257732,2026-04-13 16:31:39.850335,2026-04-13 16:31:46.313669,0 days 00:00:06.463334,0.0019832597546174504,90,COMPLETE
168,0.7123711340206186,2026-04-13 16:31:46.340842,2026-04-13 16:31:54.440039,0 days 00:00:08.099197,0.002364987604369004,252,COMPLETE
169,0.7185567010309278,2026-04-13 16:31:54.464608,2026-04-13 16:32:01.484892,0 days 00:00:07.020284,0.0014251222120878607,72,COMPLETE
170,0.7206185567010309,2026-04-13 16:32:01.512347,2026-04-13 16:32:10.926383,0 days 00:00:09.414036,0.003035660887684342,695,COMPLETE
171,0.7247422680412371,2026-04-13 16:32:10.950910,2026-04-13 16:32:20.324276,0 days 00:00:09.373366,0.004106033876251827,574,COMPLETE
172,0.7175257731958763,2026-04-13 16:32:20.352446,2026-04-13 16:32:28.352065,0 days 00:00:07.999619,3.452012345917979e-05,558,COMPLETE
173,0.7175257731958763,2026-04-13 16:32:28.378911,2026-04-13 16:32:37.530442,0 days 00:00:09.151531,0.0047604065869844515,532,COMPLETE
174,0.7185567010309278,2026-04-13 16:32:37.556167,2026-04-13 16:32:46.848465,0 days 00:00:09.292298,0.007186505209977116,582,COMPLETE
175,0.7041237113402062,2026-04-13 16:32:46.877388,2026-04-13 16:32:54.470411,0 days 00:00:07.593023,0.00995821870720383,519,COMPLETE
176,0.7154639175257732,2026-04-13 16:32:54.496064,2026-04-13 16:33:03.302674,0 days 00:00:08.806610,0.005762511936240954,558,COMPLETE
177,0.7144329896907217,2026-04-13 16:33:03.328327,2026-04-13 16:33:11.456083,0 days 00:00:08.127756,0.003986780527763839,217,COMPLETE
178,0.7216494845360825,2026-04-13 16:33:11.489132,2026-04-13 16:33:18.357388,0 days 00:00:06.868256,0.003387674641110617,107,COMPLETE
179,0.7185567010309278,2026-04-13 16:33:18.381663,2026-04-13 16:33:27.243901,0 days 00:00:08.862238,0.002502148849724166,592,COMPLETE
180,0.7195876288659794,2026-04-13 16:33:27.268205,2026-04-13 16:33:35.091505,0 days 00:00:07.823300,0.001665646535973979,415,COMPLETE
181,0.7195876288659794,2026-04-13 16:33:35.121770,2026-04-13 16:33:43.551527,0 days 00:00:08.429757,0.004391689386100866,571,COMPLETE
182,0.7164948453608248,2026-04-13 16:33:43.578097,2026-04-13 16:33:52.367623,0 days 00:00:08.789526,0.004404296520901435,576,COMPLETE
183,0.7134020618556701,2026-04-13 16:33:52.396287,2026-04-13 16:34:00.206042,0 days 00:00:07.809755,0.006586128085883444,613,COMPLETE
184,0.7216494845360825,2026-04-13 16:34:00.233804,2026-04-13 16:34:09.483681,0 days 00:00:09.249877,0.002972272794025357,572,COMPLETE
185,0.7134020618556701,2026-04-13 16:34:09.509813,2026-04-13 16:34:17.826104,0 days 00:00:08.316291,0.005619246579571649,52,COMPLETE
186,0.7144329896907217,2026-04-13 16:34:17.855255,2026-04-13 16:34:26.462190,0 days 00:00:08.606935,0.0020951634123699985,550,COMPLETE
187,0.7206185567010309,2026-04-13 16:34:26.489998,2026-04-13 16:34:36.081039,0 days 00:00:09.591041,0.008172217440858198,442,COMPLETE
188,0.7103092783505155,2026-04-13 16:34:36.108909,2026-04-13 16:34:45.437712,0 days 00:00:09.328803,0.0012165016558548598,642,COMPLETE
189,0.7154639175257732,2026-04-13 16:34:45.462870,2026-04-13 16:34:52.232026,0 days 00:00:06.769156,0.004841347039720252,80,COMPLETE
190,0.7195876288659794,2026-04-13 16:34:52.256328,2026-04-13 16:35:02.173340,0 days 00:00:09.917012,0.00014106371222124173,669,COMPLETE
191,0.7237113402061855,2026-04-13 16:35:02.205592,2026-04-13 16:35:11.468209,0 days 00:00:09.262617,0.0017536035314747113,365,COMPLETE
192,0.7185567010309278,2026-04-13 16:35:11.493876,2026-04-13 16:35:19.012044,0 days 00:00:07.518168,1.460889259912132e-05,230,COMPLETE
193,0.7144329896907217,2026-04-13 16:35:19.038638,2026-04-13 16:35:27.607707,0 days 00:00:08.569069,0.0018214335844519954,389,COMPLETE
194,0.711340206185567,2026-04-13 16:35:27.633051,2026-04-13 16:35:36.700653,0 days 00:00:09.067602,0.002652223383611785,541,COMPLETE
195,0.7185567010309278,2026-04-13 16:35:36.724952,2026-04-13 16:35:43.970497,0 days 00:00:07.245545,0.0036361791554666185,317,COMPLETE
196,0.7175257731958763,2026-04-13 16:35:43.995846,2026-04-13 16:35:52.284198,0 days 00:00:08.288352,0.0014871993590299538,362,COMPLETE
197,0.7123711340206186,2026-04-13 16:35:52.309483,2026-04-13 16:35:59.758085,0 days 00:00:07.448602,0.0018875946930562324,188,COMPLETE
198,0.7164948453608248,2026-04-13 16:35:59.791293,2026-04-13 16:36:07.249216,0 days 00:00:07.457923,0.0022591183202725715,97,COMPLETE
199,0.7206185567010309,2026-04-13 16:36:07.275256,2026-04-13 16:36:15.404661,0 days 00:00:08.129405,0.007226953394984902,276,COMPLETE
200,0.7144329896907217,2026-04-13 16:36:15.428285,2026-04-13 16:36:22.167113,0 days 00:00:06.738828,0.003137044523399489,116,COMPLETE
201,0.7164948453608248,2026-04-13 16:36:22.193774,2026-04-13 16:36:30.484906,0 days 00:00:08.291132,0.0009830435665662113,333,COMPLETE
202,0.7216494845360825,2026-04-13 16:36:30.510087,2026-04-13 16:36:37.743860,0 days 00:00:07.233773,0.0013468026436550082,368,COMPLETE
203,0.7185567010309278,2026-04-13 16:36:37.769248,2026-04-13 16:36:46.987180,0 days 00:00:09.217932,0.0016230733417850938,710,COMPLETE
204,0.7257731958762886,2026-04-13 16:36:47.014350,2026-04-13 16:36:55.382628,0 days 00:00:08.368278,0.001131419655704895,292,COMPLETE
205,0.7154639175257732,2026-04-13 16:36:55.408677,2026-04-13 16:37:02.936805,0 days 00:00:07.528128,0.0011302382915467431,301,COMPLETE
206,0.7268041237113402,2026-04-13 16:37:02.962918,2026-04-13 16:37:11.908343,0 days 00:00:08.945425,0.0022097222650283546,518,COMPLETE
207,0.7154639175257732,2026-04-13 16:37:11.934322,2026-04-13 16:37:20.596046,0 days 00:00:08.661724,0.002038949492701657,514,COMPLETE
208,0.7175257731958763,2026-04-13 16:37:20.622069,2026-04-13 16:37:27.582316,0 days 00:00:06.960247,0.0024856983385840277,290,COMPLETE
209,0.7144329896907217,2026-04-13 16:37:27.607492,2026-04-13 16:37:36.385310,0 days 00:00:08.777818,0.0015881982921633413,478,COMPLETE
210,0.7268041237113402,2026-04-13 16:37:36.409784,2026-04-13 16:37:44.047741,0 days 00:00:07.637957,0.0010183723178687383,495,COMPLETE
211,0.7154639175257732,2026-04-13 16:37:44.076113,2026-04-13 16:37:52.370861,0 days 00:00:08.294748,0.001287746216672925,495,COMPLETE
212,0.7175257731958763,2026-04-13 16:37:52.398616,2026-04-13 16:38:01.074902,0 days 00:00:08.676286,0.0007841184221429912,500,COMPLETE
213,0.7175257731958763,2026-04-13 16:38:01.100021,2026-04-13 16:38:09.209245,0 days 00:00:08.109224,0.0009246384883774,521,COMPLETE
214,0.7144329896907217,2026-04-13 16:38:09.239436,2026-04-13 16:38:17.606457,0 days 00:00:08.367021,0.0010719561437903986,344,COMPLETE
215,0.7164948453608248,2026-04-13 16:38:17.636121,2026-04-13 16:38:26.100405,0 days 00:00:08.464284,0.0012971611302182331,462,COMPLETE
216,0.7164948453608248,2026-04-13 16:38:26.130485,2026-04-13 16:38:32.863751,0 days 00:00:06.733266,0.0016645617655386008,258,COMPLETE
217,0.7164948453608248,2026-04-13 16:38:32.888289,2026-04-13 16:38:41.319564,0 days 00:00:08.431275,0.00207216272485185,486,COMPLETE
218,0.7206185567010309,2026-04-13 16:38:41.344537,2026-04-13 16:38:47.594205,0 days 00:00:06.249668,0.008626148999932718,65,COMPLETE
219,0.722680412371134,2026-04-13 16:38:47.617590,2026-04-13 16:38:55.965377,0 days 00:00:08.347787,0.0023325450791473667,528,COMPLETE
220,0.7185567010309278,2026-04-13 16:38:55.990082,2026-04-13 16:39:03.949969,0 days 00:00:07.959887,0.0008825419957231398,507,COMPLETE
221,0.7268041237113402,2026-04-13 16:39:03.980188,2026-04-13 16:39:12.079859,0 days 00:00:08.099671,0.0029607626980358314,562,COMPLETE
222,0.7216494845360825,2026-04-13 16:39:12.105117,2026-04-13 16:39:20.711969,0 days 00:00:08.606852,0.003361401257924299,558,COMPLETE
223,0.7154639175257732,2026-04-13 16:39:20.736225,2026-04-13 16:39:27.814181,0 days 00:00:07.077956,0.0026830097531345587,544,COMPLETE
224,0.7216494845360825,2026-04-13 16:39:27.847014,2026-04-13 16:39:36.231306,0 days 00:00:08.384292,0.0018525084483342602,534,COMPLETE
225,0.7144329896907217,2026-04-13 16:39:36.256627,2026-04-13 16:39:44.674648,0 days 00:00:08.418021,0.009987309901668125,560,COMPLETE
226,0.7164948453608248,2026-04-13 16:39:44.704514,2026-04-13 16:39:51.037669,0 days 00:00:06.333155,0.00305038285169038,82,COMPLETE
227,0.7257731958762886,2026-04-13 16:39:51.061460,2026-04-13 16:39:59.433641,0 days 00:00:08.372181,0.0012994832004911512,474,COMPLETE
228,0.7268041237113402,2026-04-13 16:39:59.462807,2026-04-13 16:40:06.986030,0 days 00:00:07.523223,0.0013550995651139591,472,COMPLETE
229,0.7144329896907217,2026-04-13 16:40:07.012418,2026-04-13 16:40:15.277922,0 days 00:00:08.265504,0.0011356307979589057,472,COMPLETE
230,0.7175257731958763,2026-04-13 16:40:15.302780,2026-04-13 16:40:23.561795,0 days 00:00:08.259015,0.001436266457876795,453,COMPLETE
231,0.7144329896907217,2026-04-13 16:40:23.601217,2026-04-13 16:40:30.958036,0 days 00:00:07.356819,0.0012659352135302264,484,COMPLETE
232,0.7123711340206186,2026-04-13 16:40:30.981551,2026-04-13 16:40:39.618375,0 days 00:00:08.636824,0.0015212221166099277,496,COMPLETE
233,0.7144329896907217,2026-04-13 16:40:39.642861,2026-04-13 16:40:46.835973,0 days 00:00:07.193112,0.001048568870554958,462,COMPLETE
234,0.7206185567010309,2026-04-13 16:40:46.861848,2026-04-13 16:40:55.054550,0 days 00:00:08.192702,0.0017338855041576326,442,COMPLETE
235,0.711340206185567,2026-04-13 16:40:55.081096,2026-04-13 16:41:03.624654,0 days 00:00:08.543558,0.0006239957339436626,513,COMPLETE
236,0.7144329896907217,2026-04-13 16:41:03.649693,2026-04-13 16:41:10.948560,0 days 00:00:07.298867,0.0013683491833468373,477,COMPLETE
237,0.7134020618556701,2026-04-13 16:41:10.974364,2026-04-13 16:41:18.693037,0 days 00:00:07.718673,0.0022518115777488026,102,COMPLETE
238,0.7195876288659794,2026-04-13 16:41:18.717506,2026-04-13 16:41:26.230045,0 days 00:00:07.512539,0.0068293979201596335,407,COMPLETE
239,0.7206185567010309,2026-04-13 16:41:26.257183,2026-04-13 16:41:34.990982,0 days 00:00:08.733799,0.0020096479587646235,492,COMPLETE
240,0.7164948453608248,2026-04-13 16:41:35.017597,2026-04-13 16:41:43.702222,0 days 00:00:08.684625,0.0016358132141044775,475,COMPLETE
241,0.7185567010309278,2026-04-13 16:41:43.727630,2026-04-13 16:41:51.594136,0 days 00:00:07.866506,0.0027111443255164683,587,COMPLETE
242,0.7144329896907217,2026-04-13 16:41:51.619450,2026-04-13 16:42:00.275097,0 days 00:00:08.655647,0.003970636805720332,544,COMPLETE
243,0.7164948453608248,2026-04-13 16:42:00.300850,2026-04-13 16:42:09.393944,0 days 00:00:09.093094,0.0018565345420423754,526,COMPLETE
244,0.7195876288659794,2026-04-13 16:42:09.421539,2026-04-13 16:42:16.376606,0 days 00:00:06.955067,0.008356158192699699,204,COMPLETE
245,0.7206185567010309,2026-04-13 16:42:16.401711,2026-04-13 16:42:25.073295,0 days 00:00:08.671584,0.0012153651263870618,566,COMPLETE
246,0.7216494845360825,2026-04-13 16:42:25.097430,2026-04-13 16:42:31.605130,0 days 00:00:06.507700,0.005726786001196926,143,COMPLETE
247,0.7164948453608248,2026-04-13 16:42:31.629748,2026-04-13 16:42:40.698113,0 days 00:00:09.068365,0.0009927483332548466,682,COMPLETE
248,0.7144329896907217,2026-04-13 16:42:40.721776,2026-04-13 16:42:49.050725,0 days 00:00:08.328949,0.002831391769408933,511,COMPLETE
249,0.7216494845360825,2026-04-13 16:42:49.076099,2026-04-13 16:42:55.420807,0 days 00:00:06.344708,0.0014894123383067228,85,COMPLETE
250,0.7216494845360825,2026-04-13 16:42:55.445532,2026-04-13 16:43:03.121659,0 days 00:00:07.676127,0.0023042574774606423,58,COMPLETE
251,0.7154639175257732,2026-04-13 16:43:03.148881,2026-04-13 16:43:09.623623,0 days 00:00:06.474742,0.003492392013492516,120,COMPLETE
252,0.7164948453608248,2026-04-13 16:43:09.652734,2026-04-13 16:43:17.665344,0 days 00:00:08.012610,0.004727356562476116,315,COMPLETE
253,0.7134020618556701,2026-04-13 16:43:17.690478,2026-04-13 16:43:25.256998,0 days 00:00:07.566520,0.007438158190476469,598,COMPLETE
254,0.7185567010309278,2026-04-13 16:43:25.287957,2026-04-13 16:43:33.364245,0 days 00:00:08.076288,0.00183713362822245,496,COMPLETE
255,0.7185567010309278,2026-04-13 16:43:33.388565,2026-04-13 16:43:41.673903,0 days 00:00:08.285338,0.0003274940320196835,454,COMPLETE
256,0.7175257731958763,2026-04-13 16:43:41.698567,2026-04-13 16:43:49.000875,0 days 00:00:07.302308,0.0022137644039626424,576,COMPLETE
257,0.7216494845360825,2026-04-13 16:43:49.028283,2026-04-13 16:43:57.508178,0 days 00:00:08.479895,0.006082105626223479,552,COMPLETE
258,0.7268041237113402,2026-04-13 16:43:57.532625,2026-04-13 16:44:04.230402,0 days 00:00:06.697777,0.0037746373676847806,240,COMPLETE
259,0.7216494845360825,2026-04-13 16:44:04.259857,2026-04-13 16:44:12.246846,0 days 00:00:07.986989,0.0008162846865011982,274,COMPLETE
260,0.7247422680412371,2026-04-13 16:44:12.273104,2026-04-13 16:44:20.353080,0 days 00:00:08.079976,0.004064623334778501,215,COMPLETE
261,0.7164948453608248,2026-04-13 16:44:20.378582,2026-04-13 16:44:27.108137,0 days 00:00:06.729555,0.0011580676474792135,225,COMPLETE
262,0.7185567010309278,2026-04-13 16:44:27.132057,2026-04-13 16:44:34.939916,0 days 00:00:07.807859,0.0036724593591766514,208,COMPLETE
263,0.7206185567010309,2026-04-13 16:44:34.964618,2026-04-13 16:44:41.310270,0 days 00:00:06.345652,0.009996706472003816,188,COMPLETE
264,0.7185567010309278,2026-04-13 16:44:41.334536,2026-04-13 16:44:48.968830,0 days 00:00:07.634294,0.0014358983631148788,228,COMPLETE
265,0.7206185567010309,2026-04-13 16:44:48.991683,2026-04-13 16:44:55.533878,0 days 00:00:06.542195,0.0027820769753819524,247,COMPLETE
266,0.7164948453608248,2026-04-13 16:44:55.559041,2026-04-13 16:45:03.768567,0 days 00:00:08.209526,0.0017400428804165058,239,COMPLETE
267,0.7175257731958763,2026-04-13 16:45:03.794568,2026-04-13 16:45:11.579902,0 days 00:00:07.785334,0.005251943801985627,215,COMPLETE
268,0.7164948453608248,2026-04-13 16:45:11.614221,2026-04-13 16:45:19.185095,0 days 00:00:07.570874,0.007563389439318738,381,COMPLETE
269,0.7175257731958763,2026-04-13 16:45:19.210437,2026-04-13 16:45:27.178646,0 days 00:00:07.968209,0.004043168928156609,194,COMPLETE
270,0.7216494845360825,2026-04-13 16:45:27.203673,2026-04-13 16:45:33.814496,0 days 00:00:06.610823,0.0012656824146013246,240,COMPLETE
271,0.7154639175257732,2026-04-13 16:45:33.839094,2026-04-13 16:45:41.391753,0 days 00:00:07.552659,0.0009355321667499385,30,COMPLETE
272,0.7010309278350515,2026-04-13 16:45:41.417246,2026-04-13 16:45:48.301880,0 days 00:00:06.884634,3.9828197426082e-06,258,COMPLETE
273,0.7154639175257732,2026-04-13 16:45:48.326326,2026-04-13 16:45:56.334096,0 days 00:00:08.007770,0.002127610368426037,176,COMPLETE
274,0.7216494845360825,2026-04-13 16:45:56.361114,2026-04-13 16:46:04.379511,0 days 00:00:08.018397,0.002502396487790777,291,COMPLETE
275,0.7175257731958763,2026-04-13 16:46:04.409993,2026-04-13 16:46:12.640719,0 days 00:00:08.230726,0.0015573523268538334,470,COMPLETE
276,0.7185567010309278,2026-04-13 16:46:12.669894,2026-04-13 16:46:20.737862,0 days 00:00:08.067968,7.90535586332436e-05,211,COMPLETE
277,0.7154639175257732,2026-04-13 16:46:20.764469,2026-04-13 16:46:27.892964,0 days 00:00:07.128495,0.003274621575259955,432,COMPLETE
278,0.7154639175257732,2026-04-13 16:46:27.918874,2026-04-13 16:46:37.192187,0 days 00:00:09.273313,0.0064010924021769494,661,COMPLETE
279,0.7123711340206186,2026-04-13 16:46:37.219804,2026-04-13 16:46:45.732032,0 days 00:00:08.512228,0.001970921049146217,488,COMPLETE
280,0.7206185567010309,2026-04-13 16:46:45.759401,2026-04-13 16:46:52.993233,0 days 00:00:07.233832,0.00495749807545188,512,COMPLETE
281,0.7185567010309278,2026-04-13 16:46:53.022667,2026-04-13 16:47:00.899979,0 days 00:00:07.877312,0.0010894125598578718,160,COMPLETE
282,0.7154639175257732,2026-04-13 16:47:00.928648,2026-04-13 16:47:08.178126,0 days 00:00:07.249478,0.0006864726250999157,198,COMPLETE
283,0.7072164948453609,2026-04-13 16:47:08.211753,2026-04-13 16:47:17.145349,0 days 00:00:08.933596,0.001405745240699067,641,COMPLETE
284,0.7195876288659794,2026-04-13 16:47:17.169237,2026-04-13 16:47:26.408401,0 days 00:00:09.239164,0.00843997205151882,681,COMPLETE
285,0.709278350515464,2026-04-13 16:47:26.433842,2026-04-13 16:47:34.077626,0 days 00:00:07.643784,0.002688158440241269,499,COMPLETE
286,0.7154639175257732,2026-04-13 16:47:34.106441,2026-04-13 16:47:42.624836,0 days 00:00:08.518395,0.003864528519413308,531,COMPLETE
287,0.7288659793814433,2026-04-13 16:47:42.649892,2026-04-13 16:47:50.804301,0 days 00:00:08.154409,0.001635590306154849,329,COMPLETE
288,0.7206185567010309,2026-04-13 16:47:50.834642,2026-04-13 16:47:58.101109,0 days 00:00:07.266467,0.0017033135992754788,340,COMPLETE
289,0.7154639175257732,2026-04-13 16:47:58.126670,2026-04-13 16:48:06.878487,0 days 00:00:08.751817,0.001354708140724607,354,COMPLETE
290,0.7175257731958763,2026-04-13 16:48:06.907033,2026-04-13 16:48:14.807854,0 days 00:00:07.900821,0.0022165296477939527,331,COMPLETE
291,0.7051546391752578,2026-04-13 16:48:14.834540,2026-04-13 16:48:22.366808,0 days 00:00:07.532268,0.0017885967375681094,269,COMPLETE
292,0.7216494845360825,2026-04-13 16:48:22.389705,2026-04-13 16:48:30.567763,0 days 00:00:08.178058,0.0010124374641805754,311,COMPLETE
293,0.7164948453608248,2026-04-13 16:48:30.593213,2026-04-13 16:48:37.543069,0 days 00:00:06.949856,0.0015397352574417912,320,COMPLETE
294,0.7206185567010309,2026-04-13 16:48:37.568677,2026-04-13 16:48:45.286136,0 days 00:00:07.717459,0.003177793025110268,180,COMPLETE
295,0.7185567010309278,2026-04-13 16:48:45.311067,2026-04-13 16:48:52.587908,0 days 00:00:07.276841,0.0012641697749463943,467,COMPLETE
296,0.7185567010309278,2026-04-13 16:48:52.611604,2026-04-13 16:49:00.850866,0 days 00:00:08.239262,0.002383320388667175,371,COMPLETE
297,0.7144329896907217,2026-04-13 16:49:00.880220,2026-04-13 16:49:09.686413,0 days 00:00:08.806193,0.001980409047255802,481,COMPLETE
298,0.7257731958762886,2026-04-13 16:49:09.714623,2026-04-13 16:49:17.556214,0 days 00:00:07.841591,0.0008697114477777385,698,COMPLETE
299,0.7123711340206186,2026-04-13 16:49:17.580891,2026-04-13 16:49:26.369857,0 days 00:00:08.788966,0.0008607557535650486,703,COMPLETE
300,0.7123711340206186,2026-04-13 16:49:26.395256,2026-04-13 16:49:35.210111,0 days 00:00:08.814855,0.0009595943250254079,618,COMPLETE
301,0.7195876288659794,2026-04-13 16:49:35.243034,2026-04-13 16:49:43.379073,0 days 00:00:08.136039,0.0011664467245689066,724,COMPLETE
302,0.7216494845360825,2026-04-13 16:49:43.404642,2026-04-13 16:49:52.387305,0 days 00:00:08.982663,0.0008038409892085295,690,COMPLETE
303,0.7185567010309278,2026-04-13 16:49:52.410695,2026-04-13 16:50:00.809546,0 days 00:00:08.398851,0.000686337996284332,675,COMPLETE
304,0.7175257731958763,2026-04-13 16:50:00.843963,2026-04-13 16:50:09.563591,0 days 00:00:08.719628,0.0011587497635034256,708,COMPLETE
305,0.7154639175257732,2026-04-13 16:50:09.588692,2026-04-13 16:50:18.063267,0 days 00:00:08.474575,0.0005046320220796892,306,COMPLETE
306,0.7175257731958763,2026-04-13 16:50:18.089248,2026-04-13 16:50:25.359188,0 days 00:00:07.269940,4.447829249008985e-05,347,COMPLETE
307,0.7175257731958763,2026-04-13 16:50:25.398476,2026-04-13 16:50:33.834229,0 days 00:00:08.435753,0.00023965678876665172,522,COMPLETE
308,0.7216494845360825,2026-04-13 16:50:33.860281,2026-04-13 16:50:42.303177,0 days 00:00:08.442896,0.0014355246931971122,358,COMPLETE
309,0.7164948453608248,2026-04-13 16:50:42.327989,2026-04-13 16:50:48.542194,0 days 00:00:06.214205,0.0029208228066686646,18,COMPLETE
310,0.7237113402061855,2026-04-13 16:50:48.568277,2026-04-13 16:50:57.261081,0 days 00:00:08.692804,0.0017101668782843354,565,COMPLETE
311,0.6907216494845361,2026-04-13 16:50:57.287855,2026-04-13 16:51:05.521817,0 days 00:00:08.233962,1.134042201611268e-06,582,COMPLETE
312,0.7175257731958763,2026-04-13 16:51:05.554604,2026-04-13 16:51:13.731299,0 days 00:00:08.176695,0.001832146742419618,573,COMPLETE
313,0.7247422680412371,2026-04-13 16:51:13.757406,2026-04-13 16:51:22.495537,0 days 00:00:08.738131,0.0024971537595488156,565,COMPLETE
314,0.7206185567010309,2026-04-13 16:51:22.520442,2026-04-13 16:51:30.638244,0 days 00:00:08.117802,0.002388809261352281,565,COMPLETE
315,0.7123711340206186,2026-04-13 16:51:30.675601,2026-04-13 16:51:39.403740,0 days 00:00:08.728139,0.0032806878784599194,588,COMPLETE
316,0.7195876288659794,2026-04-13 16:51:39.440595,2026-04-13 16:51:48.192971,0 days 00:00:08.752376,0.002524076886873545,604,COMPLETE
317,0.7185567010309278,2026-04-13 16:51:48.220717,2026-04-13 16:51:55.873712,0 days 00:00:07.652995,0.0038748844631458284,538,COMPLETE
318,0.7195876288659794,2026-04-13 16:51:55.899685,2026-04-13 16:52:05.238491,0 days 00:00:09.338806,0.0021724809577131584,557,COMPLETE
319,0.7195876288659794,2026-04-13 16:52:05.267381,2026-04-13 16:52:14.828244,0 days 00:00:09.560863,0.0032378210054443534,565,COMPLETE
320,0.7216494845360825,2026-04-13 16:52:14.855541,2026-04-13 16:52:22.272882,0 days 00:00:07.417341,0.0027443704766252374,545,COMPLETE
321,0.7164948453608248,2026-04-13 16:52:22.300063,2026-04-13 16:52:31.100316,0 days 00:00:08.800253,0.0019211951823737143,654,COMPLETE
322,0.7185567010309278,2026-04-13 16:52:31.125231,2026-04-13 16:52:39.924740,0 days 00:00:08.799509,0.0017193690665288578,501,COMPLETE
323,0.7164948453608248,2026-04-13 16:52:39.953062,2026-04-13 16:52:47.390928,0 days 00:00:07.437866,0.004252356579592222,548,COMPLETE
324,0.722680412371134,2026-04-13 16:52:47.415605,2026-04-13 16:52:55.479232,0 days 00:00:08.063627,0.0024662626013757156,331,COMPLETE
325,0.7216494845360825,2026-04-13 16:52:55.503471,2026-04-13 16:53:03.273899,0 days 00:00:07.770428,0.0015480917226614488,449,COMPLETE
326,0.7123711340206186,2026-04-13 16:53:03.303878,2026-04-13 16:53:11.497952,0 days 00:00:08.194074,0.002070041317567283,593,COMPLETE
327,0.7144329896907217,2026-04-13 16:53:11.523772,2026-04-13 16:53:20.462742,0 days 00:00:08.938970,0.0028460455853887823,692,COMPLETE
328,0.7185567010309278,2026-04-13 16:53:20.487957,2026-04-13 16:53:28.697357,0 days 00:00:08.209400,0.0037379500378405227,573,COMPLETE
329,0.7175257731958763,2026-04-13 16:53:28.724734,2026-04-13 16:53:36.862673,0 days 00:00:08.137939,0.0013506856785849904,288,COMPLETE
330,0.722680412371134,2026-04-13 16:53:36.893440,2026-04-13 16:53:45.674675,0 days 00:00:08.781235,0.004952854537741924,522,COMPLETE
331,0.7123711340206186,2026-04-13 16:53:45.702443,2026-04-13 16:53:52.809927,0 days 00:00:07.107484,0.0008866094499808504,460,COMPLETE
332,0.7144329896907217,2026-04-13 16:53:52.836099,2026-04-13 16:54:01.192081,0 days 00:00:08.355982,0.001970971031897609,482,COMPLETE
333,0.7123711340206186,2026-04-13 16:54:01.218855,2026-04-13 16:54:09.171231,0 days 00:00:07.952376,0.0010938612577711432,398,COMPLETE
334,0.7175257731958763,2026-04-13 16:54:09.204655,2026-04-13 16:54:17.185724,0 days 00:00:07.981069,0.0016619082773897508,509,COMPLETE
335,0.7154639175257732,2026-04-13 16:54:17.213506,2026-04-13 16:54:25.890042,0 days 00:00:08.676536,0.003271942726322931,537,COMPLETE
336,0.7247422680412371,2026-04-13 16:54:25.915002,2026-04-13 16:54:33.436059,0 days 00:00:07.521057,0.0023981875414090924,422,COMPLETE
337,0.7237113402061855,2026-04-13 16:54:33.460989,2026-04-13 16:54:41.877904,0 days 00:00:08.416915,0.0027023498506198607,432,COMPLETE
338,0.7247422680412371,2026-04-13 16:54:41.902494,2026-04-13 16:54:50.129837,0 days 00:00:08.227343,0.002405284858481406,418,COMPLETE
339,0.7164948453608248,2026-04-13 16:54:50.156265,2026-04-13 16:54:57.245627,0 days 00:00:07.089362,0.0035086280218138725,389,COMPLETE
340,0.7216494845360825,2026-04-13 16:54:57.271065,2026-04-13 16:55:05.927844,0 days 00:00:08.656779,0.0023460652791897126,423,COMPLETE
341,0.7164948453608248,2026-04-13 16:55:05.956086,2026-04-13 16:55:13.571609,0 days 00:00:07.615523,0.002885256634443023,414,COMPLETE
342,0.7216494845360825,2026-04-13 16:55:13.597584,2026-04-13 16:55:21.709522,0 days 00:00:08.111938,0.00434029441994604,491,COMPLETE
343,0.7206185567010309,2026-04-13 16:55:21.735536,2026-04-13 16:55:30.091021,0 days 00:00:08.355485,0.002463120182968891,455,COMPLETE
344,0.7185567010309278,2026-04-13 16:55:30.115072,2026-04-13 16:55:37.337797,0 days 00:00:07.222725,0.0037425242548145697,446,COMPLETE
345,0.711340206185567,2026-04-13 16:55:37.363969,2026-04-13 16:55:45.555121,0 days 00:00:08.191152,0.0032215586331866054,472,COMPLETE
346,0.7237113402061855,2026-04-13 16:55:45.580960,2026-04-13 16:55:53.135192,0 days 00:00:07.554232,0.0006051335593641139,491,COMPLETE
347,0.7206185567010309,2026-04-13 16:55:53.164223,2026-04-13 16:56:01.132360,0 days 00:00:07.968137,0.0023436644618278447,505,COMPLETE
348,0.7164948453608248,2026-04-13 16:56:01.157596,2026-04-13 16:56:09.865366,0 days 00:00:08.707770,0.004409667256783467,631,COMPLETE
349,0.7144329896907217,2026-04-13 16:56:09.897414,2026-04-13 16:56:16.975284,0 days 00:00:07.077870,0.00011622108258056286,471,COMPLETE
350,0.7175257731958763,2026-04-13 16:56:16.999615,2026-04-13 16:56:24.995550,0 days 00:00:07.995935,0.0053497312346340005,426,COMPLETE
351,0.7185567010309278,2026-04-13 16:56:25.021196,2026-04-13 16:56:32.989433,0 days 00:00:07.968237,6.951857241970016e-06,515,COMPLETE
352,0.7082474226804124,2026-04-13 16:56:33.023081,2026-04-13 16:56:40.482109,0 days 00:00:07.459028,0.002797403388928364,319,COMPLETE
353,0.7175257731958763,2026-04-13 16:56:40.505986,2026-04-13 16:56:48.767809,0 days 00:00:08.261823,0.002075605401138835,483,COMPLETE
354,0.7206185567010309,2026-04-13 16:56:48.791801,2026-04-13 16:56:56.427280,0 days 00:00:07.635479,0.0007327608393536507,673,COMPLETE
355,0.7185567010309278,2026-04-13 16:56:56.454174,2026-04-13 16:57:05.367736,0 days 00:00:08.913562,0.0029392128269037513,707,COMPLETE
356,0.7164948453608248,2026-04-13 16:57:05.393861,2026-04-13 16:57:13.708910,0 days 00:00:08.315049,0.00099560190562655,407,COMPLETE
357,0.7144329896907217,2026-04-13 16:57:13.735512,2026-04-13 16:57:20.802830,0 days 00:00:07.067318,0.005945648925921784,341,COMPLETE
358,0.7144329896907217,2026-04-13 16:57:20.827167,2026-04-13 16:57:29.132611,0 days 00:00:08.305444,0.00040488169687593023,440,COMPLETE
359,0.7134020618556701,2026-04-13 16:57:29.158632,2026-04-13 16:57:36.379005,0 days 00:00:07.220373,0.0013107999450252873,461,COMPLETE
360,0.7072164948453609,2026-04-13 16:57:36.403969,2026-04-13 16:57:44.480300,0 days 00:00:08.076331,0.0022122549402684944,374,COMPLETE
361,0.7123711340206186,2026-04-13 16:57:44.506622,2026-04-13 16:57:52.450848,0 days 00:00:07.944226,0.003959355656510283,480,COMPLETE
362,0.7216494845360825,2026-04-13 16:57:52.482033,2026-04-13 16:57:59.882720,0 days 00:00:07.400687,0.0020449166333869244,525,COMPLETE
363,0.7164948453608248,2026-04-13 16:57:59.908001,2026-04-13 16:58:08.843973,0 days 00:00:08.935972,0.003318810843144867,551,COMPLETE
364,0.722680412371134,2026-04-13 16:58:08.870619,2026-04-13 16:58:15.766559,0 days 00:00:06.895940,0.002642684076440344,298,COMPLETE
365,0.7164948453608248,2026-04-13 16:58:15.797025,2026-04-13 16:58:24.605335,0 days 00:00:08.808310,0.0015539919787885465,661,COMPLETE
366,0.7206185567010309,2026-04-13 16:58:24.629557,2026-04-13 16:58:33.069573,0 days 00:00:08.440016,1.8805828698681658e-05,499,COMPLETE
367,0.7247422680412371,2026-04-13 16:58:33.095844,2026-04-13 16:58:40.469407,0 days 00:00:07.373563,0.008549055371917457,534,COMPLETE
368,0.7216494845360825,2026-04-13 16:58:40.493552,2026-04-13 16:58:48.855458,0 days 00:00:08.361906,0.006732178070058548,534,COMPLETE
369,0.7164948453608248,2026-04-13 16:58:48.881203,2026-04-13 16:58:56.871886,0 days 00:00:07.990683,0.009025974480703471,529,COMPLETE
370,0.7154639175257732,2026-04-13 16:58:56.897821,2026-04-13 16:59:04.616816,0 days 00:00:07.718995,0.006638451756370833,546,COMPLETE
371,0.7237113402061855,2026-04-13 16:59:04.642365,2026-04-13 16:59:13.242049,0 days 00:00:08.599684,0.009574586232195335,507,COMPLETE
372,0.7164948453608248,2026-04-13 16:59:13.268929,2026-04-13 16:59:20.832706,0 days 00:00:07.563777,0.00879715736125638,582,COMPLETE
373,0.7206185567010309,2026-04-13 16:59:20.860090,2026-04-13 16:59:29.534526,0 days 00:00:08.674436,0.008063294535095092,551,COMPLETE
374,0.7216494845360825,2026-04-13 16:59:29.561097,2026-04-13 16:59:38.338622,0 days 00:00:08.777525,0.000810688866293403,517,COMPLETE
375,0.7164948453608248,2026-04-13 16:59:38.364754,2026-04-13 16:59:45.767121,0 days 00:00:07.402367,0.005241707155190148,562,COMPLETE
376,0.6917525773195876,2026-04-13 16:59:45.793069,2026-04-13 16:59:53.691675,0 days 00:00:07.898606,2.072502822053448e-06,266,COMPLETE
377,0.7154639175257732,2026-04-13 16:59:53.720593,2026-04-13 17:00:01.111513,0 days 00:00:07.390920,0.007240526402918207,349,COMPLETE
378,0.711340206185567,2026-04-13 17:00:01.140318,2026-04-13 17:00:10.313073,0 days 00:00:09.172755,0.001172702310900979,539,COMPLETE
379,0.711340206185567,2026-04-13 17:00:10.346642,2026-04-13 17:00:19.232764,0 days 00:00:08.886122,0.0046661712705419415,465,COMPLETE
380,0.7216494845360825,2026-04-13 17:00:19.258723,2026-04-13 17:00:26.502380,0 days 00:00:07.243657,0.006036121177634465,382,COMPLETE
381,0.7134020618556701,2026-04-13 17:00:26.528335,2026-04-13 17:00:35.172426,0 days 00:00:08.644091,0.003677352566752084,491,COMPLETE
382,0.7216494845360825,2026-04-13 17:00:35.198411,2026-04-13 17:00:43.614378,0 days 00:00:08.415967,0.0013416689991300847,329,COMPLETE
383,0.7216494845360825,2026-04-13 17:00:43.661859,2026-04-13 17:00:51.102286,0 days 00:00:07.440427,0.0010503911727775938,576,COMPLETE
384,0.7247422680412371,2026-04-13 17:00:51.132218,2026-04-13 17:00:59.614130,0 days 00:00:08.481912,0.003241675899708835,523,COMPLETE
385,0.7237113402061855,2026-04-13 17:00:59.640649,2026-04-13 17:01:08.048461,0 days 00:00:08.407812,0.003115945318691746,524,COMPLETE
386,0.7123711340206186,2026-04-13 17:01:08.077617,2026-04-13 17:01:15.963481,0 days 00:00:07.885864,0.004085113607344388,519,COMPLETE
387,0.7175257731958763,2026-04-13 17:01:15.987511,2026-04-13 17:01:24.621419,0 days 00:00:08.633908,0.0027697295407988626,505,COMPLETE
388,0.7154639175257732,2026-04-13 17:01:24.646211,2026-04-13 17:01:32.454755,0 days 00:00:07.808544,0.003443590695970397,534,COMPLETE
389,0.7175257731958763,2026-04-13 17:01:32.488076,2026-04-13 17:01:40.870619,0 days 00:00:08.382543,0.0024191933886474047,448,COMPLETE
390,0.7154639175257732,2026-04-13 17:01:40.895215,2026-04-13 17:01:49.458705,0 days 00:00:08.563490,0.0018975860653735325,510,COMPLETE
391,0.7175257731958763,2026-04-13 17:01:49.485064,2026-04-13 17:01:57.088967,0 days 00:00:07.603903,0.004351542503657446,485,COMPLETE
392,0.7175257731958763,2026-04-13 17:01:57.114891,2026-04-13 17:02:05.990672,0 days 00:00:08.875781,0.001568876356942053,492,COMPLETE
393,0.7206185567010309,2026-04-13 17:02:06.016298,2026-04-13 17:02:15.521019,0 days 00:00:09.504721,0.002985121614689603,467,COMPLETE
394,0.7134020618556701,2026-04-13 17:02:15.553268,2026-04-13 17:02:22.646582,0 days 00:00:07.093314,0.002479559093932415,281,COMPLETE
395,0.7154639175257732,2026-04-13 17:02:22.676027,2026-04-13 17:02:31.592795,0 days 00:00:08.916768,0.0036332440405886044,534,COMPLETE
396,0.7195876288659794,2026-04-13 17:02:31.621519,2026-04-13 17:02:39.010555,0 days 00:00:07.389036,0.0020685260546720076,46,COMPLETE
397,0.7144329896907217,2026-04-13 17:02:39.041924,2026-04-13 17:02:46.791058,0 days 00:00:07.749134,0.0012499927694352249,361,COMPLETE
398,0.7123711340206186,2026-04-13 17:02:46.817043,2026-04-13 17:02:55.318498,0 days 00:00:08.501455,0.0008930449484718893,502,COMPLETE
399,0.7061855670103093,2026-04-13 17:02:55.345214,2026-04-13 17:03:02.678097,0 days 00:00:07.332883,0.0017884768521250676,550,COMPLETE
400,0.7154639175257732,2026-04-13 17:03:02.703284,2026-04-13 17:03:11.177475,0 days 00:00:08.474191,0.0029213027199619587,414,COMPLETE
401,0.7216494845360825,2026-04-13 17:03:11.205430,2026-04-13 17:03:19.234719,0 days 00:00:08.029289,0.004671247135737473,307,COMPLETE
402,0.7206185567010309,2026-04-13 17:03:19.260963,2026-04-13 17:03:26.969472,0 days 00:00:07.708509,0.0014671376133239733,515,COMPLETE
403,0.7144329896907217,2026-04-13 17:03:26.995513,2026-04-13 17:03:35.386787,0 days 00:00:08.391274,0.000973210850160315,477,COMPLETE
404,0.7216494845360825,2026-04-13 17:03:35.412367,2026-04-13 17:03:42.548827,0 days 00:00:07.136460,0.00017904981611380745,450,COMPLETE
405,0.7164948453608248,2026-04-13 17:03:42.573413,2026-04-13 17:03:51.281013,0 days 00:00:08.707600,0.002508720759227285,557,COMPLETE
406,0.7134020618556701,2026-04-13 17:03:51.305953,2026-04-13 17:03:59.645957,0 days 00:00:08.340004,0.003459053195943468,398,COMPLETE
407,0.7247422680412371,2026-04-13 17:03:59.671725,2026-04-13 17:04:07.087922,0 days 00:00:07.416197,0.0006918486444466685,429,COMPLETE
408,0.7216494845360825,2026-04-13 17:04:07.115684,2026-04-13 17:04:15.715078,0 days 00:00:08.599394,0.00046792946524045994,437,COMPLETE
409,0.7195876288659794,2026-04-13 17:04:15.743341,2026-04-13 17:04:23.236283,0 days 00:00:07.492942,0.0009464054228072493,400,COMPLETE
410,0.7257731958762886,2026-04-13 17:04:23.264051,2026-04-13 17:04:31.348478,0 days 00:00:08.084427,0.0006381001147304961,533,COMPLETE
411,0.7206185567010309,2026-04-13 17:04:31.372956,2026-04-13 17:04:39.899655,0 days 00:00:08.526699,0.0006532992903120883,538,COMPLETE
412,0.7072164948453609,2026-04-13 17:04:39.924213,2026-04-13 17:04:47.486524,0 days 00:00:07.562311,0.0006696553927729283,526,COMPLETE
413,0.7154639175257732,2026-04-13 17:04:47.514234,2026-04-13 17:04:55.939877,0 days 00:00:08.425643,0.0007270765785941139,414,COMPLETE
414,0.7175257731958763,2026-04-13 17:04:55.964864,2026-04-13 17:05:04.285990,0 days 00:00:08.321126,0.0009402372312681791,427,COMPLETE
415,0.7164948453608248,2026-04-13 17:05:04.313053,2026-04-13 17:05:12.343142,0 days 00:00:08.030089,0.0005781742578337458,544,COMPLETE
416,0.7134020618556701,2026-04-13 17:05:12.371515,2026-04-13 17:05:21.720387,0 days 00:00:09.348872,0.0004967181606579107,560,COMPLETE
417,0.7206185567010309,2026-04-13 17:05:21.748675,2026-04-13 17:05:30.395722,0 days 00:00:08.647047,0.0005335083947746187,529,COMPLETE
418,0.7237113402061855,2026-04-13 17:05:30.427282,2026-04-13 17:05:38.255614,0 days 00:00:07.828332,0.0007617877907390962,542,COMPLETE
419,0.7257731958762886,2026-04-13 17:05:38.287279,2026-04-13 17:05:46.420127,0 days 00:00:08.132848,0.0006293412552255993,338,COMPLETE
420,0.7175257731958763,2026-04-13 17:05:46.446094,2026-04-13 17:05:54.259374,0 days 00:00:07.813280,0.0006061735497130016,518,COMPLETE
421,0.7175257731958763,2026-04-13 17:05:54.297298,2026-04-13 17:06:02.440313,0 days 00:00:08.143015,0.0007566399610582631,328,COMPLETE
422,0.7216494845360825,2026-04-13 17:06:02.468957,2026-04-13 17:06:10.628938,0 days 00:00:08.159981,0.00046729848313518377,252,COMPLETE
423,0.7103092783505155,2026-04-13 17:06:10.656470,2026-04-13 17:06:19.011739,0 days 00:00:08.355269,0.0006247377670389947,715,COMPLETE
424,0.722680412371134,2026-04-13 17:06:19.039932,2026-04-13 17:06:27.906412,0 days 00:00:08.866480,0.0003395721513802464,608,COMPLETE
425,0.7164948453608248,2026-04-13 17:06:27.932705,2026-04-13 17:06:35.907368,0 days 00:00:07.974663,0.0007751622948360012,67,COMPLETE
426,0.7154639175257732,2026-04-13 17:06:35.935483,2026-04-13 17:06:43.685816,0 days 00:00:07.750333,0.0003798758339134473,562,COMPLETE
427,0.711340206185567,2026-04-13 17:06:43.711910,2026-04-13 17:06:52.191288,0 days 00:00:08.479378,0.0006382595714303828,380,COMPLETE
428,0.7195876288659794,2026-04-13 17:06:52.218079,2026-04-13 17:06:59.536471,0 days 00:00:07.318392,0.0007514138349899889,351,COMPLETE
429,0.7206185567010309,2026-04-13 17:06:59.573388,2026-04-13 17:07:08.472755,0 days 00:00:08.899367,0.0005778473281540531,529,COMPLETE
430,0.7216494845360825,2026-04-13 17:07:08.499170,2026-04-13 17:07:17.628729,0 days 00:00:09.129559,0.009844183604997855,696,COMPLETE
431,0.7123711340206186,2026-04-13 17:07:17.655360,2026-04-13 17:07:24.937509,0 days 00:00:07.282149,0.0008745590478534361,428,COMPLETE
432,0.7195876288659794,2026-04-13 17:07:24.964087,2026-04-13 17:07:33.485054,0 days 00:00:08.520967,0.0005145485297966205,299,COMPLETE
433,0.7195876288659794,2026-04-13 17:07:33.512554,2026-04-13 17:07:42.789652,0 days 00:00:09.277098,0.0011347825783631562,591,COMPLETE
434,0.722680412371134,2026-04-13 17:07:42.814981,2026-04-13 17:07:50.565561,0 days 00:00:07.750580,0.00022715866118715137,546,COMPLETE
435,0.7206185567010309,2026-04-13 17:07:50.593213,2026-04-13 17:07:59.707020,0 days 00:00:09.113807,0.0009023819367993495,570,COMPLETE
436,0.7185567010309278,2026-04-13 17:07:59.732989,2026-04-13 17:08:08.916559,0 days 00:00:09.183570,0.005120664779227847,509,COMPLETE
437,0.7206185567010309,2026-04-13 17:08:08.942506,2026-04-13 17:08:16.854011,0 days 00:00:07.911505,0.0011456842458500457,556,COMPLETE
438,0.7164948453608248,2026-04-13 17:08:16.886361,2026-04-13 17:08:25.140239,0 days 00:00:08.253878,0.0004092431192330666,314,COMPLETE
439,0.7206185567010309,2026-04-13 17:08:25.166555,2026-04-13 17:08:33.109246,0 days 00:00:07.942691,0.00604601304969024,284,COMPLETE
440,0.7144329896907217,2026-04-13 17:08:33.147780,2026-04-13 17:08:40.951549,0 days 00:00:07.803769,0.004200611393019504,392,COMPLETE
441,0.722680412371134,2026-04-13 17:08:40.977471,2026-04-13 17:08:49.746576,0 days 00:00:08.769105,0.0006660214978670793,504,COMPLETE
442,0.7206185567010309,2026-04-13 17:08:49.771259,2026-04-13 17:08:57.702232,0 days 00:00:07.930973,0.0007968980284730941,519,COMPLETE
443,0.7185567010309278,2026-04-13 17:08:57.735446,2026-04-13 17:09:06.731876,0 days 00:00:08.996430,0.0037551832149316853,540,COMPLETE
444,0.7185567010309278,2026-04-13 17:09:06.759387,2026-04-13 17:09:15.436485,0 days 00:00:08.677098,0.0010809252781084834,338,COMPLETE
445,0.7195876288659794,2026-04-13 17:09:15.465392,2026-04-13 17:09:23.127564,0 days 00:00:07.662172,0.00815437774233842,437,COMPLETE
446,0.7195876288659794,2026-04-13 17:09:23.153134,2026-04-13 17:09:31.101498,0 days 00:00:07.948364,0.0005638830300696612,36,COMPLETE
447,0.7206185567010309,2026-04-13 17:09:31.130746,2026-04-13 17:09:40.141715,0 days 00:00:09.010969,0.005456690337487859,366,COMPLETE
448,0.7164948453608248,2026-04-13 17:09:40.170369,2026-04-13 17:09:47.913199,0 days 00:00:07.742830,0.0020855359940755522,418,COMPLETE
449,0.7164948453608248,2026-04-13 17:09:47.939382,2026-04-13 17:09:56.860522,0 days 00:00:08.921140,0.0032550660358588164,582,COMPLETE
450,0.7185567010309278,2026-04-13 17:09:56.886511,2026-04-13 17:10:05.674992,0 days 00:00:08.788481,0.002624395701444211,494,COMPLETE
451,0.7216494845360825,2026-04-13 17:10:05.702195,2026-04-13 17:10:13.892815,0 days 00:00:08.190620,0.0013644174689983327,554,COMPLETE
452,0.7195876288659794,2026-04-13 17:10:13.922962,2026-04-13 17:10:23.198474,0 days 00:00:09.275512,0.0018446606238757444,525,COMPLETE
453,0.7154639175257732,2026-04-13 17:10:23.225452,2026-04-13 17:10:32.030768,0 days 00:00:08.805316,0.00480495539399714,532,COMPLETE
454,0.7123711340206186,2026-04-13 17:10:32.056273,2026-04-13 17:10:39.834639,0 days 00:00:07.778366,0.0010343175276906762,567,COMPLETE
455,0.7216494845360825,2026-04-13 17:10:39.862374,2026-04-13 17:10:48.358146,0 days 00:00:08.495772,0.007108759368991611,321,COMPLETE
456,0.7164948453608248,2026-04-13 17:10:48.385350,2026-04-13 17:10:56.425754,0 days 00:00:08.040404,0.0008444925172375288,454,COMPLETE
457,0.7144329896907217,2026-04-13 17:10:56.452477,2026-04-13 17:11:05.062498,0 days 00:00:08.610021,0.003069878372568645,509,COMPLETE
458,0.7185567010309278,2026-04-13 17:11:05.087234,2026-04-13 17:11:14.102363,0 days 00:00:09.015129,0.002317891917414451,549,COMPLETE
459,0.7195876288659794,2026-04-13 17:11:14.132129,2026-04-13 17:11:21.485850,0 days 00:00:07.353721,0.004112492515758675,228,COMPLETE
460,0.7216494845360825,2026-04-13 17:11:21.516038,2026-04-13 17:11:30.066441,0 days 00:00:08.550403,1.267602473936268e-05,407,COMPLETE
461,0.7134020618556701,2026-04-13 17:11:30.094091,2026-04-13 17:11:39.063311,0 days 00:00:08.969220,0.0004710294201810666,483,COMPLETE
462,0.7123711340206186,2026-04-13 17:11:39.088129,2026-04-13 17:11:47.134738,0 days 00:00:08.046609,0.001768704913155814,520,COMPLETE
463,0.7175257731958763,2026-04-13 17:11:47.178356,2026-04-13 17:11:55.467339,0 days 00:00:08.288983,0.0013746607212790677,14,COMPLETE
464,0.7154639175257732,2026-04-13 17:11:55.494705,2026-04-13 17:12:05.652182,0 days 00:00:10.157477,2.5181011268792304e-05,685,COMPLETE
465,0.7195876288659794,2026-04-13 17:12:05.682412,2026-04-13 17:12:14.371128,0 days 00:00:08.688716,0.002750412567964786,724,COMPLETE
466,0.7164948453608248,2026-04-13 17:12:14.397972,2026-04-13 17:12:22.098631,0 days 00:00:07.700659,0.0037052963423238154,272,COMPLETE
467,0.7185567010309278,2026-04-13 17:12:22.128366,2026-04-13 17:12:29.781796,0 days 00:00:07.653430,0.002274528558631322,78,COMPLETE
468,0.7134020618556701,2026-04-13 17:12:29.806488,2026-04-13 17:12:37.314464,0 days 00:00:07.507976,0.0012291192861037528,499,COMPLETE
469,0.7175257731958763,2026-04-13 17:12:37.339092,2026-04-13 17:12:46.284404,0 days 00:00:08.945312,0.0007264143306781548,541,COMPLETE
470,0.7206185567010309,2026-04-13 17:12:46.316921,2026-04-13 17:12:55.279608,0 days 00:00:08.962687,5.680498072212369e-05,572,COMPLETE
471,0.7195876288659794,2026-04-13 17:12:55.310272,2026-04-13 17:13:02.572720,0 days 00:00:07.262448,0.0015276296196085125,53,COMPLETE
472,0.7206185567010309,2026-04-13 17:13:02.601270,2026-04-13 17:13:12.017707,0 days 00:00:09.416437,0.006320849884528193,463,COMPLETE
473,0.7195876288659794,2026-04-13 17:13:12.045635,2026-04-13 17:13:20.053295,0 days 00:00:08.007660,0.008774083212948258,342,COMPLETE
474,0.7175257731958763,2026-04-13 17:13:20.084681,2026-04-13 17:13:28.622838,0 days 00:00:08.538157,0.0030735164354605735,437,COMPLETE
475,0.7216494845360825,2026-04-13 17:13:28.650375,2026-04-13 17:13:38.092866,0 days 00:00:09.442491,0.0005653480853728039,591,COMPLETE
476,0.7216494845360825,2026-04-13 17:13:38.123429,2026-04-13 17:13:46.190050,0 days 00:00:08.066621,0.005263220993547718,359,COMPLETE
477,0.7237113402061855,2026-04-13 17:13:46.238035,2026-04-13 17:13:54.759312,0 days 00:00:08.521277,0.0009562902284263389,530,COMPLETE
478,0.7144329896907217,2026-04-13 17:13:54.785506,2026-04-13 17:14:03.772528,0 days 00:00:08.987022,0.002568649737537818,475,COMPLETE
479,0.7164948453608248,2026-04-13 17:14:03.799359,2026-04-13 17:14:12.628569,0 days 00:00:08.829210,0.0020010604278441076,702,COMPLETE
480,0.7195876288659794,2026-04-13 17:14:12.664527,2026-04-13 17:14:21.151490,0 days 00:00:08.486963,0.004376896600146042,511,COMPLETE
481,0.7195876288659794,2026-04-13 17:14:21.179822,2026-04-13 17:14:30.128717,0 days 00:00:08.948895,0.00014151857850721127,558,COMPLETE
482,0.7175257731958763,2026-04-13 17:14:30.155451,2026-04-13 17:14:37.160416,0 days 00:00:07.004965,0.009728423211783556,245,COMPLETE
483,0.7134020618556701,2026-04-13 17:14:37.188947,2026-04-13 17:14:46.111950,0 days 00:00:08.923003,0.0016118275155900987,627,COMPLETE
484,0.7185567010309278,2026-04-13 17:14:46.139858,2026-04-13 17:14:54.092104,0 days 00:00:07.952246,0.003661009034759936,153,COMPLETE
485,0.7164948453608248,2026-04-13 17:14:54.116287,2026-04-13 17:15:01.551205,0 days 00:00:07.434918,0.007284283888778721,421,COMPLETE
486,0.7185567010309278,2026-04-13 17:15:01.578827,2026-04-13 17:15:10.660651,0 days 00:00:09.081824,0.0011044789949183483,489,COMPLETE
487,0.7164948453608248,2026-04-13 17:15:10.690689,2026-04-13 17:15:18.683078,0 days 00:00:07.992389,0.000692436532723294,292,COMPLETE
488,0.7185567010309278,2026-04-13 17:15:18.722015,2026-04-13 17:15:26.648037,0 days 00:00:07.926022,0.000879664676476902,538,COMPLETE
489,0.7185567010309278,2026-04-13 17:15:26.673293,2026-04-13 17:15:35.113013,0 days 00:00:08.439720,0.0020904678184921685,390,COMPLETE
490,0.7154639175257732,2026-04-13 17:15:35.139366,2026-04-13 17:15:43.415550,0 days 00:00:08.276184,0.003166973884000347,601,COMPLETE
491,0.7185567010309278,2026-04-13 17:15:43.442937,2026-04-13 17:15:52.339102,0 days 00:00:08.896165,0.002441681991380051,517,COMPLETE
492,0.7237113402061855,2026-04-13 17:15:52.365317,2026-04-13 17:16:01.480820,0 days 00:00:09.115503,0.0016037982604487683,574,COMPLETE
493,0.7185567010309278,2026-04-13 17:16:01.508008,2026-04-13 17:16:09.187465,0 days 00:00:07.679457,0.0013356377813285765,325,COMPLETE
494,0.7144329896907217,2026-04-13 17:16:09.237003,2026-04-13 17:16:16.843891,0 days 00:00:07.606888,0.0050579522055157365,93,COMPLETE
495,0.7185567010309278,2026-04-13 17:16:16.870459,2026-04-13 17:16:25.299469,0 days 00:00:08.429010,0.002884785351258665,446,COMPLETE
496,0.7175257731958763,2026-04-13 17:16:25.327454,2026-04-13 17:16:32.937892,0 days 00:00:07.610438,0.003811397921707984,501,COMPLETE
497,0.7164948453608248,2026-04-13 17:16:32.964850,2026-04-13 17:16:41.112594,0 days 00:00:08.147744,0.0011536373285443177,258,COMPLETE
498,0.711340206185567,2026-04-13 17:16:41.138793,2026-04-13 17:16:48.819921,0 days 00:00:07.681128,0.0018591548902505358,551,COMPLETE
499,0.7206185567010309,2026-04-13 17:16:48.854457,2026-04-13 17:16:56.916833,0 days 00:00:08.062376,0.00029290708033767723,524,COMPLETE
500,0.7185567010309278,2026-04-13 17:16:56.941783,2026-04-13 17:17:05.498855,0 days 00:00:08.557072,0.0008432965475291858,538,COMPLETE
501,0.7154639175257732,2026-04-13 17:17:05.525097,2026-04-13 17:17:12.476177,0 days 00:00:06.951080,0.006094975073377528,375,COMPLETE
502,0.7072164948453609,2026-04-13 17:17:12.500383,2026-04-13 17:17:20.983544,0 days 00:00:08.483161,0.00993378692468063,475,COMPLETE
503,0.7144329896907217,2026-04-13 17:17:21.011086,2026-04-13 17:17:28.487964,0 days 00:00:07.476878,0.0004224391565506652,407,COMPLETE
504,0.7144329896907217,2026-04-13 17:17:28.516880,2026-04-13 17:17:36.100934,0 days 00:00:07.584054,0.0005563699843404118,304,COMPLETE
505,0.7134020618556701,2026-04-13 17:17:36.127385,2026-04-13 17:17:44.921887,0 days 00:00:08.794502,0.0023019657270835483,563,COMPLETE
506,0.709278350515464,2026-04-13 17:17:44.947957,2026-04-13 17:17:51.791835,0 days 00:00:06.843878,0.007754122187387221,130,COMPLETE
507,0.7164948453608248,2026-04-13 17:17:51.818503,2026-04-13 17:18:00.237060,0 days 00:00:08.418557,0.004519736536498225,458,COMPLETE
508,0.722680412371134,2026-04-13 17:18:00.264090,2026-04-13 17:18:08.652514,0 days 00:00:08.388424,0.0027217130045158904,500,COMPLETE
509,0.7134020618556701,2026-04-13 17:18:08.688830,2026-04-13 17:18:15.963350,0 days 00:00:07.274520,0.003414920461414683,169,COMPLETE
510,0.7185567010309278,2026-04-13 17:18:15.989797,2026-04-13 17:18:23.764478,0 days 00:00:07.774681,0.0007078826049974017,67,COMPLETE
511,0.709278350515464,2026-04-13 17:18:23.789356,2026-04-13 17:18:31.910103,0 days 00:00:08.120747,0.0014786543690854766,644,COMPLETE
512,0.722680412371134,2026-04-13 17:18:31.938132,2026-04-13 17:18:40.846593,0 days 00:00:08.908461,0.0010738259302093803,553,COMPLETE
513,0.7195876288659794,2026-04-13 17:18:40.871804,2026-04-13 17:18:49.288629,0 days 00:00:08.416825,0.0017930447325660806,429,COMPLETE
514,0.711340206185567,2026-04-13 17:18:49.313644,2026-04-13 17:18:56.874856,0 days 00:00:07.561212,0.002175681499808011,583,COMPLETE
515,0.7257731958762886,2026-04-13 17:18:56.900775,2026-04-13 17:19:05.359215,0 days 00:00:08.458440,0.0012923441409975391,348,COMPLETE
516,0.7144329896907217,2026-04-13 17:19:05.385286,2026-04-13 17:19:13.261703,0 days 00:00:07.876417,0.0013466893537767105,371,COMPLETE
517,0.7154639175257732,2026-04-13 17:19:13.295885,2026-04-13 17:19:21.008642,0 days 00:00:07.712757,0.001222932813339594,349,COMPLETE
518,0.7195876288659794,2026-04-13 17:19:21.035504,2026-04-13 17:19:29.260490,0 days 00:00:08.224986,0.0016011804977215487,331,COMPLETE
519,0.7164948453608248,2026-04-13 17:19:29.286823,2026-04-13 17:19:36.302877,0 days 00:00:07.016054,0.0019235559893523285,348,COMPLETE
520,0.7123711340206186,2026-04-13 17:19:36.328540,2026-04-13 17:19:44.686275,0 days 00:00:08.357735,0.0012991133991579796,362,COMPLETE
521,0.7164948453608248,2026-04-13 17:19:44.711253,2026-04-13 17:19:51.969115,0 days 00:00:07.257862,0.0027949551938575806,329,COMPLETE
522,0.7175257731958763,2026-04-13 17:19:52.011929,2026-04-13 17:19:59.585856,0 days 00:00:07.573927,0.0010515356021737288,318,COMPLETE
523,0.7164948453608248,2026-04-13 17:19:59.609888,2026-04-13 17:20:07.919488,0 days 00:00:08.309600,0.0043376221645780606,345,COMPLETE
524,0.7185567010309278,2026-04-13 17:20:07.945271,2026-04-13 17:20:14.931515,0 days 00:00:06.986244,0.0016066173282667854,355,COMPLETE
525,0.7164948453608248,2026-04-13 17:20:14.957651,2026-04-13 17:20:23.314339,0 days 00:00:08.356688,0.003333653337345523,512,COMPLETE
526,0.7185567010309278,2026-04-13 17:20:23.340878,2026-04-13 17:20:31.026791,0 days 00:00:07.685913,0.0024426204525482467,672,COMPLETE
527,0.722680412371134,2026-04-13 17:20:31.051618,2026-04-13 17:20:39.254908,0 days 00:00:08.203290,0.002032404487748795,534,COMPLETE
528,0.7216494845360825,2026-04-13 17:20:39.279715,2026-04-13 17:20:47.088644,0 days 00:00:07.808929,0.0009687984449084628,315,COMPLETE
529,0.7144329896907217,2026-04-13 17:20:47.117394,2026-04-13 17:20:54.107693,0 days 00:00:06.990299,0.0055399348623728336,487,COMPLETE
530,0.7134020618556701,2026-04-13 17:20:54.132316,2026-04-13 17:21:02.079505,0 days 00:00:07.947189,0.0015066642523080367,335,COMPLETE
531,0.7206185567010309,2026-04-13 17:21:02.104263,2026-04-13 17:21:09.344800,0 days 00:00:07.240537,0.0038995288074913466,568,COMPLETE
532,0.7257731958762886,2026-04-13 17:21:09.368450,2026-04-13 17:21:17.121285,0 days 00:00:07.752835,0.0012727753160767022,218,COMPLETE
533,0.7175257731958763,2026-04-13 17:21:17.146439,2026-04-13 17:21:24.256578,0 days 00:00:07.110139,0.0012487062204620176,243,COMPLETE
534,0.722680412371134,2026-04-13 17:21:24.283988,2026-04-13 17:21:31.771300,0 days 00:00:07.487312,0.0010650042235672574,374,COMPLETE
535,0.7175257731958763,2026-04-13 17:21:31.796208,2026-04-13 17:21:39.539269,0 days 00:00:07.743061,0.001327153453547869,214,COMPLETE
536,0.7164948453608248,2026-04-13 17:21:39.564891,2026-04-13 17:21:45.914315,0 days 00:00:06.349424,0.0016873209023654414,232,COMPLETE
537,0.7154639175257732,2026-04-13 17:21:45.939544,2026-04-13 17:21:53.535227,0 days 00:00:07.595683,0.0012401838497777342,193,COMPLETE
538,0.7216494845360825,2026-04-13 17:21:53.560590,2026-04-13 17:21:59.937703,0 days 00:00:06.377113,0.0009106128463649088,233,COMPLETE
539,0.7206185567010309,2026-04-13 17:21:59.962944,2026-04-13 17:22:07.647587,0 days 00:00:07.684643,0.0016215633205416684,212,COMPLETE
540,0.7123711340206186,2026-04-13 17:22:07.671424,2026-04-13 17:22:14.158120,0 days 00:00:06.486696,0.008045475484994952,207,COMPLETE
541,0.7144329896907217,2026-04-13 17:22:14.184404,2026-04-13 17:22:21.881136,0 days 00:00:07.696732,0.0014304862086983942,184,COMPLETE
542,0.7216494845360825,2026-04-13 17:22:21.907567,2026-04-13 17:22:28.619226,0 days 00:00:06.711659,0.0008603950837514837,288,COMPLETE
543,0.7154639175257732,2026-04-13 17:22:28.646947,2026-04-13 17:22:36.249687,0 days 00:00:07.602740,0.0010243048527340344,271,COMPLETE
544,0.7206185567010309,2026-04-13 17:22:36.277030,2026-04-13 17:22:43.784286,0 days 00:00:07.507256,3.714548413867596e-05,229,COMPLETE
545,0.711340206185567,2026-04-13 17:22:43.818972,2026-04-13 17:22:51.327259,0 days 00:00:07.508287,0.002073564985972154,615,COMPLETE
546,0.711340206185567,2026-04-13 17:22:51.353515,2026-04-13 17:23:00.054257,0 days 00:00:08.700742,0.006659033853248668,701,COMPLETE
547,0.7144329896907217,2026-04-13 17:23:00.081561,2026-04-13 17:23:06.421674,0 days 00:00:06.340113,0.0012193687486914133,109,COMPLETE
548,0.7185567010309278,2026-04-13 17:23:06.447358,2026-04-13 17:23:14.541918,0 days 00:00:08.094560,0.0016085094497014143,357,COMPLETE
549,0.711340206185567,2026-04-13 17:23:14.567706,2026-04-13 17:23:23.265661,0 days 00:00:08.697955,0.0018613750443446106,581,COMPLETE
550,0.7195876288659794,2026-04-13 17:23:23.299868,2026-04-13 17:23:30.170570,0 days 00:00:06.870702,0.0023266992918013828,255,COMPLETE
551,0.722680412371134,2026-04-13 17:23:30.197336,2026-04-13 17:23:38.936890,0 days 00:00:08.739554,0.0011407626315360082,549,COMPLETE
552,0.7175257731958763,2026-04-13 17:23:38.963644,2026-04-13 17:23:45.523226,0 days 00:00:06.559582,0.0008299472843146631,215,COMPLETE
553,0.7123711340206186,2026-04-13 17:23:45.554603,2026-04-13 17:23:53.728132,0 days 00:00:08.173529,0.0014228542202967443,387,COMPLETE
554,0.7185567010309278,2026-04-13 17:23:53.755593,2026-04-13 17:24:01.255906,0 days 00:00:07.500313,0.008185018446974335,341,COMPLETE
555,0.7175257731958763,2026-04-13 17:24:01.293286,2026-04-13 17:24:09.569624,0 days 00:00:08.276338,0.0018545681993520624,685,COMPLETE
556,0.7195876288659794,2026-04-13 17:24:09.604603,2026-04-13 17:24:17.288756,0 days 00:00:07.684153,0.005867806300572241,301,COMPLETE
557,0.7175257731958763,2026-04-13 17:24:17.311938,2026-04-13 17:24:24.284870,0 days 00:00:06.972932,0.002604471684126629,566,COMPLETE
558,0.7144329896907217,2026-04-13 17:24:24.309672,2026-04-13 17:24:32.382418,0 days 00:00:08.072746,0.001346395718429932,595,COMPLETE
559,0.711340206185567,2026-04-13 17:24:32.406849,2026-04-13 17:24:38.568631,0 days 00:00:06.161782,0.0010370754819291708,201,COMPLETE
560,0.7206185567010309,2026-04-13 17:24:38.593173,2026-04-13 17:24:46.376328,0 days 00:00:07.783155,0.004896975400692758,481,COMPLETE
561,0.711340206185567,2026-04-13 17:24:46.400168,2026-04-13 17:24:54.175062,0 days 00:00:07.774894,0.0022260575601234125,713,COMPLETE
562,0.7206185567010309,2026-04-13 17:24:54.207994,2026-04-13 17:25:00.308200,0 days 00:00:06.100206,0.0029308183050383843,42,COMPLETE
563,0.7154639175257732,2026-04-13 17:25:00.333178,2026-04-13 17:25:08.047836,0 days 00:00:07.714658,0.0017810461772462787,498,COMPLETE
564,0.7206185567010309,2026-04-13 17:25:08.081296,2026-04-13 17:25:13.785968,0 days 00:00:05.704672,0.007055969760701805,6,COMPLETE
565,0.7195876288659794,2026-04-13 17:25:13.813785,2026-04-13 17:25:20.537512,0 days 00:00:06.723727,0.0009228716725368312,79,COMPLETE
566,0.7134020618556701,2026-04-13 17:25:20.572569,2026-04-13 17:25:27.587005,0 days 00:00:07.014436,0.0011512468113730721,546,COMPLETE
567,0.7216494845360825,2026-04-13 17:25:27.611485,2026-04-13 17:25:34.809366,0 days 00:00:07.197881,0.009898358036780141,224,COMPLETE
568,0.7195876288659794,2026-04-13 17:25:34.837771,2026-04-13 17:25:41.400934,0 days 00:00:06.563163,0.003947386080373612,465,COMPLETE
569,0.7154639175257732,2026-04-13 17:25:41.424350,2026-04-13 17:25:49.202076,0 days 00:00:07.777726,0.0014955052023140722,531,COMPLETE
570,0.7195876288659794,2026-04-13 17:25:49.224747,2026-04-13 17:25:55.507418,0 days 00:00:06.282671,0.000802361241380304,310,COMPLETE
571,0.7175257731958763,2026-04-13 17:25:55.531987,2026-04-13 17:26:03.004517,0 days 00:00:07.472530,0.0025512670522786305,365,COMPLETE
572,0.7216494845360825,2026-04-13 17:26:03.028194,2026-04-13 17:26:09.667019,0 days 00:00:06.638825,0.002054615820021868,509,COMPLETE
573,0.7185567010309278,2026-04-13 17:26:09.691247,2026-04-13 17:26:17.779690,0 days 00:00:08.088443,6.2216588300468875e-06,726,COMPLETE
574,0.7175257731958763,2026-04-13 17:26:17.805038,2026-04-13 17:26:25.014943,0 days 00:00:07.209905,0.0016260654354664705,556,COMPLETE
575,0.7154639175257732,2026-04-13 17:26:25.039723,2026-04-13 17:26:32.457809,0 days 00:00:07.418086,0.0006540793470157689,578,COMPLETE
576,0.7195876288659794,2026-04-13 17:26:32.482919,2026-04-13 17:26:39.915358,0 days 00:00:07.432439,0.0033713134472697693,333,COMPLETE
577,0.7257731958762886,2026-04-13 17:26:39.948460,2026-04-13 17:26:46.152713,0 days 00:00:06.204253,0.0011996447331029984,263,COMPLETE
578,0.7154639175257732,2026-04-13 17:26:46.181691,2026-04-13 17:26:53.554448,0 days 00:00:07.372757,0.0011697134835809981,264,COMPLETE
579,0.7144329896907217,2026-04-13 17:26:53.580456,2026-04-13 17:26:59.744465,0 days 00:00:06.164009,0.0009945506153616905,243,COMPLETE
580,0.7298969072164948,2026-04-13 17:26:59.768057,2026-04-13 17:27:07.071413,0 days 00:00:07.303356,0.0013926516792410087,253,COMPLETE
581,0.7206185567010309,2026-04-13 17:27:07.102739,2026-04-13 17:27:13.278788,0 days 00:00:06.176049,0.001311949092245235,264,COMPLETE
582,0.7134020618556701,2026-04-13 17:27:13.303420,2026-04-13 17:27:20.694215,0 days 00:00:07.390795,0.0010671394347221386,268,COMPLETE
583,0.711340206185567,2026-04-13 17:27:20.717866,2026-04-13 17:27:26.855586,0 days 00:00:06.137720,0.001274410490977047,256,COMPLETE
584,0.7185567010309278,2026-04-13 17:27:26.881808,2026-04-13 17:27:34.222613,0 days 00:00:07.340805,0.00139780211668046,264,COMPLETE
585,0.7185567010309278,2026-04-13 17:27:34.246914,2026-04-13 17:27:40.438028,0 days 00:00:06.191114,0.0009051898421995813,283,COMPLETE
586,0.7195876288659794,2026-04-13 17:27:40.463108,2026-04-13 17:27:47.753495,0 days 00:00:07.290387,0.0011071675242368213,226,COMPLETE
587,0.722680412371134,2026-04-13 17:27:47.777933,2026-04-13 17:27:53.988561,0 days 00:00:06.210628,0.0015574236854795733,245,COMPLETE
588,0.7195876288659794,2026-04-13 17:27:54.012616,2026-04-13 17:28:01.339007,0 days 00:00:07.326391,0.0007746129238696415,275,COMPLETE
589,0.7195876288659794,2026-04-13 17:28:01.364314,2026-04-13 17:28:07.547855,0 days 00:00:06.183541,0.0012552855435516122,251,COMPLETE
590,0.7175257731958763,2026-04-13 17:28:07.574139,2026-04-13 17:28:14.879918,0 days 00:00:07.305779,0.0009787838304761165,233,COMPLETE
591,0.7216494845360825,2026-04-13 17:28:14.905342,2026-04-13 17:28:21.213364,0 days 00:00:06.308022,0.0014621324362510389,267,COMPLETE
592,0.7237113402061855,2026-04-13 17:28:21.237998,2026-04-13 17:28:28.549958,0 days 00:00:07.311960,0.0016769349603008436,221,COMPLETE
593,0.7175257731958763,2026-04-13 17:28:28.575773,2026-04-13 17:28:34.817671,0 days 00:00:06.241898,0.001177696327718012,245,COMPLETE
594,0.7185567010309278,2026-04-13 17:28:34.849902,2026-04-13 17:28:42.092282,0 days 00:00:07.242380,0.0004938607013432622,248,COMPLETE
595,0.7175257731958763,2026-04-13 17:28:42.116838,2026-04-13 17:28:48.490118,0 days 00:00:06.373280,0.0008223651059333961,233,COMPLETE
596,0.7144329896907217,2026-04-13 17:28:48.515078,2026-04-13 17:28:55.653926,0 days 00:00:07.138848,0.0018186806469691677,302,COMPLETE
597,0.7123711340206186,2026-04-13 17:28:55.676996,2026-04-13 17:29:02.398457,0 days 00:00:06.721461,3.134040176536278e-06,282,COMPLETE
598,0.7185567010309278,2026-04-13 17:29:02.422085,2026-04-13 17:29:09.180426,0 days 00:00:06.758341,0.0010064110955297645,284,COMPLETE
599,0.7164948453608248,2026-04-13 17:29:09.204599,2026-04-13 17:29:16.202557,0 days 00:00:06.997958,0.0006335676654297193,276,COMPLETE
600,0.7185567010309278,2026-04-13 17:29:16.233928,2026-04-13 17:29:22.761286,0 days 00:00:06.527358,0.0014150709523849702,243,COMPLETE
601,0.7237113402061855,2026-04-13 17:29:22.784246,2026-04-13 17:29:29.863579,0 days 00:00:07.079333,0.001944656357052,212,COMPLETE
602,0.7278350515463917,2026-04-13 17:29:29.890426,2026-04-13 17:29:36.207927,0 days 00:00:06.317501,0.0011885312300141018,255,COMPLETE
603,0.7144329896907217,2026-04-13 17:29:36.232128,2026-04-13 17:29:43.570200,0 days 00:00:07.338072,0.0011052101550764232,259,COMPLETE
604,0.7175257731958763,2026-04-13 17:29:43.593396,2026-04-13 17:29:49.707221,0 days 00:00:06.113825,0.0007744966652685254,252,COMPLETE
605,0.7237113402061855,2026-04-13 17:29:49.732073,2026-04-13 17:29:57.078264,0 days 00:00:07.346191,0.0012349074299922858,290,COMPLETE
606,0.7195876288659794,2026-04-13 17:29:57.101826,2026-04-13 17:30:03.236775,0 days 00:00:06.134949,0.0010389087244883344,241,COMPLETE
607,0.7175257731958763,2026-04-13 17:30:03.263608,2026-04-13 17:30:10.641655,0 days 00:00:07.378047,0.0008670679584351389,251,COMPLETE
608,0.7134020618556701,2026-04-13 17:30:10.664838,2026-04-13 17:30:16.902817,0 days 00:00:06.237979,0.0014034246228619774,266,COMPLETE
609,0.7195876288659794,2026-04-13 17:30:16.927282,2026-04-13 17:30:24.174854,0 days 00:00:07.247572,0.0009562334127838048,232,COMPLETE
610,0.7123711340206186,2026-04-13 17:30:24.201123,2026-04-13 17:30:31.073242,0 days 00:00:06.872119,0.0014296586141699635,666,COMPLETE
611,0.7175257731958763,2026-04-13 17:30:31.098405,2026-04-13 17:30:38.502271,0 days 00:00:07.403866,0.00118859148254613,275,COMPLETE
612,0.7216494845360825,2026-04-13 17:30:38.527676,2026-04-13 17:30:45.287326,0 days 00:00:06.759650,0.0007495371366901712,602,COMPLETE
613,0.7164948453608248,2026-04-13 17:30:45.310819,2026-04-13 17:30:52.400667,0 days 00:00:07.089848,0.001575608776187898,93,COMPLETE
614,0.7164948453608248,2026-04-13 17:30:52.427372,2026-04-13 17:30:58.714402,0 days 00:00:06.287030,0.0005987450541341788,320,COMPLETE
615,0.7247422680412371,2026-04-13 17:30:58.738141,2026-04-13 17:31:06.042425,0 days 00:00:07.304284,0.0009492502419385338,223,COMPLETE
616,0.7164948453608248,2026-04-13 17:31:06.065744,2026-04-13 17:31:11.855335,0 days 00:00:05.789591,0.0011662729732330771,64,COMPLETE
617,0.7164948453608248,2026-04-13 17:31:11.881406,2026-04-13 17:31:19.202695,0 days 00:00:07.321289,9.308976834495416e-05,256,COMPLETE
618,0.7206185567010309,2026-04-13 17:31:19.226367,2026-04-13 17:31:25.562403,0 days 00:00:06.336036,0.0013472213502498526,243,COMPLETE
619,0.709278350515464,2026-04-13 17:31:25.598113,2026-04-13 17:31:32.831999,0 days 00:00:07.233886,0.0017354624652344943,301,COMPLETE
620,0.7175257731958763,2026-04-13 17:31:32.858594,2026-04-13 17:31:39.318560,0 days 00:00:06.459966,0.0009278186657485528,195,COMPLETE
621,0.7185567010309278,2026-04-13 17:31:39.353240,2026-04-13 17:31:46.910610,0 days 00:00:07.557370,0.00034348940254276707,643,COMPLETE
622,0.7175257731958763,2026-04-13 17:31:46.935861,2026-04-13 17:31:54.049324,0 days 00:00:07.113463,0.004804772669214187,256,COMPLETE
623,0.7144329896907217,2026-04-13 17:31:54.087667,2026-04-13 17:32:00.476362,0 days 00:00:06.388695,0.0006817676788208217,292,COMPLETE
624,0.7185567010309278,2026-04-13 17:32:00.500482,2026-04-13 17:32:08.490317,0 days 00:00:07.989835,0.0012684875251905594,627,COMPLETE
625,0.7237113402061855,2026-04-13 17:32:08.515381,2026-04-13 17:32:14.653444,0 days 00:00:06.138063,0.0016507997364082867,217,COMPLETE
626,0.7082474226804124,2026-04-13 17:32:14.679071,2026-04-13 17:32:22.805412,0 days 00:00:08.126341,0.001113477677875989,698,COMPLETE
627,0.7123711340206186,2026-04-13 17:32:22.828756,2026-04-13 17:32:28.962679,0 days 00:00:06.133923,0.004348082512509971,234,COMPLETE
628,0.7154639175257732,2026-04-13 17:32:28.985753,2026-04-13 17:32:36.422400,0 days 00:00:07.436647,0.0005164757653772097,311,COMPLETE
629,0.7185567010309278,2026-04-13 17:32:36.446427,2026-04-13 17:32:42.229618,0 days 00:00:05.783191,0.0014757435734943714,25,COMPLETE
630,0.7123711340206186,2026-04-13 17:32:42.258146,2026-04-13 17:32:50.122757,0 days 00:00:07.864611,0.0008161784891513758,566,COMPLETE
631,0.711340206185567,2026-04-13 17:32:50.147192,2026-04-13 17:32:56.502814,0 days 00:00:06.355622,0.0011071170984936715,346,COMPLETE
632,0.7247422680412371,2026-04-13 17:32:56.526963,2026-04-13 17:33:03.844012,0 days 00:00:07.317049,0.0019762630116355703,264,COMPLETE
633,0.7195876288659794,2026-04-13 17:33:03.869544,2026-04-13 17:33:10.193286,0 days 00:00:06.323742,0.0017879111836617266,294,COMPLETE
634,0.7164948453608248,2026-04-13 17:33:10.221318,2026-04-13 17:33:17.677783,0 days 00:00:07.456465,0.0014257079579943887,279,COMPLETE
635,0.7082474226804124,2026-04-13 17:33:17.704322,2026-04-13 17:33:25.434902,0 days 00:00:07.730580,0.0009610475336979613,594,COMPLETE
636,0.711340206185567,2026-04-13 17:33:25.463005,2026-04-13 17:33:32.568214,0 days 00:00:07.105209,0.003437393517730225,580,COMPLETE
637,0.7195876288659794,2026-04-13 17:33:32.592332,2026-04-13 17:33:39.919644,0 days 00:00:07.327312,0.001276585534712073,206,COMPLETE
638,0.7237113402061855,2026-04-13 17:33:39.944014,2026-04-13 17:33:47.007931,0 days 00:00:07.063917,0.000413104455030988,681,COMPLETE
639,0.7164948453608248,2026-04-13 17:33:47.033194,2026-04-13 17:33:54.270472,0 days 00:00:07.237278,0.0007543066127083059,145,COMPLETE
640,0.7154639175257732,2026-04-13 17:33:54.296541,2026-04-13 17:34:00.677882,0 days 00:00:06.381341,0.0054460180044816064,328,COMPLETE
641,0.7195876288659794,2026-04-13 17:34:00.703522,2026-04-13 17:34:07.846110,0 days 00:00:07.142588,0.004294773935597817,59,COMPLETE
642,0.7154639175257732,2026-04-13 17:34:07.876291,2026-04-13 17:34:14.763877,0 days 00:00:06.887586,7.02687845726872e-05,546,COMPLETE
643,0.7154639175257732,2026-04-13 17:34:14.789118,2026-04-13 17:34:22.261714,0 days 00:00:07.472596,1.0392295249168059e-05,234,COMPLETE
644,0.7185567010309278,2026-04-13 17:34:22.288628,2026-04-13 17:34:29.077586,0 days 00:00:06.788958,0.0021544656055389874,491,COMPLETE
645,0.7216494845360825,2026-04-13 17:34:29.111566,2026-04-13 17:34:36.851046,0 days 00:00:07.739480,0.0016929086059524257,563,COMPLETE
646,0.7134020618556701,2026-04-13 17:34:36.877128,2026-04-13 17:34:43.859527,0 days 00:00:06.982399,0.00296521435486514,279,COMPLETE
647,0.7185567010309278,2026-04-13 17:34:43.889177,2026-04-13 17:34:50.552345,0 days 00:00:06.663168,0.0011341844992500945,245,COMPLETE
648,0.7175257731958763,2026-04-13 17:34:50.578282,2026-04-13 17:34:58.514380,0 days 00:00:07.936098,0.0009045484203161798,518,COMPLETE
649,0.7154639175257732,2026-04-13 17:34:58.539181,2026-04-13 17:35:05.868599,0 days 00:00:07.329418,0.0005798263361702409,713,COMPLETE
650,0.7175257731958763,2026-04-13 17:35:05.894904,2026-04-13 17:35:13.453538,0 days 00:00:07.558634,0.0014975073807111054,262,COMPLETE
651,0.7216494845360825,2026-04-13 17:35:13.479523,2026-04-13 17:35:19.911345,0 days 00:00:06.431822,0.003762266910877007,221,COMPLETE
652,0.7329896907216494,2026-04-13 17:35:19.939429,2026-04-13 17:35:28.211398,0 days 00:00:08.271969,0.0012844273949249093,654,COMPLETE
653,0.7268041237113402,2026-04-13 17:35:28.242320,2026-04-13 17:35:35.894704,0 days 00:00:07.652384,0.001279366287499864,663,COMPLETE
654,0.7195876288659794,2026-04-13 17:35:35.918943,2026-04-13 17:35:43.604077,0 days 00:00:07.685134,0.0012493313016793224,675,COMPLETE
655,0.7268041237113402,2026-04-13 17:35:43.630772,2026-04-13 17:35:51.970351,0 days 00:00:08.339579,0.001033700744423264,682,COMPLETE
656,0.7206185567010309,2026-04-13 17:35:51.996866,2026-04-13 17:35:59.041096,0 days 00:00:07.044230,0.0010491288170586305,658,COMPLETE
657,0.7185567010309278,2026-04-13 17:35:59.068247,2026-04-13 17:36:07.545629,0 days 00:00:08.477382,0.000984246345037641,655,COMPLETE
658,0.709278350515464,2026-04-13 17:36:07.572223,2026-04-13 17:36:15.599995,0 days 00:00:08.027772,0.001231845102983391,678,COMPLETE
659,0.7175257731958763,2026-04-13 17:36:15.633025,2026-04-13 17:36:23.279006,0 days 00:00:07.645981,0.0007574318628334676,644,COMPLETE
660,0.7195876288659794,2026-04-13 17:36:23.304748,2026-04-13 17:36:31.618793,0 days 00:00:08.314045,0.0009047693972834541,687,COMPLETE
661,0.7216494845360825,2026-04-13 17:36:31.644569,2026-04-13 17:36:38.831287,0 days 00:00:07.186718,0.00132711406873233,686,COMPLETE
662,0.7144329896907217,2026-04-13 17:36:38.855499,2026-04-13 17:36:46.946862,0 days 00:00:08.091363,0.0010830751402888768,656,COMPLETE
663,0.7195876288659794,2026-04-13 17:36:46.974713,2026-04-13 17:36:54.568990,0 days 00:00:07.594277,0.0008343097570677419,666,COMPLETE
664,0.7164948453608248,2026-04-13 17:36:54.599126,2026-04-13 17:37:02.143843,0 days 00:00:07.544717,0.0014544980671032173,673,COMPLETE
665,0.7144329896907217,2026-04-13 17:37:02.171339,2026-04-13 17:37:10.319411,0 days 00:00:08.148072,0.0011505142263823491,673,COMPLETE
666,0.7247422680412371,2026-04-13 17:37:10.345406,2026-04-13 17:37:17.509039,0 days 00:00:07.163633,0.0006685237747666217,703,COMPLETE
667,0.7072164948453609,2026-04-13 17:37:17.535682,2026-04-13 17:37:25.753312,0 days 00:00:08.217630,0.0009971918154778043,680,COMPLETE
668,0.7195876288659794,2026-04-13 17:37:25.781760,2026-04-13 17:37:33.181570,0 days 00:00:07.399810,0.0013416044528338773,644,COMPLETE
669,0.7195876288659794,2026-04-13 17:37:33.219822,2026-04-13 17:37:41.121015,0 days 00:00:07.901193,0.0016691636400654962,706,COMPLETE
670,0.7123711340206186,2026-04-13 17:37:41.145911,2026-04-13 17:37:49.241027,0 days 00:00:08.095116,0.0012275354963813489,688,COMPLETE
671,0.7298969072164948,2026-04-13 17:37:49.266335,2026-04-13 17:37:56.219379,0 days 00:00:06.953044,0.0008672077724765289,659,COMPLETE
672,0.7082474226804124,2026-04-13 17:37:56.258484,2026-04-13 17:38:04.485305,0 days 00:00:08.226821,0.0008034894723822856,659,COMPLETE
673,0.7164948453608248,2026-04-13 17:38:04.510280,2026-04-13 17:38:11.813838,0 days 00:00:07.303558,0.0009198495079934864,691,COMPLETE
674,0.7082474226804124,2026-04-13 17:38:11.844477,2026-04-13 17:38:19.764876,0 days 00:00:07.920399,0.000641922271877139,654,COMPLETE
675,0.7164948453608248,2026-04-13 17:38:19.790472,2026-04-13 17:38:27.935380,0 days 00:00:08.144908,0.0007228455750411984,633,COMPLETE
676,0.7195876288659794,2026-04-13 17:38:27.960728,2026-04-13 17:38:34.943609,0 days 00:00:06.982881,0.0009778166256291737,646,COMPLETE
677,0.7144329896907217,2026-04-13 17:38:34.966844,2026-04-13 17:38:43.088076,0 days 00:00:08.121232,0.0008138559001345385,669,COMPLETE
678,0.7237113402061855,2026-04-13 17:38:43.113185,2026-04-13 17:38:50.092512,0 days 00:00:06.979327,0.0011092484056960308,623,COMPLETE
679,0.7154639175257732,2026-04-13 17:38:50.119534,2026-04-13 17:38:58.240990,0 days 00:00:08.121456,0.0013701354800367855,664,COMPLETE
680,0.7247422680412371,2026-04-13 17:38:58.265030,2026-04-13 17:39:06.297219,0 days 00:00:08.032189,0.0009986620220810546,694,COMPLETE
681,0.7195876288659794,2026-04-13 17:39:06.334226,2026-04-13 17:39:13.454876,0 days 00:00:07.120650,0.000550285366563746,639,COMPLETE
682,0.7185567010309278,2026-04-13 17:39:13.480849,2026-04-13 17:39:21.929436,0 days 00:00:08.448587,0.0015452546674389032,648,COMPLETE
683,0.7216494845360825,2026-04-13 17:39:21.955869,2026-04-13 17:39:29.090415,0 days 00:00:07.134546,0.0008558518311805722,673,COMPLETE
684,0.7175257731958763,2026-04-13 17:39:29.115343,2026-04-13 17:39:37.204542,0 days 00:00:08.089199,0.0011413573034507374,632,COMPLETE
685,0.7185567010309278,2026-04-13 17:39:37.230862,2026-04-13 17:39:44.924344,0 days 00:00:07.693482,0.000699575547009946,667,COMPLETE
686,0.7041237113402062,2026-04-13 17:39:44.959449,2026-04-13 17:39:52.530015,0 days 00:00:07.570566,0.0012776209633901389,685,COMPLETE
687,0.711340206185567,2026-04-13 17:39:52.555175,2026-04-13 17:40:00.676401,0 days 00:00:08.121226,0.0015096175473052005,658,COMPLETE
688,0.711340206185567,2026-04-13 17:40:00.702719,2026-04-13 17:40:08.098883,0 days 00:00:07.396164,0.0010381233368488168,709,COMPLETE
689,0.7154639175257732,2026-04-13 17:40:08.123693,2026-04-13 17:40:16.314568,0 days 00:00:08.190875,0.0008774677121974835,696,COMPLETE
690,0.7206185567010309,2026-04-13 17:40:16.339799,2026-04-13 17:40:24.355761,0 days 00:00:08.015962,0.00173908311512649,660,COMPLETE
691,0.7164948453608248,2026-04-13 17:40:24.386365,2026-04-13 17:40:31.964288,0 days 00:00:07.577923,0.0012295776491008483,651,COMPLETE
692,0.7206185567010309,2026-04-13 17:40:31.989796,2026-04-13 17:40:40.353376,0 days 00:00:08.363580,0.000491186691410755,674,COMPLETE
693,0.7247422680412371,2026-04-13 17:40:40.376988,2026-04-13 17:40:47.476280,0 days 00:00:07.099292,0.0014641960947329368,693,COMPLETE
694,0.7154639175257732,2026-04-13 17:40:47.502398,2026-04-13 17:40:55.734691,0 days 00:00:08.232293,0.0010374731888833483,682,COMPLETE
695,0.7237113402061855,2026-04-13 17:40:55.762325,2026-04-13 17:41:03.605049,0 days 00:00:07.842724,0.0008373091298942423,612,COMPLETE
696,0.7134020618556701,2026-04-13 17:41:03.634651,2026-04-13 17:41:10.905388,0 days 00:00:07.270737,0.0006574021347976705,632,COMPLETE
697,0.7175257731958763,2026-04-13 17:41:10.930912,2026-04-13 17:41:18.548784,0 days 00:00:07.617872,0.0002092683359626184,314,COMPLETE
698,0.722680412371134,2026-04-13 17:41:18.574773,2026-04-13 17:41:25.125360,0 days 00:00:06.550587,0.001246943988810568,337,COMPLETE
699,0.7103092783505155,2026-04-13 17:41:25.148879,2026-04-13 17:41:33.328634,0 days 00:00:08.179755,0.0019323231386184924,722,COMPLETE
700,0.711340206185567,2026-04-13 17:41:33.353673,2026-04-13 17:41:40.457465,0 days 00:00:07.103792,0.0016669867825350982,691,COMPLETE
701,0.7206185567010309,2026-04-13 17:41:40.490419,2026-04-13 17:41:48.619786,0 days 00:00:08.129367,0.001025951927392322,664,COMPLETE
702,0.7134020618556701,2026-04-13 17:41:48.644738,2026-04-13 17:41:55.907489,0 days 00:00:07.262751,0.001378023969126351,299,COMPLETE
703,0.7195876288659794,2026-04-13 17:41:55.931986,2026-04-13 17:42:03.393010,0 days 00:00:07.461024,0.000776317958799556,703,COMPLETE
704,0.711340206185567,2026-04-13 17:42:03.418612,2026-04-13 17:42:11.068449,0 days 00:00:07.649837,0.0011493005170570662,361,COMPLETE
705,0.7175257731958763,2026-04-13 17:42:11.094595,2026-04-13 17:42:17.317300,0 days 00:00:06.222705,0.0015612171396514034,272,COMPLETE
706,0.7175257731958763,2026-04-13 17:42:17.342170,2026-04-13 17:42:24.461173,0 days 00:00:07.119003,0.0009220490174302416,102,COMPLETE
707,0.7175257731958763,2026-04-13 17:42:24.485898,2026-04-13 17:42:30.515266,0 days 00:00:06.029368,0.0005984006142777821,74,COMPLETE
708,0.7195876288659794,2026-04-13 17:42:30.542306,2026-04-13 17:42:38.846346,0 days 00:00:08.304040,0.001273820589274648,675,COMPLETE
709,0.7164948453608248,2026-04-13 17:42:38.872120,2026-04-13 17:42:46.000647,0 days 00:00:07.128527,0.0018055740860039248,653,COMPLETE
710,0.7247422680412371,2026-04-13 17:42:46.032258,2026-04-13 17:42:54.069456,0 days 00:00:08.037198,0.0010741340316597103,326,COMPLETE
711,0.7195876288659794,2026-04-13 17:42:54.093756,2026-04-13 17:43:01.531065,0 days 00:00:07.437309,0.0007709056506204008,344,COMPLETE
712,0.7185567010309278,2026-04-13 17:43:01.561681,2026-04-13 17:43:08.115357,0 days 00:00:06.553676,0.0014231891945458328,288,COMPLETE
713,0.709278350515464,2026-04-13 17:43:08.141693,2026-04-13 17:43:16.483814,0 days 00:00:08.342121,0.0019254011696592567,714,COMPLETE
714,0.7185567010309278,2026-04-13 17:43:16.512887,2026-04-13 17:43:22.577721,0 days 00:00:06.064834,0.0009694521246842246,125,COMPLETE
715,0.7154639175257732,2026-04-13 17:43:22.603299,2026-04-13 17:43:30.624120,0 days 00:00:08.020821,0.00045004945533438717,624,COMPLETE
716,0.7206185567010309,2026-04-13 17:43:30.648879,2026-04-13 17:43:37.804387,0 days 00:00:07.155508,0.0012055781523504327,669,COMPLETE
717,0.7175257731958763,2026-04-13 17:43:37.830757,2026-04-13 17:43:45.840259,0 days 00:00:08.009502,0.00011175211396602102,638,COMPLETE
718,0.7175257731958763,2026-04-13 17:43:45.865469,2026-04-13 17:43:52.699334,0 days 00:00:06.833865,0.001568241831088114,257,COMPLETE
719,0.7185567010309278,2026-04-13 17:43:52.729534,2026-04-13 17:43:59.730810,0 days 00:00:07.001276,0.000831261540645123,306,COMPLETE
720,0.7164948453608248,2026-04-13 17:43:59.757676,2026-04-13 17:44:06.788236,0 days 00:00:07.030560,0.0006404611279537864,85,COMPLETE
721,0.722680412371134,2026-04-13 17:44:06.822305,2026-04-13 17:44:14.118124,0 days 00:00:07.295819,0.0012854635269500781,681,COMPLETE
722,0.722680412371134,2026-04-13 17:44:14.143405,2026-04-13 17:44:21.709502,0 days 00:00:07.566097,0.0010558190318751609,273,COMPLETE
723,0.7164948453608248,2026-04-13 17:44:21.737551,2026-04-13 17:44:28.735028,0 days 00:00:06.997477,0.0016820532503819684,656,COMPLETE
724,0.7206185567010309,2026-04-13 17:44:28.760287,2026-04-13 17:44:36.379270,0 days 00:00:07.618983,0.0020293821469513553,359,COMPLETE
725,0.7195876288659794,2026-04-13 17:44:36.404230,2026-04-13 17:44:42.295309,0 days 00:00:05.891079,0.00145353841511967,56,COMPLETE
