"symbol","company","identifier","sedol","weight","sector","shares_held","local_currency"
"NVDA","NVIDIA CORP","67066G104","2379504",0.0778885079157431,"-",286089706,"USD"
"AAPL","APPLE INC","037833100","2046251",0.0661427130326533,"-",173964810,"USD"
"MSFT","MICROSOFT CORP","594918104","2588173",0.0522735816604302,"-",87502308,"USD"
"AMZN","AMAZON.COM INC","023135106","2000019",0.0356733756880063,"-",114527555,"USD"
"GOOGL","ALPHABET INC CL A","02079K305","BYVY8G0",0.0309080097427794,"-",68494044,"USD"
"AVGO","BROADCOM INC","11135F101","BDZ78H9",0.027766717170271,"-",55595046,"USD"
"GOOG","ALPHABET INC CL C","02079K107","BYY88Y7",0.0246750497567257,"-",54742752,"USD"
"META","META PLATFORMS INC CLASS A","30303M102","B7TL820",0.0243242519092329,"-",25639431,"USD"
"TSLA","TESLA INC","88160R101","B616C79",0.0194248380043715,"-",33079686,"USD"
"BRK-B","BERKSHIRE HATHAWAY INC CL B","084670702","2073390",0.0157848826197906,"-",21586652,"USD"
"LLY","ELI LILLY + CO","532457108","2516152",0.0135849973219423,"-",9351171,"USD"
"JPM","JPMORGAN CHASE + CO","46625H100","2190385",0.0134767224287369,"-",32046360,"USD"
"XOM","EXXON MOBIL CORP","30231G102","2326618",0.0113334758455842,"-",49657166,"USD"
"JNJ","JOHNSON + JOHNSON","478160104","2475833",0.0102075050008853,"-",28369027,"USD"
"WMT","WALMART INC","931142103","2936921",0.00961992711064656,"-",51633165,"USD"
"V","VISA INC CLASS A SHARES","92826C839","B2PZN04",0.00905415027310546,"-",19871440,"USD"
"MU","MICRON TECHNOLOGY INC","595112103","2588184",0.00796374746068762,"-",13215983,"USD"
"COST","COSTCO WHOLESALE CORP","22160K105","2701271",0.00778285575220925,"-",5218091,"USD"
"MA","MASTERCARD INC   A","57636Q104","B121557",0.00713733848786658,"-",9654303,"USD"
"NFLX","NETFLIX INC","64110L106","2857817",0.00699411587686725,"-",49886937,"USD"
"ABBV","ABBVIE INC","00287Y109","B92SR70",0.00696930329738571,"-",20802023,"USD"
"CVX","CHEVRON CORP","166764100","2838555",0.00652476792684355,"-",22283179,"USD"
"PG","PROCTER + GAMBLE CO/THE","742718109","2704407",0.00615515053821987,"-",27511512,"USD"
"PLTR","PALANTIR TECHNOLOGIES INC A","69608A108","BN78DQ4",0.00613659112897057,"-",26892469,"USD"
"HD","HOME DEPOT INC","437076102","2434209",0.00590288264344257,"-",11715641,"USD"
"CAT","CATERPILLAR INC","149123101","2180201",0.00573874943118662,"-",5509393,"USD"
"GE","GENERAL ELECTRIC","369604301","BL59CR9",0.00566188046015569,"-",12418210,"USD"
"AMD","ADVANCED MICRO DEVICES","007903107","2007849",0.00563413639446927,"-",19166593,"USD"
"BAC","BANK OF AMERICA CORP","060505104","2295677",0.00554178957647948,"-",79097856,"USD"
"CSCO","CISCO SYSTEMS INC","17275R102","2198163",0.0053616082281395,"-",46394085,"USD"
"KO","COCA COLA CO/THE","191216100","2206657",0.0052224977018849,"-",45577284,"USD"
"MRK","MERCK + CO. INC.","58933Y105","2778844",0.00503485256955571,"-",29219844,"USD"
"RTX","RTX CORP","75513E101","BM5M5Y3",0.00476585619377312,"-",15789607,"USD"
"AMAT","APPLIED MATERIALS INC","038222105","2046552",0.00470179371537782,"-",9377738,"USD"
"PM","PHILIP MORRIS INTERNATIONAL","718172109","B2PKRQ3",0.00468562551842533,"-",18325311,"USD"
"ORCL","ORACLE CORP","68389X105","2661568",0.00468446493003023,"-",19798764,"USD"
"LRCX","LAM RESEARCH CORP","512807306","BSML4N7",0.0046047044930839,"-",14786005,"USD"
"UNH","UNITEDHEALTH GROUP INC","91324P102","2917766",0.00439028578708834,"-",10659750,"USD"
"WFC","WELLS FARGO + CO","949746101","2649100",0.00413394582785581,"-",36954739,"USD"
"GS","GOLDMAN SACHS GROUP INC","38141G104","2407966",0.00413347558945434,"-",3530744,"USD"
"IBM","INTL BUSINESS MACHINES CORP","459200101","2005973",0.00405153404673101,"-",11003746,"USD"
"MCD","MCDONALD S CORP","580135101","2550707",0.004036536443246,"-",8382936,"USD"
"LIN","LINDE PLC","G54950103","BNZHB81",0.00400705149496692,"-",5496387,"USD"
"GEV","GE VERNOVA INC","36828A101","BP6H4Y1",0.00395043279041609,"-",3193563,"USD"
"PEP","PEPSICO INC","713448108","2681511",0.00380101703961875,"-",16095240,"USD"
"VZ","VERIZON COMMUNICATIONS INC","92343V104","2090571",0.0037367244445589,"-",49647237,"USD"
"INTC","INTEL CORP","458140100","2463247",0.00355026991584193,"-",52778170,"USD"
"AMGN","AMGEN INC","031162100","2023607",0.00346528683111764,"-",6337992,"USD"
"T","AT+T INC","00206R102","2831811",0.00339759251145146,"-",83443362,"USD"
"NEE","NEXTERA ENERGY INC","65339F101","2328915",0.00334251458804585,"-",24511734,"USD"
"CRM","SALESFORCE INC","79466L302","2310525",0.00331827229768948,"-",11201075,"USD"
"C","CITIGROUP INC","172967424","2297907",0.00330308459782941,"-",21061013,"USD"
"ABT","ABBOTT LABORATORIES","002824100","2002305",0.00329014803925294,"-",20466415,"USD"
"MS","MORGAN STANLEY","617446448","2262314",0.00326268411559292,"-",14217514,"USD"
"KLAC","KLA CORP","482480100","2480138",0.00323928225131577,"-",1545873,"USD"
"GILD","GILEAD SCIENCES INC","375558103","2369174",0.00313575976748692,"-",14608928,"USD"
"TMO","THERMO FISHER SCIENTIFIC INC","883556102","2886907",0.00312542452772707,"-",4422257,"USD"
"DIS","WALT DISNEY CO/THE","254687106","2270726",0.00310589462645772,"-",21012692,"USD"
"TJX","TJX COMPANIES INC","872540109","2989301",0.00303247740539499,"-",13093917,"USD"
"TXN","TEXAS INSTRUMENTS INC","882508104","2885409",0.00302156187143758,"-",10694864,"USD"
"ISRG","INTUITIVE SURGICAL INC","46120E602","2871301",0.00297155651972437,"-",4170760,"USD"
"AXP","AMERICAN EXPRESS CO","025816109","2026082",0.00283814888472158,"-",6324106,"USD"
"APH","AMPHENOL CORP CL A","032095101","2145084",0.00281467698493782,"-",14401729,"USD"
"BA","BOEING CO/THE","097023105","2108601",0.00280539227777699,"-",9216391,"USD"
"PFE","PFIZER INC","717081103","2684703",0.0026716644804583,"-",66909607,"USD"
"SCHW","SCHWAB (CHARLES) CORP","808513105","2779397",0.00266544132544317,"-",19651511,"USD"
"UBER","UBER TECHNOLOGIES INC","90353T100","BK6N347",0.00265160431035326,"-",24444226,"USD"
"ADI","ANALOG DEVICES INC","032654105","2032067",0.00264368029303496,"-",5787630,"USD"
"COP","CONOCOPHILLIPS","20825C104","2685717",0.00259863745721806,"-",14535701,"USD"
"HON","HONEYWELL INTERNATIONAL INC","438516106","2020459",0.00259347483987432,"-",7474693,"USD"
"DE","DEERE + CO","244199105","2261203",0.00257542568931597,"-",2957262,"USD"
"UNP","UNION PACIFIC CORP","907818108","2914734",0.00253292414188145,"-",6980178,"USD"
"WELL","WELLTOWER INC","95040Q104","BYVYHH4",0.00247478466633014,"-",8073490,"USD"
"QCOM","QUALCOMM INC","747525103","2714923",0.00245645537374538,"-",12599455,"USD"
"ANET","ARISTA NETWORKS INC","040413205","BL9XPM3",0.00242211796536608,"-",12156429,"USD"
"BKNG","BOOKING HOLDINGS INC","09857L108","BDRXDB4",0.00237719519041764,"-",379141,"USD"
"ETN","EATON CORP PLC","G29183103","B8KQN82",0.00236810057963186,"-",4569155,"USD"
"LOW","LOWE S COS INC","548661107","2536763",0.00234860069357963,"-",6597899,"USD"
"PANW","PALO ALTO NETWORKS INC","697435105","B87ZMX0",0.00233853559077381,"-",9356989,"USD"
"BLK","BLACKROCK INC","09290D101","BMZBBT7",0.00233042147708045,"-",1698604,"USD"
"LMT","LOCKHEED MARTIN CORP","539830109","2522096",0.00232916083796163,"-",2399997,"USD"
"SPGI","S+P GLOBAL INC","78409V104","BYV2325",0.00227964573479463,"-",3653757,"USD"
"NEM","NEWMONT CORP","651639106","2636607",0.00218455752697503,"-",12836465,"USD"
"PLD","PROLOGIS INC","74340W103","B44WZD7",0.00214605800848914,"-",10944833,"USD"
"APP","APPLOVIN CORP CLASS A","03831W108","BMV3LG4",0.00212877924850341,"-",3186968,"USD"
"ACN","ACCENTURE PLC CL A","G1151C101","B4BNMY3",0.00212622795504865,"-",7295503,"USD"
"INTU","INTUIT INC","461202103","2459020",0.00212569768621296,"-",3286197,"USD"
"VRTX","VERTEX PHARMACEUTICALS INC","92532F100","2931034",0.00212552759998264,"-",2990430,"USD"
"CB","CHUBB LTD","H1467J104","B3BQMF6",0.00210724833275974,"-",4313934,"USD"
"PGR","PROGRESSIVE CORP","743315103","2705024",0.00210368652699546,"-",6896963,"USD"
"BMY","BRISTOL MYERS SQUIBB CO","110122108","2126335",0.00209839384371088,"-",23945015,"USD"
"NOW","SERVICENOW INC","81762P102","B80NXX8",0.00205342104340058,"-",12227212,"USD"
"DHR","DANAHER CORP","235851102","2250870",0.0020476381115698,"-",7395113,"USD"
"MCK","MCKESSON CORP","58155Q103","2378534",0.00204227539277863,"-",1454751,"USD"
"SYK","STRYKER CORP","863667101","2853688",0.00202933883420216,"-",4048241,"USD"
"-","US DOLLAR","999USDZ92","-",0.00202202512629853,"-",1360185797.53,"USD"
"PH","PARKER HANNIFIN CORP","701094104","2671501",0.00199456120263851,"-",1487203,"USD"
"SBUX","STARBUCKS CORP","855244109","2842255",0.00199126953382826,"-",13370899,"USD"
"MO","ALTRIA GROUP INC","02209S103","2692632",0.00198888832660382,"-",19756277,"USD"
"ADBE","ADOBE INC","00724F101","2008154",0.00197872317307429,"-",4933861,"USD"
"COF","CAPITAL ONE FINANCIAL CORP","14040H105","2654461",0.00197279016515793,"-",7478533,"USD"
"CME","CME GROUP INC","12572Q105","2965839",0.00196580662464256,"-",4249390,"USD"
"MDT","MEDTRONIC PLC","G5960L103","BTN1Y11",0.00196287513843769,"-",15110974,"USD"
"CRWD","CROWDSTRIKE HOLDINGS INC   A","22788C105","BJJP138",0.0019415643342862,"-",2957963,"USD"
"CMCSA","COMCAST CORP CLASS A","20030N101","2044545",0.00192063372288483,"-",42837641,"USD"
"SO","SOUTHERN CO/THE","842587107","2829601",0.00188675654783462,"-",12972163,"USD"
"TMUS","T MOBILE US INC","872590104","B94Q9V0",0.00180654588263158,"-",5668864,"USD"
"DUK","DUKE ENERGY CORP","26441C204","B7VD3F2",0.0017919584871138,"-",9144465,"USD"
"BSX","BOSTON SCIENTIFIC CORP","101137107","2113434",0.00177667073653001,"-",17434564,"USD"
"GLW","CORNING INC","219350105","2224701",0.0017727287380156,"-",9189271,"USD"
"NOC","NORTHROP GRUMMAN CORP","666807102","2648806",0.00173083749999575,"-",1581295,"USD"
"HWM","HOWMET AEROSPACE INC","443201108","BKLJ8V2",0.00171774086026134,"-",4739136,"USD"
"CVS","CVS HEALTH CORP","126650100","2577609",0.00168958658660768,"-",14940991,"USD"
"EQIX","EQUINIX INC","29444U700","BVLZX12",0.00166635480856084,"-",1153854,"USD"
"CEG","CONSTELLATION ENERGY","21037T109","BMH4FS1",0.00164588443048857,"-",3671571,"USD"
"TT","TRANE TECHNOLOGIES PLC","G8994E103","BK9ZQ96",0.00163892090011794,"-",2613623,"USD"
"SNDK","SANDISK CORP","80004C200","BSNPZV3",0.00159876053961838,"-",1737923,"USD"
"ICE","INTERCONTINENTAL EXCHANGE IN","45866F104","BFSSDS9",0.00158460336221257,"-",6720491,"USD"
"GD","GENERAL DYNAMICS CORP","369550108","2365161",0.0015780100195197,"-",2988216,"USD"
"WDC","WESTERN DIGITAL CORP","958102105","2954699",0.00156466325297599,"-",4029880,"USD"
"WMB","WILLIAMS COS INC","969457100","2967181",0.0015623720914029,"-",14398047,"USD"
"WM","WASTE MANAGEMENT INC","94106L109","2937667",0.00154382268722597,"-",4369618,"USD"
"HCA","HCA HEALTHCARE INC","40412C101","B4MGBG6",0.00149063572249859,"-",1882776,"USD"
"FCX","FREEPORT MCMORAN INC","35671D857","2352118",0.00148985532685361,"-",16926303,"USD"
"PWR","QUANTA SERVICES INC","74762E102","2150204",0.00147920992985024,"-",1755204,"USD"
"AMT","AMERICAN TOWER CORP","03027X100","B7FBFL2",0.00147157605963071,"-",5503777,"USD"
"MRSH","MARSH + MCLENNAN COS","571748102","2567741",0.00146683365532658,"-",5774342,"USD"
"ADP","AUTOMATIC DATA PROCESSING","053015103","2065308",0.00145804920178432,"-",4766981,"USD"
"BK","BANK OF NEW YORK MELLON CORP","064058100","B1Z77F6",0.00143105551652577,"-",8219352,"USD"
"STX","SEAGATE TECHNOLOGY HOLDINGS","G7997R103","BKVD2N4",0.00142765379191943,"-",2567954,"USD"
"JCI","JOHNSON CONTROLS INTERNATION","G51502105","BY7QL61",0.00140212084722713,"-",7203184,"USD"
"USB","US BANCORP","902973304","2736035",0.00139977966029217,"-",18290859,"USD"
"PNC","PNC FINANCIAL SERVICES GROUP","693475105","2692665",0.00139269606905309,"-",4622062,"USD"
"MMM","3M CO","88579Y101","2595708",0.00138779358359101,"-",6261223,"USD"
"CDNS","CADENCE DESIGN SYS INC","127387108","2302232",0.00138219074306292,"-",3202608,"USD"
"ORLY","O REILLY AUTOMOTIVE INC","67103H107","B65LWX6",0.0013751871924028,"-",9949093,"USD"
"SNPS","SYNOPSYS INC","871607107","2867719",0.00136281091787915,"-",2189396,"USD"
"MSI","MOTOROLA SOLUTIONS INC","620076307","B5BKPQ4",0.00135090488175695,"-",1964277,"USD"
"FDX","FEDEX CORP","31428X106","2142784",0.00134284079342545,"-",2558007,"USD"
"BX","BLACKSTONE INC","09260D107","BKF2SL7",0.0013197190711747,"-",8693264,"USD"
"REGN","REGENERON PHARMACEUTICALS","75886F107","2730190",0.00131835838133217,"-",1187823,"USD"
"CMI","CUMMINS INC","231021106","2240202",0.00129931872860903,"-",1622330,"USD"
"EMR","EMERSON ELECTRIC CO","291011104","2313405",0.00129890852064179,"-",6610332,"USD"
"SHW","SHERWIN WILLIAMS CO/THE","824348106","2804211",0.00128330060774211,"-",2717216,"USD"
"CSX","CSX CORP","126408103","2160753",0.00127661721939789,"-",21896049,"USD"
"UPS","UNITED PARCEL SERVICE CL B","911312106","2517382",0.00126553159921017,"-",8696532,"USD"
"EOG","EOG RESOURCES INC","26875P101","2318024",0.00126488126950601,"-",6395565,"USD"
"VLO","VALERO ENERGY CORP","91913Y100","2041364",0.00126020890070848,"-",3594954,"USD"
"CI","THE CIGNA GROUP","125523100","BHJ0775",0.00124397066824939,"-",3147283,"USD"
"CL","COLGATE PALMOLIVE CO","194162103","2209106",0.0012421697552225,"-",9500707,"USD"
"AEP","AMERICAN ELECTRIC POWER","025537101","2026242",0.00123751739656971,"-",6296022,"USD"
"MAR","MARRIOTT INTERNATIONAL  CL A","571903202","2210614",0.00123442582920689,"-",2625214,"USD"
"ECL","ECOLAB INC","278865100","2304227",0.00122925320679078,"-",2997218,"USD"
"MDLZ","MONDELEZ INTERNATIONAL INC A","609207105","B8CKK03",0.00122880297853406,"-",15208851,"USD"
"ITW","ILLINOIS TOOL WORKS","452308109","2457552",0.00122862288723137,"-",3111490,"USD"
"PSX","PHILLIPS 66","718546104","B78C4Y8",0.00122612161913847,"-",4737750,"USD"
"MPC","MARATHON PETROLEUM CORP","56585A102","B3K3L40",0.0012118143656471,"-",3543145,"USD"
"TDG","TRANSDIGM GROUP INC","893641100","B11FJK3",0.00120866276785004,"-",663202,"USD"
"GM","GENERAL MOTORS CO","37045V100","B665KZ5",0.00120055865922906,"-",10995192,"USD"
"HLT","HILTON WORLDWIDE HOLDINGS IN","43300A203","BYVMW06",0.00119843758388628,"-",2739656,"USD"
"COR","CENCORA INC","03073E105","2795393",0.00119799736070193,"-",2285199,"USD"
"ROST","ROSS STORES INC","778296103","2746711",0.00119319492596357,"-",3833152,"USD"
"AON","AON PLC CLASS A","G0403H108","BLP1HW5",0.00118976318614011,"-",2533429,"USD"
"WBD","WARNER BROS DISCOVERY INC","934423104","BM8JYX3",0.00118975318106774,"-",29177092,"USD"
"TRV","TRAVELERS COS INC/THE","89417E109","2769503",0.00118037842825556,"-",2629134,"USD"
"RCL","ROYAL CARIBBEAN CRUISES LTD","V7780T103","2754907",0.00117995821521595,"-",2978513,"USD"
"CRH","CRH PLC","G25508105","B01ZKD6",0.00117124379718029,"-",7900112,"USD"
"LHX","L3HARRIS TECHNOLOGIES INC","502431109","BK9DTN5",0.00117090362471966,"-",2200874,"USD"
"SLB","SLB LTD","806857108","2779201",0.0011648305457901,"-",17584525,"USD"
"CTAS","CINTAS CORP","172908105","2197137",0.00115670642702437,"-",4026194,"USD"
"MCO","MOODY S CORP","615369105","2252058",0.00114648124306061,"-",1808390,"USD"
"NSC","NORFOLK SOUTHERN CORP","655844108","2641894",0.0011451805836523,"-",2644879,"USD"
"KMI","KINDER MORGAN INC","49456B101","B3NQ4P8",0.00114303949816478,"-",23048752,"USD"
"APD","AIR PRODUCTS + CHEMICALS INC","009158106","2011602",0.00113296439028659,"-",2623676,"USD"
"NKE","NIKE INC  CL B","654106103","2640147",0.00112531050992232,"-",13984526,"USD"
"ELV","ELEVANCE HEALTH INC","036752103","BSPHGL4",0.00112090827807882,"-",2619116,"USD"
"PCAR","PACCAR INC","693718108","2665861",0.00107323410822819,"-",6180005,"USD"
"SPG","SIMON PROPERTY GROUP INC","828806109","2812452",0.00107322410315582,"-",3848926,"USD"
"SRE","SEMPRA","816851109","2138158",0.00106400943150158,"-",7680497,"USD"
"DASH","DOORDASH INC   A","25809K105","BN13P03",0.00105947713371725,"-",4406132,"USD"
"AZO","AUTOZONE INC","053332102","2065955",0.001052873785952,"-",195961,"USD"
"HOOD","ROBINHOOD MARKETS INC   A","770700102","BP0TQN6",0.00104880172149676,"-",9268466,"USD"
"O","REALTY INCOME CORP","756109104","2724193",0.00104817140193735,"-",10842497,"USD"
"TEL","TE CONNECTIVITY PLC","G87052109","BRC3N84",0.00101981702683627,"-",3467513,"USD"
"DLR","DIGITAL REALTY TRUST INC","253868103","B03GQS4",0.00101373394283434,"-",3805800,"USD"
"KKR","KKR + CO INC","48251W104","BG1FRR1",0.00100883145737226,"-",8090481,"USD"
"TFC","TRUIST FINANCIAL CORP","89832Q109","BKP7287",0.000994534208953255,"-",15077917,"USD"
"BKR","BAKER HUGHES CO","05722G100","BDHLTQ5",0.000965519499075641,"-",11618843,"USD"
"MNST","MONSTER BEVERAGE CORP","61174X109","BZ07BW4",0.000961397409258546,"-",8400022,"USD"
"ABNB","AIRBNB INC CLASS A","009066101","BMGYYH4",0.000951592438334387,"-",5012694,"USD"
"CTVA","CORTEVA INC","22052L104","BK73B42",0.000944228705068896,"-",7964542,"USD"
"ALL","ALLSTATE CORP","020002101","2019952",0.000940076600034686,"-",3084316,"USD"
"D","DOMINION ENERGY INC","25746U109","2542049",0.000937745418172105,"-",10038311,"USD"
"FTNT","FORTINET INC","34959E109","B5B2106",0.000934773911677742,"-",7450343,"USD"
"OKE","ONEOK INC","682680103","2130109",0.000933193110243031,"-",7391318,"USD"
"ADSK","AUTODESK INC","052769106","2065159",0.000932632826190222,"-",2510579,"USD"
"TGT","TARGET CORP","87612E106","2259101",0.000921207033541865,"-",5353615,"USD"
"AJG","ARTHUR J GALLAGHER + CO","363576109","2359506",0.000917635222705207,"-",3022755,"USD"
"CAH","CARDINAL HEALTH INC","14149Y108","2175672",0.000912092412611346,"-",2800468,"USD"
"FAST","FASTENAL CO","311900104","2332262",0.000909951327123825,"-",13527316,"USD"
"AFL","AFLAC INC","001055102","2026361",0.000906089369188391,"-",5559744,"USD"
"TRGP","TARGA RESOURCES CORP","87612G101","B55PZY3",0.000892492475835399,"-",2520856,"USD"
"ZTS","ZOETIS INC","98978V103","B95WG16",0.000891531988887726,"-",5194195,"USD"
"VST","VISTRA CORP","92840M102","BZ8VJQ8",0.000890721578025627,"-",3754720,"USD"
"EXC","EXELON CORP","30161N101","2670519",0.000875493857876066,"-",11902403,"USD"
"AME","AMETEK INC","031100100","2089212",0.000869540839814969,"-",2713406,"USD"
"MPWR","MONOLITHIC POWER SYSTEMS INC","609839105","B01Z7J1",0.000865758922458508,"-",563298,"USD"
"EW","EDWARDS LIFESCIENCES CORP","28176E108","2567116",0.000860306158015991,"-",6839766,"USD"
"KEYS","KEYSIGHT TECHNOLOGIES IN","49338L103","BQZJ0Q9",0.000852031963164685,"-",2026833,"USD"
"FIX","COMFORT SYSTEMS USA INC","199908104","2036047",0.000846889355965687,"-",414692,"USD"
"NXPI","NXP SEMICONDUCTORS NV","N6596X109","B505PN7",0.000840766251674274,"-",2957706,"USD"
"CIEN","CIENA CORP","171779309","B1FLZ21",0.000833272452467952,"-",1664138,"USD"
"XEL","XCEL ENERGY INC","98389B100","2614807",0.000831151377125175,"-",6969006,"USD"
"GWW","WW GRAINGER INC","384802104","2380863",0.000829570575690464,"-",515661,"USD"
"F","FORD MOTOR CO","345370860","2615468",0.000824528019215182,"-",46067030,"USD"
"PSA","PUBLIC STORAGE","74460D109","2852533",0.000823617557629367,"-",1860799,"USD"
"URI","UNITED RENTALS INC","911363109","2134781",0.00081816479318685,"-",750002,"USD"
"ETR","ENTERGY CORP","29364G103","2317087",0.000817384397541866,"-",5260641,"USD"
"APO","APOLLO GLOBAL MANAGEMENT INC","03769M106","BN44JF6",0.000816023707699329,"-",5472874,"USD"
"BDX","BECTON DICKINSON AND CO","075887109","2087807",0.000800525850595735,"-",3373444,"USD"
"KR","KROGER CO","501044101","2497406",0.000798634891917504,"-",7166889,"USD"
"IDXX","IDEXX LABORATORIES INC","45168D104","2459202",0.000796623872370814,"-",938139,"USD"
"RSG","REPUBLIC SERVICES INC","760759100","2262530",0.000796043578173262,"-",2371731,"USD"
"DELL","DELL TECHNOLOGIES  C","24703L202","BHKD3S6",0.000791641346329762,"-",3552317,"USD"
"TER","TERADYNE INC","880770102","2884183",0.000786508744203136,"-",1845965,"USD"
"CARR","CARRIER GLOBAL CORP","14448C104","BK4N0D7",0.000783597268143003,"-",9331143,"USD"
"EA","ELECTRONIC ARTS INC","285512109","2310194",0.000780265579043263,"-",2636491,"USD"
"COIN","COINBASE GLOBAL INC  CLASS A","19260Q107","BMC9P69",0.000772491637810537,"-",2689256,"USD"
"YUM","YUM  BRANDS INC","988498101","2098876",0.000770330542178274,"-",3270145,"USD"
"CMG","CHIPOTLE MEXICAN GRILL INC","169656105","B0X7DZ3",0.000754352441600843,"-",15584802,"USD"
"OXY","OCCIDENTAL PETROLEUM CORP","674599105","2655408",0.00073314168817307,"-",8443295,"USD"
"PYPL","PAYPAL HOLDINGS INC","70450Y103","BYW36M8",0.000727248700546203,"-",11028160,"USD"
"CVNA","CARVANA CO","146869102","BYQHPG3",0.000725177650565284,"-",1666959,"USD"
"DDOG","DATADOG INC   CLASS A","23804L103","BKT9Y49",0.000725097609986311,"-",3835814,"USD"
"AIG","AMERICAN INTERNATIONAL GROUP","026874784","2027342",0.000723076585367249,"-",6359839,"USD"
"PEG","PUBLIC SERVICE ENTERPRISE GP","744573106","2707677",0.000719574810037193,"-",5869366,"USD"
"WAB","WABTEC CORP","929740108","2955733",0.000718004013674853,"-",2009437,"USD"
"AMP","AMERIPRISE FINANCIAL INC","03076C106","B0J7D57",0.000716763384700776,"-",1095090,"USD"
"ED","CONSOLIDATED EDISON INC","209115104","2216850",0.000714642309357998,"-",4249334,"USD"
"EBAY","EBAY INC","278642103","2293819",0.000712801376041626,"-",5327649,"USD"
"SYY","SYSCO CORP","871829107","2868165",0.000710150031863154,"-",5626077,"USD"
"VTR","VENTAS INC","92276F100","2927925",0.000709459681869514,"-",5536437,"USD"
"EQT","EQT CORP","26884L109","2319414",0.000706268063782977,"-",7349846,"USD"
"MSCI","MSCI INC","55354G100","B2972D2",0.00070609797755266,"-",885582,"USD"
"ROK","ROCKWELL AUTOMATION INC","773903109","2754060",0.000705507678282736,"-",1324920,"USD"
"PCG","P G + E CORP","69331C108","2689560",0.000695452580549287,"-",25889300,"USD"
"AXON","AXON ENTERPRISE INC","05464C101","BDT5S35",0.000687078334974265,"-",925482,"USD"
"FITB","FIFTH THIRD BANCORP","316773100","2336747",0.00068603780744762,"-",10587016,"USD"
"CBRE","CBRE GROUP INC   A","12504L109","B6WVMH3",0.000677003227096073,"-",3454256,"USD"
"GRMN","GARMIN LTD","H2906T109","B3Z5T14",0.000673281340173841,"-",1928657,"USD"
"DHI","DR HORTON INC","23331A109","2250687",0.000667158235882428,"-",3227761,"USD"
"MET","METLIFE INC","59156R108","2573209",0.000667088200375827,"-",6523381,"USD"
"NDAQ","NASDAQ INC","631103108","2965107",0.000664386830835497,"-",5316714,"USD"
"NUE","NUCOR CORP","670346105","2651086",0.000661805522163626,"-",2687202,"USD"
"DAL","DELTA AIR LINES INC","247361702","B1W9D46",0.00065830374683357,"-",7642883,"USD"
"HIG","HARTFORD INSURANCE GROUP INC","416515104","2476193",0.000656272717142137,"-",3284452,"USD"
"WEC","WEC ENERGY GROUP INC","92939U106","BYY8XK8",0.000655732443234071,"-",3833984,"USD"
"ROP","ROPER TECHNOLOGIES INC","776696106","2749602",0.000652340723700101,"-",1265409,"USD"
"CCI","CROWN CASTLE INC","22822V101","BTGQCX1",0.000647378207803792,"-",5120481,"USD"
"KDP","KEURIG DR PEPPER INC","49271V100","BD3W133",0.000639354139761776,"-",15970363,"USD"
"TTWO","TAKE TWO INTERACTIVE SOFTWRE","874054109","2122117",0.000635422146319741,"-",2043208,"USD"
"MLM","MARTIN MARIETTA MATERIALS","573284106","2572079",0.000620284471821524,"-",710384,"USD"
"VMC","VULCAN MATERIALS CO","929160109","2931205",0.000609268887140402,"-",1553564,"USD"
"ADM","ARCHER DANIELS MIDLAND CO","039483102","2047317",0.0006082483697585,"-",5643544,"USD"
"STT","STATE STREET CORP","857477103","2842040",0.000602985701691043,"-",3292104,"USD"
"ACGL","ARCH CAPITAL GROUP LTD","G0450A105","2740542",0.000596132227116503,"-",4256118,"USD"
"MCHP","MICROCHIP TECHNOLOGY INC","595017104","2592174",0.000594911608287169,"-",6379510,"USD"
"RMD","RESMED INC","761152107","2732903",0.00059190008150332,"-",1713195,"USD"
"KVUE","KENVUE INC","49177J102","BQ84ZQ6",0.000583045592454463,"-",22553406,"USD"
"FANG","DIAMONDBACK ENERGY INC","25278X109","B7Y8YR3",0.000577592828011945,"-",2195022,"USD"
"XYZ","BLOCK INC","852234103","BYNZGK1",0.000576692371498502,"-",6476351,"USD"
"KMB","KIMBERLY CLARK CORP","494368103","2491839",0.000568538237515656,"-",3909738,"USD"
"PRU","PRUDENTIAL FINANCIAL INC","744320102","2819118",0.000566277091159676,"-",4125291,"USD"
"ODFL","OLD DOMINION FREIGHT LINE","679580100","2656423",0.000565976938988528,"-",2160274,"USD"
"NRG","NRG ENERGY INC","629377508","2212922",0.000565336614356747,"-",2500309,"USD"
"OTIS","OTIS WORLDWIDE CORP","68902V107","BK531S8",0.000564236056395872,"-",4593429,"USD"
"GEHC","GE HEALTHCARE TECHNOLOGY","36266G107","BL6JPG8",0.000562345097717641,"-",5378683,"USD"
"HSY","HERSHEY CO/THE","427866108","2422806",0.000557082429650184,"-",1738940,"USD"
"EME","EMCOR GROUP INC","29084Q100","2474164",0.000556752262261922,"-",527096,"USD"
"A","AGILENT TECHNOLOGIES INC","00846U101","2520153",0.000555401577491757,"-",3346838,"USD"
"IRM","IRON MOUNTAIN INC","46284V101","BVFTF03",0.000553480603596411,"-",3467294,"USD"
"HBAN","HUNTINGTON BANCSHARES INC","446150104","2445966",0.000550819254345568,"-",23936084,"USD"
"TPL","TEXAS PACIFIC LAND CORP","88262P102","BM99VY2",0.000535231351590629,"-",680654,"USD"
"DTE","DTE ENERGY COMPANY","233331107","2280220",0.000534611037103591,"-",2435808,"USD"
"VICI","VICI PROPERTIES INC","925652109","BYWH073",0.000533900676965208,"-",12522573,"USD"
"MTB","M + T BANK CORP","55261F104","2340168",0.000533700575517776,"-",1811354,"USD"
"CBOE","CBOE GLOBAL MARKETS INC","12503M108","B5834C5",0.000529738566858626,"-",1227722,"USD"
"TDY","TELEDYNE TECHNOLOGIES INC","879360105","2503477",0.000528928155996527,"-",550289,"USD"
"FISV","FISERV INC","337738108","2342034",0.000528407892233204,"-",6339428,"USD"
"CPRT","COPART INC","217204106","2208073",0.000528137755279171,"-",10458360,"USD"
"ATO","ATMOS ENERGY CORP","049560105","2315359",0.000523445376336895,"-",1885098,"USD"
"DG","DOLLAR GENERAL CORP","256677105","B5B1S13",0.000521794539395583,"-",2581843,"USD"
"IBKR","INTERACTIVE BROKERS GRO CL A","45841N107","B1WT4X2",0.000521614448092894,"-",5243340,"USD"
"EXR","EXTRA SPACE STORAGE INC","30225T102","B02HWR9",0.000521304290849375,"-",2501573,"USD"
"PAYX","PAYCHEX INC","704326107","2674458",0.000520253758250358,"-",3817713,"USD"
"AEE","AMEREN CORPORATION","023608102","2050832",0.000518943093769679,"-",3173508,"USD"
"CTSH","COGNIZANT TECH SOLUTIONS A","192446102","2257019",0.000517402312624454,"-",5688891,"USD"
"HAL","HALLIBURTON CO","406216101","2405302",0.000513780476425938,"-",9919938,"USD"
"TPR","TAPESTRY INC","876030107","BF09HX3",0.000511599370648932,"-",2412169,"USD"
"XYL","XYLEM INC","98419M100","B3P2CN8",0.000510168645299794,"-",2859401,"USD"
"IR","INGERSOLL RAND INC","45687V106","BL5GZ82",0.000509268188786351,"-",4220532,"USD"
"WDAY","WORKDAY INC CLASS A","98138H101","B8K6ZD1",0.000507617351845038,"-",2545605,"USD"
"DVN","DEVON ENERGY CORP","25179M103","2480677",0.000505036043173168,"-",7393545,"USD"
"HPE","HEWLETT PACKARD ENTERPRISE","42824C109","BYVYWS0",0.000498902933809383,"-",15551778,"USD"
"CNP","CENTERPOINT ENERGY INC","15189T107","2440637",0.000494010453419675,"-",7656943,"USD"
"ULTA","ULTA BEAUTY INC","90384S303","B28TS42",0.00049127906866223,"-",529018,"USD"
"PPL","PPL CORP","69351T106","2680905",0.00049108897228717,"-",8677396,"USD"
"UAL","UNITED AIRLINES HOLDINGS INC","910047109","B4QG225",0.000490538693306733,"-",3813477,"USD"
"WAT","WATERS CORP","941848103","2937689",0.000489087957812852,"-",1161251.316,"USD"
"DOV","DOVER CORP","260003108","2278407",0.00048775728318743,"-",1609948,"USD"
"IQV","IQVIA HOLDINGS INC","46266C105","BDR73G1",0.000484965867995757,"-",2002275,"USD"
"VRSK","VERISK ANALYTICS INC","92345Y106","B4P9W92",0.000483435091922903,"-",1646231,"USD"
"WTW","WILLIS TOWERS WATSON PLC","G96629103","BDB6Q21",0.000480853783251033,"-",1128504,"USD"
"EIX","EDISON INTERNATIONAL","281020107","2829515",0.000479132910803119,"-",4542079,"USD"
"ES","EVERSOURCE ENERGY","30040W108","BVVN4Q8",0.000478612647039796,"-",4397694,"USD"
"BIIB","BIOGEN INC","09062X103","2455965",0.000475841241992865,"-",1731155,"USD"
"AWK","AMERICAN WATER WORKS CO INC","030420103","B2R3PV1",0.0004726596289787,"-",2299806,"USD"
"JBL","JABIL INC","466313103","2471789",0.000471929258695573,"-",1259060,"USD"
"DOW","DOW INC","260557103","BHXCF84",0.000469698127556709,"-",8407716,"USD"
"EXPE","EXPEDIA GROUP INC","30212P303","B748CK2",0.000466756636279461,"-",1379212,"USD"
"FE","FIRSTENERGY CORP","337932107","2100920",0.000460543486336703,"-",6096061,"USD"
"NTRS","NORTHERN TRUST CORP","665859104","2648668",0.000454980666098098,"-",2229126,"USD"
"CCL","CARNIVAL CORP","143658300","2523044",0.00045480057479541,"-",12790045,"USD"
"FICO","FAIR ISAAC CORP","303250104","2330299",0.000454240290742601,"-",279403,"USD"
"EXE","EXPAND ENERGY CORP","165167735","BMZ5LZ5",0.000449357815425264,"-",2803270,"USD"
"CINF","CINCINNATI FINANCIAL CORP","172062101","2196888",0.000448967617602772,"-",1838959,"USD"
"FIS","FIDELITY NATIONAL INFO SERV","31620M106","2769796",0.000446966603128454,"-",6103634,"USD"
"RJF","RAYMOND JAMES FINANCIAL INC","754730109","2718992",0.00044662643066782,"-",2078026,"USD"
"DXCM","DEXCOM INC","252131107","B0796X4",0.000446576405305962,"-",4603236,"USD"
"TSCO","TRACTOR SUPPLY COMPANY","892356106","2900335",0.000446336283569044,"-",6242026,"USD"
"LYV","LIVE NATION ENTERTAINMENT IN","538034109","B0T7YX2",0.000444395299528955,"-",1864623,"USD"
"OMC","OMNICOM GROUP","681919106","2279303",0.000434320191650763,"-",3749978,"USD"
"HUBB","HUBBELL INC","443510607","BDFG6S3",0.000434060059769102,"-",623358,"USD"
"CFG","CITIZENS FINANCIAL GROUP","174610105","BQRX1X3",0.000428357168517295,"-",5060572,"USD"
"CTRA","COTERRA ENERGY INC","127097103","2162340",0.00042524559100973,"-",8944885,"USD"
"AVB","AVALONBAY COMMUNITIES INC","053484101","2131179",0.000423844880877707,"-",1666941,"USD"
"STLD","STEEL DYNAMICS INC","858119100","2849472",0.000421163521482121,"-",1618012,"USD"
"MTD","METTLER TOLEDO INTERNATIONAL","592688105","2126249",0.000418031933829813,"-",240755,"USD"
"CHD","CHURCH + DWIGHT CO INC","171340102","2195841",0.000417211517895343,"-",2830271,"USD"
"PHM","PULTEGROUP INC","745867101","2708841",0.000411388565775077,"-",2297321,"USD"
"ON","ON SEMICONDUCTOR","682189105","2583576",0.000406746212194658,"-",4742761,"USD"
"CMS","CMS ENERGY CORP","125896100","2219224",0.000405035344819116,"-",3548562,"USD"
"DRI","DARDEN RESTAURANTS INC","237194105","2289874",0.000404385015114963,"-",1370871,"USD"
"SYF","SYNCHRONY FINANCIAL","87165B103","BP96PS6",0.000403704670193695,"-",4245179,"USD"
"Q","QNITY ELECTRONICS INC","74743L100","BW1P234",0.000394369937671,"-",2478371,"USD"
"CPAY","CORPAY INC","219948106","BMX5GK7",0.000394129815934082,"-",824499,"USD"
"PPG","PPG INDUSTRIES INC","693506107","2698470",0.000394069785499853,"-",2631656,"USD"
"VLTO","VERALTO CORP","92338C103","BPGMZQ5",0.000391988730446562,"-",2937686,"USD"
"DGX","QUEST DIAGNOSTICS INC","74834L100","2702791",0.000391518492045097,"-",1311083,"USD"
"EFX","EQUIFAX INC","294429105","2319146",0.000391318390597665,"-",1442706,"USD"
"LDOS","LEIDOS HOLDINGS INC","525327102","BDV82B8",0.000390197822492047,"-",1510146,"USD"
"RF","REGIONS FINANCIAL CORP","7591EP100","B01R311",0.000389017223952199,"-",10335266,"USD"
"NI","NISOURCE INC","65473P105","2645409",0.000388526975405991,"-",5597767,"USD"
"LH","LABCORP HOLDINGS INC","504922105","BSBK800",0.000382643992851496,"-",979047,"USD"
"WSM","WILLIAMS SONOMA INC","969904101","2967589",0.000380472892146861,"-",1427440,"USD"
"CF","CF INDUSTRIES HOLDINGS INC","125269100","B0G4K50",0.000371678433532232,"-",1838412,"USD"
"DLTR","DOLLAR TREE INC","256746108","2272476",0.000371238210347882,"-",2235690,"USD"
"FSLR","FIRST SOLAR INC","336433107","B1HMF22",0.000369387271959138,"-",1257760,"USD"
"GIS","GENERAL MILLS INC","370334104","2367026",0.000368746947327356,"-",6295785,"USD"
"EQR","EQUITY RESIDENTIAL","29476L107","2319157",0.00036650581111612,"-",4090648,"USD"
"STZ","CONSTELLATION BRANDS INC A","21036P108","2170473",0.000366375745175289,"-",1661628,"USD"
"STE","STERIS PLC","G8473T100","BFY8C75",0.000365205151707813,"-",1156918,"USD"
"BR","BROADRIDGE FINANCIAL SOLUTIO","11133T103","B1VP7R6",0.000363684380707331,"-",1379123,"USD"
"SW","SMURFIT WESTROCK PLC","G8267P108","BRK49M5",0.000362803934338631,"-",6145966,"USD"
"WRB","WR BERKLEY CORP","084423102","2093644",0.000362373716226653,"-",3548266,"USD"
"EL","ESTEE LAUDER COMPANIES CL A","518439104","2320524",0.000361633340871155,"-",2886051,"USD"
"CHRW","C.H. ROBINSON WORLDWIDE INC","12541W209","2116228",0.000356920951784135,"-",1397045,"USD"
"LUV","SOUTHWEST AIRLINES CO","844741108","2831543",0.000349867375762164,"-",6095554,"USD"
"LEN","LENNAR CORP W/D","526057104","2511920",0.000349827355472678,"-",2542907,"USD"
"ARES","ARES MANAGEMENT CORP   A","03990B101","BF14BT1",0.000347306077235037,"-",2420980,"USD"
"BRO","BROWN + BROWN INC","115236101","2692687",0.000346945894629659,"-",3449877,"USD"
"HUM","HUMANA INC","444859102","2445063",0.000344654733056565,"-",1416531,"USD"
"VRSN","VERISIGN INC","92343E102","2142922",0.000343714256253636,"-",983260,"USD"
"SBAC","SBA COMMUNICATIONS CORP","78410G104","BZ6TS23",0.000342533657713788,"-",1255821,"USD"
"NTAP","NETAPP INC","64110D104","2630643",0.000339502120785196,"-",2356119,"USD"
"TROW","T ROWE PRICE GROUP INC","74144T108","2702337",0.000338001359929457,"-",2586390,"USD"
"LYB","LYONDELLBASELL INDU CL A","N53745100","B3SPXZ3",0.000335360020823357,"-",3034983,"USD"
"ALB","ALBEMARLE CORP","012653101","2046853",0.000335119899086439,"-",1378914,"USD"
"DD","DUPONT DE NEMOURS INC","26614N102","BK0VN47",0.000334079371559793,"-",4956608,"USD"
"EXPD","EXPEDITORS INTL WASH INC","302130109","2325507",0.000334009336053192,"-",1579696,"USD"
"KHC","KRAFT HEINZ CO/THE","500754106","BYRY499",0.000332958803454175,"-",10030257,"USD"
"CHTR","CHARTER COMMUNICATIONS INC A","16119P108","BZ6VT82",0.000331658144045868,"-",1037284,"USD"
"PKG","PACKAGING CORP OF AMERICA","695156109","2504566",0.000331017819414087,"-",1046446,"USD"
"SNA","SNAP ON INC","833034101","2818740",0.000330967794052229,"-",611289,"USD"
"EVRG","EVERGY INC","30034W106","BFMXGR0",0.000330637626663966,"-",2721032,"USD"
"PTC","PTC INC","69370C100","B95N910",0.000330117362900643,"-",1410289,"USD"
"IP","INTERNATIONAL PAPER CO","460146103","2465254",0.00032789623683415,"-",6187079,"USD"
"AMCR","AMCOR PLC","G0250X149","BV7DQ55",0.000326095323807264,"-",5439055,"USD"
"CSGP","COSTAR GROUP INC","22160N109","2262864",0.000322493497753491,"-",5003096,"USD"
"L","LOEWS CORP","540424108","2523022",0.000322383441957404,"-",2000032,"USD"
"ZBH","ZIMMER BIOMET HOLDINGS INC","98956P102","2783815",0.000321492990516332,"-",2335736,"USD"
"LNT","ALLIANT ENERGY CORP","018802108","2973821",0.000319882173864506,"-",3006603,"USD"
"MRNA","MODERNA INC","60770K107","BGSXTS3",0.000319732097778932,"-",4028505,"USD"
"NVR","NVR INC","62944T105","2637785",0.00031972209270656,"-",33401,"USD"
"KEY","KEYCORP","493267108","2490911",0.000313248810882141,"-",10963453,"USD"
"IFF","INTL FLAVORS + FRAGRANCES","459506101","2464165",0.000311898126111976,"-",2996863,"USD"
"HPQ","HP INC","40434L105","BYX4D52",0.000311567958723714,"-",11059849,"USD"
"FTV","FORTIVE CORP","34959J108","BYT3MK1",0.000305134697188781,"-",3743547,"USD"
"TSN","TYSON FOODS INC CL A","902494103","2909730",0.000302673449385369,"-",3336079,"USD"
"PFG","PRINCIPAL FINANCIAL GROUP","74251V102","2803014",0.000301903058812757,"-",2356256,"USD"
"LULU","LULULEMON ATHLETICA INC","550021109","B23FN39",0.00029909163347634,"-",1271863,"USD"
"BG","BUNGE GLOBAL SA","H11356104","BQ6BPG9",0.000298411288555072,"-",1595304,"USD"
"GPN","GLOBAL PAYMENTS INC","37940X102","2712013",0.000291817945862193,"-",2790359,"USD"
"WST","WEST PHARMACEUTICAL SERVICES","955306105","2950482",0.00029129768209887,"-",847932,"USD"
"HOLX","HOLOGIC INC","436440101","2433530",0.000291217641519898,"-",2604705,"USD"
"WY","WEYERHAEUSER CO","962166104","2958936",0.000290547301671001,"-",8486522,"USD"
"PODD","INSULET CORP","45784P101","B1XGNW4",0.000289886966894476,"-",826028,"USD"
"BALL","BALL CORP","058498106","2073022",0.000289666855302301,"-",3158663,"USD"
"FFIV","F5 INC","315616102","2427599",0.000287635825610868,"-",684453,"USD"
"LVS","LAS VEGAS SANDS CORP","517834107","B02T2J7",0.000286155074899873,"-",3585942,"USD"
"ROL","ROLLINS INC","775711104","2747305",0.000284234101004527,"-",3439508,"USD"
"TXT","TEXTRON INC","883203101","2885937",0.000283713837241205,"-",2085305,"USD"
"HII","HUNTINGTON INGALLS INDUSTRIE","446413106","B40SSC9",0.000282893421306734,"-",459039,"USD"
"CNC","CENTENE CORP","15135B101","2807061",0.00028186289885246,"-",5484637,"USD"
"ESS","ESSEX PROPERTY TRUST INC","297178105","2316619",0.000281332630016766,"-",752827,"USD"
"VTRS","VIATRIS INC","92556V106","BMWS3X9",0.000279451676410907,"-",13622198,"USD"
"TRMB","TRIMBLE INC","896239100","2903958",0.000274349089501395,"-",2789431,"USD"
"KIM","KIMCO REALTY CORP","49446R109","2491594",0.000272147973579645,"-",7976807,"USD"
"SMCI","SUPER MICRO COMPUTER INC","86800U302","BRC3N73",0.000271077430835885,"-",5901321,"USD"
"J","JACOBS SOLUTIONS INC","46982L108","BNGC0D3",0.000269396578677458,"-",1399382,"USD"
"LII","LENNOX INTERNATIONAL INC","526107107","2442053",0.00026796585332832,"-",373748,"USD"
"INCY","INCYTE CORP","45337C102","2471950",0.000266865295367445,"-",1950607,"USD"
"APTV","APTIV PLC","G3265R107","BTDN8H1",0.000265284493932734,"-",2546802,"USD"
"JBHT","HUNT (JB) TRANSPRT SVCS INC","445658107","2445416",0.000265064382340559,"-",886520,"USD"
"AKAM","AKAMAI TECHNOLOGIES INC","00971T101","2507457",0.000263943814234941,"-",1683427,"USD"
"MAA","MID AMERICA APARTMENT COMM","59522J103","2589132",0.000262753210622722,"-",1383576,"USD"
"TYL","TYLER TECHNOLOGIES INC","902252105","2909644",0.000260492064266742,"-",507154,"USD"
"CDW","CDW CORP/DE","12514G108","BBM5MD6",0.000260271952674567,"-",1542862,"USD"
"GPC","GENUINE PARTS CO","372460105","2367480",0.000259111364279462,"-",1628841,"USD"
"DECK","DECKERS OUTDOOR CORP","243537107","2267278",0.000257130359949887,"-",1717812,"USD"
"MKC","MCCORMICK + CO NON VTG SHRS","579780206","2550161",0.000254288919396356,"-",2984260,"USD"
"PNR","PENTAIR PLC","G7S00T104","BLS09M3",0.000253208371580224,"-",1928740,"USD"
"COO","COOPER COS INC/THE","216648501","BQPDXR3",0.000250827164355785,"-",2359201,"USD"
"NDSN","NORDSON CORP","655663102","2641838",0.000249696591177795,"-",627450,"USD"
"INVH","INVITATION HOMES INC","46187W107","BD81GW9",0.000247555505690275,"-",6631871,"USD"
"IEX","IDEX CORP","45167R104","2456612",0.000246675059321575,"-",882098,"USD"
"TKO","TKO GROUP HOLDINGS INC","87256C101","BQBBFD1",0.000233758510889851,"-",781253,"USD"
"EG","EVEREST GROUP LTD","G3223R108","2556868",0.000233468363791075,"-",490272,"USD"
"AVY","AVERY DENNISON CORP","053611109","2066408",0.000231607420329959,"-",911037,"USD"
"CLX","CLOROX COMPANY","189054109","2204026",0.000230236725415051,"-",1424413,"USD"
"RL","RALPH LAUREN CORP","751212101","B4V9661",0.00022645480805859,"-",454599,"USD"
"MAS","MASCO CORP","574599106","2570200",0.000221962530563745,"-",2461442,"USD"
"REG","REGENCY CENTERS CORP","758849103","2726177",0.000221282185642477,"-",1944481,"USD"
"HAS","HASBRO INC","418056107","2414580",0.000220731906662039,"-",1561147,"USD"
"ALLE","ALLEGION PLC","G0176J109","BFRT3W7",0.000218961008852268,"-",1013709,"USD"
"DPZ","DOMINO S PIZZA INC","25754A201","B01SD70",0.000214898949469402,"-",366905,"USD"
"BBY","BEST BUY CO INC","086516101","2094670",0.00021431865527185,"-",2303005,"USD"
"PNW","PINNACLE WEST CAPITAL","723484101","2048804",0.000214248619765249,"-",1420169,"USD"
"FOXA","FOX CORP   CLASS A","35137L105","BJJMGL2",0.000211747351672351,"-",2466940,"USD"
"JKHY","JACK HENRY + ASSOCIATES INC","426281101","2469193",0.000210946945882624,"-",853076,"USD"
"APA","APA CORP","03743Q108","BNNF1C1",0.000208855885756961,"-",4180213,"USD"
"HST","HOST HOTELS + RESORTS INC","44107P104","2567503",0.000208685799526644,"-",7507096,"USD"
"GNRC","GENERAC HOLDINGS INC","368736104","B6197Q2",0.000207155023453791,"-",682759,"USD"
"GEN","GEN DIGITAL INC","668771108","BJN4XN5",0.000205724298104653,"-",6589793,"USD"
"TTD","TRADE DESK INC/THE  CLASS A","88339J105","BD8FDD1",0.00020463374521615,"-",5189707,"USD"
"DOC","HEALTHPEAK PROPERTIES INC","42250P103","BJBLRK3",0.000203643243051362,"-",8105756,"USD"
"IT","GARTNER INC","366651107","2372763",0.00020281282204452,"-",849544,"USD"
"SJM","JM SMUCKER CO/THE","832696405","2951452",0.000199691239464584,"-",1267275,"USD"
"ALGN","ALIGN TECHNOLOGY INC","016255101","2679204",0.000194978850377564,"-",785744,"USD"
"SWK","STANLEY BLACK + DECKER INC","854502101","B3Q2FJ4",0.000193718211258744,"-",1833092,"USD"
"UDR","UDR INC","902653104","2727910",0.000191487080119879,"-",3574126,"USD"
"GL","GLOBE LIFE INC","37959E102","BK6YKG1",0.00019142704968565,"-",927937,"USD"
"GDDY","GODADDY INC   CLASS A","380237107","BWFRFC6",0.000191196933021103,"-",1592780,"USD"
"AIZ","ASSURANT INC","04621X108","2331430",0.000190476567810348,"-",595122,"USD"
"CPT","CAMDEN PROPERTY TRUST","133131102","2166320",0.000187635127256817,"-",1240587,"USD"
"UHS","UNIVERSAL HEALTH SERVICES B","913903100","2923785",0.00018231242875513,"-",643823,"USD"
"ZBRA","ZEBRA TECHNOLOGIES CORP CL A","989207105","2989356",0.000181091809925796,"-",596992,"USD"
"AES","AES CORP","00130H105","2002479",0.00017898073965539,"-",8466667,"USD"
"IVZ","INVESCO LTD","G491BT108","B28XP76",0.000177129801266646,"-",5203024,"USD"
"MOS","MOSAIC CO/THE","61945C103","B3NPHP6",0.000174808624476437,"-",3749658,"USD"
"SOLV","SOLVENTUM CORP","83444M101","BMTQB43",0.000171576986100413,"-",1745528,"USD"
"BLDR","BUILDERS FIRSTSOURCE INC","12008R107","B0BV2M7",0.000169275819454947,"-",1314866,"USD"
"RVTY","REVVITY INC","714046109","2305844",0.000166684505710705,"-",1322840,"USD"
"BAX","BAXTER INTERNATIONAL INC","071813109","2085102",0.000162712491979184,"-",6077583,"USD"
"NWSA","NEWS CORP   CLASS A","65249B109","BBGVT40",0.000154718439154282,"-",4413919,"USD"
"NCLH","NORWEGIAN CRUISE LINE HOLDIN","G66721104","B9CGTC3",0.000151967044252095,"-",5253164,"USD"
"WYNN","WYNN RESORTS LTD","983134107","2963811",0.000145533782717162,"-",990942,"USD"
"FRT","FEDERAL REALTY INVS TRUST","313745101","BN7P9B2",0.000144623321131347,"-",923440,"USD"
"SWKS","SKYWORKS SOLUTIONS INC","83088M102","2961053",0.000141861921156788,"-",1728737,"USD"
"TECH","BIO TECHNE CORP","09073M104","BSHZ3Q0",0.000140511236386623,"-",1836441,"USD"
"ARE","ALEXANDRIA REAL ESTATE EQUIT","015271109","2009210",0.000136669288595932,"-",1829499,"USD"
"CAG","CONAGRA BRANDS INC","205887102","2215460",0.000136309105990555,"-",5670553,"USD"
"BXP","BXP INC","101121101","2019479",0.000135638766141658,"-",1730342,"USD"
"FOX","FOX CORP   CLASS B","35137L204","BJJMGY5",0.000134778329917702,"-",1727633,"USD"
"MOH","MOLINA HEALTHCARE INC","60855R100","2212706",0.000134358116878095,"-",605832,"USD"
"FDS","FACTSET RESEARCH SYSTEMS INC","303075105","2329770",0.000133607736450226,"-",441428,"USD"
"MGM","MGM RESORTS INTERNATIONAL","552953101","2547419",0.000132717285009154,"-",2459411,"USD"
"CRL","CHARLES RIVER LABORATORIES","159864107","2604336",0.000132577213995952,"-",584184,"USD"
"HSIC","HENRY SCHEIN INC","806407102","2416962",0.000131456645890333,"-",1179543,"USD"
"AOS","SMITH (A.O.) CORP","831865209","2816023",0.000131286559660016,"-",1326633,"USD"
"EPAM","EPAM SYSTEMS INC","29414B104","B44Z3T8",0.00013124653937053,"-",650060,"USD"
"BEN","FRANKLIN RESOURCES INC","354613101","2350684",0.000129825819093764,"-",3674009,"USD"
"TAP","MOLSON COORS BEVERAGE CO   B","60871R209","B067BM3",0.000127644713316757,"-",1965395,"USD"
"MTCH","MATCH GROUP INC","57667L107","BK80XH9",0.000126304033618964,"-",2822609,"USD"
"POOL","POOL CORP","73278L105","2781585",0.000116949290951527,"-",385406,"USD"
"HRL","HORMEL FOODS CORP","440452100","2437264",0.00011677920472121,"-",3460538,"USD"
"PAYC","PAYCOM SOFTWARE INC","70432V102","BL95MY0",0.000108484999725161,"-",576324,"USD"
"ERIE","ERIE INDEMNITY COMPANY CL A","29530P102","2311711",0.000107334416402428,"-",297080,"USD"
"LW","LAMB WESTON HOLDINGS INC","513272104","BDQZFJ3",9.74293947545527e-05,"-",1620239,"USD"
"DVA","DAVITA INC","23918K108","2898087",9.48380810103106e-05,"-",416824,"USD"
"CPB","THE CAMPBELL S COMPANY","134429109","2162845",7.50980732211617e-05,"-",2333221,"USD"
"BF-B","BROWN FORMAN CORP CLASS B","115637209","2146838",6.95752732720435e-05,"-",2028838,"USD"
"NWS","NEWS CORP   CLASS B","65249B208","BBGVT51",5.66387146955764e-05,"-",1429141,"USD"
"PSKY","PARAMOUNT SKYDANCE CL B","69932A204","BSNMNQ5",5.36071777669843e-05,"-",3679487,"USD"
